path	type	mode	size	sha256	link_target
[SYS]	dir	0o755			
bin	dir	0o755			
boot	dir	0o755			
build.prop	file	0o600	2232	f645f601d46d7b9448b7c4b9f1b69c357c19b2e28373b9b5465654fe973779f8	
etc	dir	0o755			
factory	dir	0o755			
lib	dir	0o755			
lost+found	dir	0o700			
media	dir	0o755			
usr	dir	0o755			
vendor	dir	0o755			
xbin	dir	0o755			
[SYS]/Journal	file	0o600	13107200	2ed0b91d6627438fb6663593847bf5be09152553462bbab150ec3aa01f74d2ea	
bin/6620_launcherA	file	0o755	28616	70c34b3eba52fc2b13b455e31f0e02d72937c58e02b66e34738ef0d9e28d0030	
bin/6620_launcherC	file	0o755	28616	ad6da7e40574725348d4c93947bb9545685c1b166ecef7d432ac0717bd85e42a	
bin/6620_wmt_concurrency	file	0o755	11320	c63b9091fa53154b407fb81366e55c4a860c9404add871492be385a90de7e4d9	
bin/6620_wmt_lpbk	file	0o755	11324	a231039b2841ffa4b6f6da2185c0d2ae56ba4760447df8a3cda271ade38219e6	
bin/EKc_Generator	file	0o755	11276	6bae6d6bae7a330857da0ccebe1ab5a0c53ed544b742da57b0e0b1f5e05a1694	
bin/alsactl	file	0o755	75380	33af731b80caf9730adb950deedbad14726da3f4bd42e644f3795955f6b31c08	
bin/alsaloop	file	0o755	54912	cf8eb385877ba44633d45c67b840d5b6c91207557236b8440cd2d95d2a990500	
bin/alsaucm	file	0o755	14120	880c2a05c8eb529c0c9bceb5bb42aa7ea046e39b6a7b9f6510a82f5d8c7b1631	
bin/amidi	file	0o755	18028	174d96a2d6303b95d0bcd9faf18d24542d85e8aaf5813ec484fdaf0ecb7b6711	
bin/amixer	file	0o755	38568	586ecfade0734d631f8226aa0679220714fc6571cb2fb72e697ca3cf40d443ab	
bin/apl_conn	file	0o755	15416	ca7154279198605a226f5a2e9a53175c05dd3550b6f8b93834a30917f6f34a93	
bin/aplay	file	0o755	59016	20b450a10bc58b68f90f1a9a1871eaf694747d3b81c2b6b6a6e3f3fa25e54f89	
bin/ash	file	0o755	104352	ca58e63179977665ef838cfaf1b26fd918276143e5434f06265b414226d11889	
bin/autokd	file	0o755	23604	49d3d66cd8784ddd0dc25475715083db73c6edd3dd856021d72e8ed0fa00bcb4	
bin/bash	file	0o755	798700	dd6b895193d9cc1821bba40f27e7d8c772c02cb886abcdb838428ef71d875979	
bin/bootswitcher.sh	file	0o755	1240	7675f7d234b0abadf2909f2e9a274d51fe1d02620d776c4ac6d2ce865ecac358	
bin/bt_drv	file	0o755	11208	73f36e76de50ef1e1ebf388156090bcca9e9b45b58db5fbb687c5c951e4e5276	
bin/btut	file	0o755	633192	41415fc158d4950ac55552994d2e58e25898f5067e73e8593bd06c371592920e	
bin/bugreport	file	0o755	5684	5ec3c86cda7e5eed04717bb6dee81020265700f66be4f44c68da0395c3a51731	
bin/buildinfo.sh	file	0o755	125	f03ff9f2e29794e3a04fda9aac188f7c0ec6f1cf29e0f6051313c4132ae2f83b	
bin/cat	link	0o777			toolbox
bin/check_prereq	file	0o755	9732	832a34e802b46732b494e85b042d1ead0d0d1f1fd67e65b75dd80655b407e88a	
bin/chmod	link	0o777			toolbox
bin/chown	link	0o777			toolbox
bin/cmd	dir	0o755			
bin/cmd_bridge	file	0o755	15304	e082aa1f5cfada877abc73b62c711cd10ff01dcf116d1cc9d534f95e969d38bd	
bin/cmp	link	0o777			toolbox
bin/config_emmc_contents_size.txt	file	0o755	440	2b8bcc3a513ba0dec6a0e7852db3ae857330b663b5bacb5967109c04163c83a6	
bin/cxd225x_fwupdater	file	0o755	7184	c9ab032fae6841fc363bce9d033c734992388e177bbab558167cd251265e5e41	
bin/dacdat	file	0o755	19508	cf1e7499101822d7861d4bd234ba7ca473c648a0b97b752d13a9a04bf101c933	
bin/date	link	0o777			toolbox
bin/dd	link	0o777			toolbox
bin/devmem	link	0o777			toolbox
bin/df	link	0o777			toolbox
bin/dfs.sh	file	0o755	9753	1a26191034f487aa922f7101430818debdc2e3ee8ef27d0cf6467d16496fb1ac	
bin/dmesg	link	0o777			toolbox
bin/dodiag.sh	file	0o755	216	3e11d278030e775cc3865fc4851818b4ffddce0b1bb2d2af7e9414989d01d4cd	
bin/dpfd	file	0o755	11268	53f9356ed2d14344f0e26ca61be591613432f7c754c665af91779be085f064d8	
bin/dumpstate	link	0o777			/home/sony/sony/artifacts/rootfs_mnt/chrome/dumpstate
bin/egrep	link	0o777			grep
bin/epprom_nv	file	0o755	15952	170999dc29e25e102d2e0c504db3f468f098861fa131232430354bdbd8d713ce	
bin/epprom_nv2	file	0o755	13432	3eeab80cc8cbd6cb1880f8c4c67c4b1394c5ea0adec191b0f7c7f9375e6a0bcf	
bin/epprom_nv2_6630	file	0o755	11276	a7c2a2edab802ba094391badc22dc0d053732b21a9cd5b20bd171b3b7f7ddc4b	
bin/exfatfsck	file	0o755	45872	8c6b87dbcc649079ac86f0201cdfbeecf742be8ff6a76738df7a4efcbd933008	
bin/exfatfuse	file	0o755	104504	9fad6bf7c62c791f3ec021ca967623a75cd141479b192a67ed160e8b3e02f194	
bin/exfatidentify	file	0o755	11896	1d70828f4f03414ca816c332857ecf67e789a3916b940607ae48977db659774e	
bin/exists	link	0o777			toolbox
bin/ffu	file	0o755	7216	bcc3dedf271e9c1a34f2d2147b90c54c78977400c4481e7ba2f17940edefa60b	
bin/flash_bootloader	file	0o755	5584	fb38fae5d1e65888976600df5a971152e227f4fd6697fc3a9812b414d43b6615	
bin/flash_image	file	0o755	13880	18b7621c2b5f79ffe4e46363f0b022f646b62bd879ce6db74171976bd3e83f9d	
bin/format_contents	file	0o755	2641	59c017d5d411701d430fc8151dec84cf5f0f4ad5fa3ca4621cde96db6a302738	
bin/format_contents_after_install	file	0o755	192	bb640ba03fdcebe2eb51fc4616ee77255393cc050715659507fd60c8c0bd3ac0	
bin/format_partition	file	0o755	5693	d1ce2bb9ad742655227e60f508e22589b4538d4511c3aa0b624b84d41d64ba37	
bin/fsck_msdos	file	0o755	31800	6f5aeae8cc7af219d0afa02deb2965585695982d25107f45b4cb03537aebbe2c	
bin/fusermount	file	0o755	102236	dc6d771257eeea336f2ed9d83682dc8f33e887dafc8a4f59d5f96f4dc3053cb6	
bin/fwfb	file	0o755	11284	1f2ab755b8e0ee37e66d5133e0a9e31821b80950b79338e8794bc172273f6696	
bin/fwpchk	file	0o755	31812	5941c98b8699ae59629157d75234d2995b1b6912581ca7e4ef4d43644a0da8b8	
bin/fwpup	file	0o755	35908	f3b8572534725e40e8cff3513cf27128b85d21465cdf5e7f3aab468a03666359	
bin/getevent	link	0o777			toolbox
bin/getprop	link	0o777			toolbox
bin/grep	file	0o755	18656	f6d04061d5ed48e31ff594743e336f49ce8748c2da0def2b492e4531e8282fcd	
bin/gzip	file	0o755	9780	d69677b9a15f94c35245eee94a40474de45863a096fd3d297b119c28b76456e8	
bin/hci_cmd	file	0o755	11212	6d7e51a1f0422ac227e98afc8267f7368873fca8439b1c68760e5a98e34fe848	
bin/hd	link	0o777			toolbox
bin/icx_console	file	0o755	208	760f2271ffdbf4373f4128a52cc1ac0a2db97ff803965145c797521382989f49	
bin/icx_discard	file	0o755	7176	e38d78efae36ef3bf1fc6530f16645ae39ad21fc9e9572004cc73a88bc96ed7a	
bin/id	link	0o777			toolbox
bin/iecset	file	0o755	13928	a5eadca2082c185ae057568a987dc0225cc1ced02a50d71f209f0d67347ab2a9	
bin/ifconfig	file	0o755	231176	0c478c08c12e331481336e33e504f40103fe6acf64658df1513d06adea10462d	
bin/iftop	link	0o777			toolbox
bin/insmod	link	0o777			toolbox
bin/ioctl	link	0o777			toolbox
bin/ionice	link	0o777			toolbox
bin/iptables	file	0o755	216752	05c4e2b500961f7770bf1f4af2c924745c5893b9d90908c96df01820914f2f46	
bin/kill	link	0o777			toolbox
bin/killservice	file	0o755	412	b0c397effbe2726cc5e9b38bbf2e77055494f562349e16441b5d06e532106f05	
bin/kisd	file	0o755	28112	1efb62c71ae1131a592f3941f124231a127b0ef421ae8f104e52740b8dcecf68	
bin/lcdmsg	file	0o755	56324	02e292c4f5df65464dc404af6976e8792aad9f1e7b3114614daa4eea849befc8	
bin/libformat_test	file	0o755	11276	f66c7fc99ef540862d4b5e6e8dbaeee4a979851008bee3512183fef6a8a5d664	
bin/liblyric_test	file	0o755	23564	ed4dae3a198be6cc026c946ff93ddfb7e19e436982a2141c99d112654cd5ed6e	
bin/linear_contents	file	0o755	286	750534b4a0628d1668f89dee56f04154a1d678f80c28ac8659a48f289e463994	
bin/link_timezone.sh	file	0o755	416	b6271559b915de1beb2ba04ae20f0ca81562ddd87fbcd0346969c9b2212b4e17	
bin/ln	link	0o777			toolbox
bin/load_sony_driver	file	0o755	3352	9c2218452862cea995d4ea940bc685cc3fc10b0375a7f89a835b3a499cfd446f	
bin/load_sony_driver_early	file	0o755	198	72dab7da4fa5dc1796875de6af14a091caa58423459b2600954939f1451c72e2	
bin/log	link	0o777			toolbox
bin/logcat	file	0o755	13884	9c286b05eb51df1729ecdbeadc94d2dd8a4e13e909954664bcfeb879836c1b04	
bin/logwrapper	file	0o755	9804	171e4b4b113b6beb4900342545249f9a539f5191c0952b6f7f740374e62da9c3	
bin/ls	link	0o777			toolbox
bin/lsmod	link	0o777			toolbox
bin/lsof	link	0o777			toolbox
bin/make_ext4fs	file	0o755	9784	30f546c2cbb8926a123114efe7b16ffb5f62af89ed7004a551359b6496f5a56e	
bin/memtester	file	0o755	19600	9efc20085bd608f37c062a0e504c2b343a12584bf29408d6dc265e1e4affc798	
bin/metrics_client	file	0o755	9728	0545bfa4806f99d64056cb77c4ff26448d2ef525c32dcc24046b30c221ba9677	
bin/mkdir	link	0o777			toolbox
bin/mkexfatfs	file	0o755	44088	7c7ed8aff3b947568ea7fe20896385bf5b517e16b78ab27146c6b55a1679529d	
bin/mkmdlinear	file	0o755	7224	47fe681bdda9af7d2444a7f4c1b723074747d15020290030ccf27be6271e6408	
bin/mknod	link	0o777			toolbox
bin/mount	link	0o777			toolbox
bin/mount.exfat	file	0o755	6239	385a7092cb4fc668b2f96401219394d8a73880b7a31fb5eb7febf4af96912e15	
bin/mount_partition	file	0o755	11276	8abf658f506cd27816f193e0f124ddbebe93487d0eee5777af553222575cd310	
bin/mt_at24_test	file	0o755	20260	da87bf340fe7574661789ecbaa530c66602830cbeb4424902b2631a55f7ded00	
bin/mtkbt	file	0o755	1306840	58427e0a530bf272febac37f11d8f0e013625e3f7b7bf8ef8429fbee2a9ab0f8	
bin/mv	link	0o777			toolbox
bin/nandread	link	0o777			toolbox
bin/netstat	link	0o777			toolbox
bin/newfs_msdos	link	0o777			toolbox
bin/notify	link	0o777			toolbox
bin/nvp	file	0o755	15408	2dbebcaa68fa10e63d99311af914f4bfd39cfa19662c09c46c0b743a9c2f7208	
bin/nvpflag	file	0o755	15364	1adb53c9beaa0336c2a9331a74dc5e2e4ec9c1efa7f0c56d6cee2640ddb2d3ab	
bin/nvpinfo	file	0o755	11316	330b414ba0c5ae6d188096d223c9e4ee42326052076953583e897f95f1e40bc3	
bin/nvpnode	file	0o755	7172	1c722438eb42228a997449128c96ba9031b928a35c6ebc9d93959df1afb75fbc	
bin/nvpstr	file	0o755	11372	00257a00b18b61921a10cf5961736195dfea870f07a290a698eb3ae7f8d23a22	
bin/nvptest	file	0o755	11316	51ffd90882b9d82ff092e326a6d7d4c27bb1055d64d923fa0f374c9d60c3db5d	
bin/nvram_daemon	file	0o755	15592	3bf2de7f46a5e934037a7abdbba34442fe2eb53ed6751d6e01044753535428b0	
bin/nvram_rw	file	0o755	11320	1a4964bcd3360545cae46b319e05209ba83c016e9407287f1f64dd3d8deea674	
bin/perf	file	0o755	1578452	41285f20220588c68deaf911444a04e54eff9c6214b8fec6b2a2e816bd7780d1	
bin/printenv	link	0o777			toolbox
bin/ps	link	0o777			toolbox
bin/reboot	link	0o777			toolbox
bin/renice	link	0o777			toolbox
bin/rm	link	0o777			toolbox
bin/rmdir	link	0o777			toolbox
bin/rmmod	link	0o777			toolbox
bin/route	link	0o777			toolbox
bin/schedtop	link	0o777			toolbox
bin/sendevent	link	0o777			toolbox
bin/service	file	0o755	13880	7ec130c9d012feed56bb9a5ed9c90b03f65669d12593d9d6e0f75f5a28c97c3c	
bin/set_iserial.sh	file	0o755	116	40c61821117c1184f26d08c89cf661c3664f4e053b335480de3a18e718121056	
bin/setconsole	link	0o777			toolbox
bin/setprop	link	0o777			toolbox
bin/sh	link	0o777			ash
bin/simg2img	file	0o755	46832	e146a1ea4229293337c4210e785dc1d52273e622a0e3424e70f09a38c584f78e	
bin/sleep	link	0o777			toolbox
bin/smd	link	0o777			toolbox
bin/speaker-test	file	0o755	33380	c198326655cba39336ba50a6a712145802fce04ddb24cd07278cc4d846c355d3	
bin/start	link	0o777			toolbox
bin/stop	link	0o777			toolbox
bin/sudo	link	0o777			toolbox
bin/sync	link	0o777			toolbox
bin/tee	file	0o755	20348	1002e7a786e845e0893f58cf1e9fc638c5129cd64932e2e41341334e640b40ff	
bin/test_libnfc	file	0o755	15528	cbf14e3205327fab56e9215c065891bb00d0ce37dba6ba323125abd133f773ce	
bin/test_nfc_sequencer	file	0o755	15424	b2544076997dd80088f6e9a46808b9f56fa0a464f871c8c9c6ab37e071acfb37	
bin/toolbox	file	0o755	125556	1700959a8c302d353d3ac20846ed60f8fc9a0326d108598b31d980dfafe02fe4	
bin/top	link	0o777			toolbox
bin/touch	link	0o777			toolbox
bin/toybox	file	0o755	231176	b23052a9b9a568b87c7c218e6a2b65f783b95ef8b354ed1a05e53e633f326692	
bin/umount	link	0o777			toolbox
bin/umount.exfat	file	0o755	29	0ca3324541c20343389d29f85588a0a8f7684cb750ee4b364ebf1642ec1f4f04	
bin/update_fu_image.sh	file	0o755	349	b70ae4e4e46d0ee8a18ead76b355cc4d0fa2a87d4c6b39b96aa0b1637019cad7	
bin/uptime	link	0o777			toolbox
bin/vmstat	link	0o777			toolbox
bin/vvt	file	0o755	1751636	be12de7fa71f0fad88d737f6a20fc6b4b8af4e6056b368cc552f61bbaf8d5415	
bin/watchprops	link	0o777			toolbox
bin/wdt_ctrl	file	0o755	7176	2ba67a512c6c93c3d367f73eb3225a109b02df152d03e26e0f1107e5ba95fe5f	
bin/wfbt_wr	file	0o755	29284	62be357ac28cf867b42510fb73435d9c56ff0bf428c75f9eb22625cc2037b2d9	
bin/wipe	link	0o777			toolbox
bin/wmt_loader	file	0o755	15424	d29c62e366c84f55717d285d599daf480ee3ac2dcd89c85284c07af30979c16d	
bin/zegrep	link	0o777			grep
bin/zgrep	link	0o777			grep
bin/zlibtool	file	0o755	11272	afad103eab6eab4576d2f4fa589e96fc2e0b326978782a71cf12f599600c15d5	
bin/cmd/AFH.cmd	file	0o755	55	f5ff413e3c6bf848af9c03c7bf06aa75b6cc8ad120468f8f379ca3511be109bf	
bin/cmd/BLE_RESET.cmd	file	0o755	13	36f0928abfce57190c7ccb46d8eb1a3f5d631efb85c9697f75fd0342e5238d15	
bin/cmd/BLE_STOP.cmd	file	0o755	13	ee5e453431f24bcc085e1805b06ec3adbe91831a463208cc54137e9963de1ad2	
bin/cmd/BT_RESET.cmd	file	0o755	12	19d69faae16af0d565303d2442e31cdfb1b05d9dabc7632c68845bd6be4e916c	
bin/cmd/CHIP_RESET.cmd	file	0o755	27	5c05e96803d4517d2832327055a32bde36973c633b070fbebf9ea2ce761bd469	
bin/cmd/Inquiry.cmd	file	0o755	27	a2e9657c12e74dfc3a1e574641f62bfec93972d5a853424789652033a99b8e26	
bin/cmd/MAC_ADDR.cmd	file	0o755	12	a90eb56a0ea87534b43c1c1874d5cd12c8ba89ae583578310c7d9b5d24713ca8	
bin/cmd/RXStart_CH0_2DH1.cmd	file	0o755	64	5f561f79a4ec9ace99f1537c7c37ce9446a13a2d5bf48b4091d74c43cf9b16ac	
bin/cmd/RXStart_CH0_2DH3.cmd	file	0o755	64	458a1ad9eb4a2dd78c2e5884e4bfb42ca4407fc884c006798a8b282c1d18e960	
bin/cmd/RXStart_CH0_2DH5.cmd	file	0o755	64	af19179a278300e0ad5f159c3b449a96da6d4b7847bf32cb1484fd3e2a350fba	
bin/cmd/RXStart_CH0_3DH1.cmd	file	0o755	64	894ce7f6a8551fa823b27bf7f23f13ba5938d7c19c1109c641e0bbbb3269c7ce	
bin/cmd/RXStart_CH0_3DH3.cmd	file	0o755	64	93e30f4f45ef3758d3ff48326765ccf69dad54d8d23248d070c8bd27a29a904c	
bin/cmd/RXStart_CH0_3DH5.cmd	file	0o755	64	2ecf38a4a56e4ccb82638ae666c6221240a088e8252ed49837e473ac1a660e6d	
bin/cmd/RXStart_CH0_DH1.cmd	file	0o755	62	97f086da61200452af054379f9a06ab1fe8c444ca74be1fff8665eb674b78152	
bin/cmd/RXStart_CH0_DH3.cmd	file	0o755	62	c10df87168537a1bd2cb9fb88978070ad74bd05513161db39f9e2258efb31c81	
bin/cmd/RXStart_CH0_DH5.cmd	file	0o755	62	f4ccd8b8cf22a55f1147afe7e86035d33fcc4e809438694cab3d828f816dd16d	
bin/cmd/RXStart_CH0_DM1.cmd	file	0o755	62	1a1bd6ac0cbb20f33567786df7685f9bdd24b2aaa0193fe86b6a52ffbf6e7412	
bin/cmd/RXStart_CH0_DM3.cmd	file	0o755	62	721642882a571641d5136fe89fe5662ca1179865424b4970a7be978925be82fb	
bin/cmd/RXStart_CH0_DM5.cmd	file	0o755	62	bd3629fc9d99fa1eec23627bf6ee9bd34c7b9e430f95f2cbdb3caf2169be9dc0	
bin/cmd/RXStart_CH39_2DH1.cmd	file	0o755	65	1f84ed23f76df81a6c6d42a35eb286de3444669dab2ebd26c255aa9d27bda2e6	
bin/cmd/RXStart_CH39_2DH3.cmd	file	0o755	66	16b9ad7a57dd41e0a5b285d4c797406192606ba5ce68b6d928433815abd25dcc	
bin/cmd/RXStart_CH39_2DH5.cmd	file	0o755	65	beb818cb3b5dcb3759cf8715639e2763a17bd4cedd31b604c3d208a7f0cf8335	
bin/cmd/RXStart_CH39_3DH1.cmd	file	0o755	65	59b800e9f06c696384b7d606102ca846c263bb7e8ad6d75654e0ed7632773f63	
bin/cmd/RXStart_CH39_3DH3.cmd	file	0o755	64	53e98457b88c13f20e901fdbbd3bf0dbeb0db29a7554dcca56e67d98ab49d5ab	
bin/cmd/RXStart_CH39_3DH5.cmd	file	0o755	64	881b1b867629aa1bbe7dd02f92ab1430e40dc636f5ac607ce7cd23265f497af4	
bin/cmd/RXStart_CH39_DH1.cmd	file	0o755	66	9a3745a7cbb7a79d7ed3e4e27d815e7e17718c32b26f295d5a30fd2789fed7f1	
bin/cmd/RXStart_CH39_DH3.cmd	file	0o755	63	8520a3de8c4d1874cd8807fbcdaed6fced344d1373731cce8b9ee5936ef307c0	
bin/cmd/RXStart_CH39_DH5.cmd	file	0o755	63	e9fb9594879d98562f6b7b5bb59f3c2401d28d17550cde1367e1ae5be248fc81	
bin/cmd/RXStart_CH39_DM1.cmd	file	0o755	66	d68724647356487c1fdca05127c08802ddd4304bf293f6663bf136e25a015748	
bin/cmd/RXStart_CH39_DM3.cmd	file	0o755	66	4e790d04fc810d71e937d0a2cf65cca7701ab87fdc7042f3e708318074acdaf2	
bin/cmd/RXStart_CH39_DM5.cmd	file	0o755	66	32d792421755f09a52345ad4127afb1458e0ac4a1f8514e34538f8b4957515a9	
bin/cmd/RXStart_CH78_2DH1.cmd	file	0o755	65	0670e1e70ee630defe83aee263c0a27cfc37f18d714a92de7f772359205c0378	
bin/cmd/RXStart_CH78_2DH3.cmd	file	0o755	66	4ee7b6d38eda240ae8521c5fd7104b9368820a995bc618f3e7871dc2155c2959	
bin/cmd/RXStart_CH78_2DH5.cmd	file	0o755	65	179dd946cc49c3677a10e046d7239b931b7b53299d5e81e76c5daff14f7f9034	
bin/cmd/RXStart_CH78_3DH1.cmd	file	0o755	65	d3ddd6677b6f83f0541402e0659db57088abb0694bebceb33e68e359722b1ae7	
bin/cmd/RXStart_CH78_3DH3.cmd	file	0o755	64	5cb5d9c5565868543b8ea4a7adc70c0b7a716ed3b832d26b79606946ed5e385a	
bin/cmd/RXStart_CH78_3DH5.cmd	file	0o755	64	87b9a63e4b3ae954b500b4a34af175da7b92c91f99704aabe6c97cbe167c9510	
bin/cmd/RXStart_CH78_DH1.cmd	file	0o755	66	b988451b44236f3bdf90e2d9ba5c79dafc8019a7c67aa5edc3ae798017edd6e0	
bin/cmd/RXStart_CH78_DH3.cmd	file	0o755	63	d80950fb159349b03bde0d2075278989b23ae62099f9e52e7c71ca6e21e00dbe	
bin/cmd/RXStart_CH78_DH5.cmd	file	0o755	63	bbe92d51ddbc25250bdf674c6ec17ef9330d5bef374665edd89ab025126e365b	
bin/cmd/RXStart_CH78_DM1.cmd	file	0o755	66	fe8d6d08d0d81eadd551d897cd9c91281e1f1459e6bf1430a841630ab045af23	
bin/cmd/RXStart_CH78_DM3.cmd	file	0o755	66	2a5c35667b882a009d9fbcfbcfc607f6f9c0baaf2973abced36e8f803625dd45	
bin/cmd/RXStart_CH78_DM5.cmd	file	0o755	66	1439fb1e859a0652d5d1ae84ff9be7dfcf2d03023fce55d6ed7ea724e1604b6c	
bin/cmd/RXStop_CH0_2DH1.cmd	file	0o755	69	8c951420d8a7db2509f83a7efb724e86db2b6197c0103d85c42888445e67edfb	
bin/cmd/RXStop_CH0_2DH3.cmd	file	0o755	69	e30a0f0ab66b314a3ff42ac21469b69aec5c33654572b390d13ed43746aa3d9e	
bin/cmd/RXStop_CH0_2DH5.cmd	file	0o755	69	89af2135705e65457e16f41e69f53d0cfcf2c2023ef1e8f0cc7cbbc35fccb7ea	
bin/cmd/RXStop_CH0_3DH1.cmd	file	0o755	69	0e4937694c4efdb984cf7a072a96dcea0f1a4cf0eb9716dfe500554a2292b02a	
bin/cmd/RXStop_CH0_3DH3.cmd	file	0o755	69	3b376361dcd21285384b0885f663948c4348d13f64988554e5b3fc95dcb0ad48	
bin/cmd/RXStop_CH0_3DH5.cmd	file	0o755	69	8f1fd3c66747e88ee8c27d6da0d11ad20f129c48008890ebe5c6567fbe94c849	
bin/cmd/RXStop_CH0_DH1.cmd	file	0o755	69	5c1d4a570b018350caa48172f7d195bdbd8c1eba1d8105de5c28b7df6071b620	
bin/cmd/RXStop_CH0_DH3.cmd	file	0o755	69	1a7e71028bb3350ea87bfbbc651acb1ae7e8b7891a8fae4143a064323b48c1d8	
bin/cmd/RXStop_CH0_DH5.cmd	file	0o755	69	383833719d5bd803afeb5da1ebb20804f85e536c1a1694e5824844f20e9b8d29	
bin/cmd/RXStop_CH0_DM1.cmd	file	0o755	69	22aea47865e1a78d8d1852332baee84eeed6d3468e627f24266daea9e8d27a82	
bin/cmd/RXStop_CH0_DM3.cmd	file	0o755	69	5db2d9168148058f1c84f2846990eb4e4dd5154c8f69eeeff9a5fe7bcd85f2c4	
bin/cmd/RXStop_CH0_DM5.cmd	file	0o755	69	4c8610e1341293e987e49bc21d54374896493c5cd426d31bb2692d6b151dc2da	
bin/cmd/RXStop_CH39_2DH1.cmd	file	0o755	69	5d85863e625cf8b4cad06c9215b52f11bcd53e2ad6e03edd897639570de0f449	
bin/cmd/RXStop_CH39_2DH3.cmd	file	0o755	69	1c0ceefcc8be663f7e3f0682074cfdf35f9d25b344b117e46e8b6b9a09e6ede3	
bin/cmd/RXStop_CH39_2DH5.cmd	file	0o755	69	3d3809bf0ef19e3d3f393566fa2f6d0154fb981d0a3d98a1aaf31ace392be561	
bin/cmd/RXStop_CH39_3DH1.cmd	file	0o755	69	58dd285903d987dd8b87f11b6af5b81d728ccddfcab190344b8e110b8f1ee436	
bin/cmd/RXStop_CH39_3DH3.cmd	file	0o755	69	8ff23b6f3ed3b60a6c0234b3d9b94ecfc5004d4d0af89f7011dba8d21e09144e	
bin/cmd/RXStop_CH39_3DH5.cmd	file	0o755	69	934c0fe03e69589b140a58859615c887054133fa9f0218da85aece0ee52de597	
bin/cmd/RXStop_CH39_DH1.cmd	file	0o755	70	57ca19fbad4106af67ba8e747a5c9617de9115bb7af015f0778a4f79cc140147	
bin/cmd/RXStop_CH39_DH3.cmd	file	0o755	69	4a58cf657d0b2e52f84619f26b488ee5cdca55e71f17b47aab2f32aaa5bdb1ad	
bin/cmd/RXStop_CH39_DH5.cmd	file	0o755	69	708a6c4915e21583eb3061f78066e6c864b7d411f7a3e9cf79574044c2f02be8	
bin/cmd/RXStop_CH39_DM1.cmd	file	0o755	70	42e35bcd328408214be113155c1a4af042ef967445dedf374261c73f483a62e3	
bin/cmd/RXStop_CH39_DM3.cmd	file	0o755	70	102844bc22f03fab2e4424d57d9bc4f19fe575ebf92251ca85a48cefc70132cd	
bin/cmd/RXStop_CH39_DM5.cmd	file	0o755	70	5cddb4f9ca9b60af00d6cd2607981ce95519b85ef982954716e2d20e0529e863	
bin/cmd/RXStop_CH78_2DH1.cmd	file	0o755	69	a8171f56be630bca580fd3de2201273fab3b44889beda1397e51f75b866a9774	
bin/cmd/RXStop_CH78_2DH3.cmd	file	0o755	69	a8391a5937cabeecabd667dcce797c6ca4919fc8e0ec576251ae5706795ec60c	
bin/cmd/RXStop_CH78_2DH5.cmd	file	0o755	69	d0cd96357be7c0dc40405fe97cb92991548b0fd3cfc1b0585cd429dec2992da1	
bin/cmd/RXStop_CH78_3DH1.cmd	file	0o755	69	8cf77fef460964365941713b62e1fb0e84f3248ca486adbf9d3f2ed972232073	
bin/cmd/RXStop_CH78_3DH3.cmd	file	0o755	69	bf7e2a3696b1a97010fd14e9b40cb24771ed2f366768b7bfa832acbca3c71e83	
bin/cmd/RXStop_CH78_3DH5.cmd	file	0o755	69	06891f07a298f72c5beb34ff39a4ca5e223f25eb6d08608c4396dfb7151255ce	
bin/cmd/RXStop_CH78_DH1.cmd	file	0o755	70	05480430d084aec2ac234793d10e3e153e34ebb54a559ecee633b7901c46eb22	
bin/cmd/RXStop_CH78_DH3.cmd	file	0o755	69	4af5612691d0a4cd5c5c0fe98050e9f9af0de31dbf2807a221c8389df17de14c	
bin/cmd/RXStop_CH78_DH5.cmd	file	0o755	69	f034da976297785db59e24b49de148e89f954c839dcfa9107beef5c05c4b6f74	
bin/cmd/RXStop_CH78_DM1.cmd	file	0o755	70	2418db7312f5654575be615f9e1ae6d81e7810f3df775a6a5b11f7cc64cf6c74	
bin/cmd/RXStop_CH78_DM3.cmd	file	0o755	70	2bf997284a95e91bfaf83c3ecbe1065d8f0fd578f92961afd94d5d6b7942abd7	
bin/cmd/RXStop_CH78_DM5.cmd	file	0o755	70	e6281c563fa3494b96737005dc56fb83afe423e6780adb5d3624114e785afdac	
bin/cmd/RX_BLE_CH0.cmd	file	0o755	16	1354cf3fd33e6d2d3befaa4e43804304351aede4e1fa48fd36304c7a29d40e4d	
bin/cmd/RX_BLE_CH19.cmd	file	0o755	16	5f3833cc88444893a2696c344b874bd33825d719f8ed7cb2ffbd521392e8fd05	
bin/cmd/RX_BLE_CH39.cmd	file	0o755	16	31c9ea361d86fc99e43230c107edcd3882b4848445ffa1f41e844650185b6edf	
bin/cmd/TX_BLE_CH0.cmd	file	0o755	22	c90c442a41cf8b3882a92abf2e180402cd555e67b7b3ba6f8ef5fcfe7b67a909	
bin/cmd/TX_BLE_CH19.cmd	file	0o755	22	9168c1458d702cc9b820b3e6aa2b51708671b7d6d25331d698322aa657cd5580	
bin/cmd/TX_BLE_CH39.cmd	file	0o755	22	3f322cb954ddb72bd11403c5e07223c182afc856b9b8c1a1d692b51f2e755263	
bin/cmd/TX_CH0_2DH1.cmd	file	0o755	72	a851ff67c03dc00cd376ca0185039786a030a5e2b41eefd9ec084b1e213f8885	
bin/cmd/TX_CH0_2DH3.cmd	file	0o755	72	bb51836d34bd30acdbfa2de1e7f9195016fdc422abc8ffef74d95d2cc47c4f0b	
bin/cmd/TX_CH0_2DH5.cmd	file	0o755	72	e275597d6a8e56106f868a1904fd8fa2466a9eae8f9bf155fc17dc6d553cd87b	
bin/cmd/TX_CH0_3DH1.cmd	file	0o755	72	254f06517e9f6dc9db504e504af6677a2e37db2ef06bc5412a113648b4f1eb42	
bin/cmd/TX_CH0_3DH3.cmd	file	0o755	72	50fe9548fab10579a6d555fe9916a30e2e8f5e8793ae032c65a6fd827e52973a	
bin/cmd/TX_CH0_3DH5.cmd	file	0o755	72	40dfa9def1a591fe9b61106f7e057e51aa07fc629af193066264c5f5d08cb1e3	
bin/cmd/TX_CH0_CW.cmd	file	0o755	76	0e60811866911a812365cc410b458d22581321b906ccc0758042ea9efc9bca18	
bin/cmd/TX_CH0_DH1.cmd	file	0o755	72	6b0a8fda4dc46a6f5225672dac6b5fe0fec9a46572e1c513fab0886a14071a03	
bin/cmd/TX_CH0_DH3.cmd	file	0o755	72	38833b385cf1efbfaa3484d945bf289d2309734b8f71495e67f5334b4fc44e76	
bin/cmd/TX_CH0_DH5.cmd	file	0o755	72	3f3b08f33b75e711c9a48ff5cb1111d4604d0832741622c40fe39ebf4b43e551	
bin/cmd/TX_CH0_DM1.cmd	file	0o755	72	9148429258351ee65f50dbedab9ac4088470142e1291850c395b7872656ee0d5	
bin/cmd/TX_CH0_DM3.cmd	file	0o755	72	ee21de0065e55a9cc727dd1fc3f9267426d230626fd8bc85a6d650284c2ac012	
bin/cmd/TX_CH0_DM5.cmd	file	0o755	72	f9938bef1fff6cb6327f1b27dfdbaea561c0921266008bc64ad0d0cc7aa251d4	
bin/cmd/TX_CH38_CW.cmd	file	0o755	28	63ff180d2e1405690030d9ede18b3b6f79834704fdf8c20d4123b3474698d75e	
bin/cmd/TX_CH39_2DH1.cmd	file	0o755	72	a34a1fc5bedb03f0cea0a778960fae3da651715aff49e3daaa80b46f0743c30c	
bin/cmd/TX_CH39_2DH3.cmd	file	0o755	72	b06baff2e881101500699720b06dd3a1d7519dddefc166775fbc45ad18541ea2	
bin/cmd/TX_CH39_2DH5.cmd	file	0o755	72	6c00dd4a425d37bdcf1347c49f9f1af801ec52a6eba17a6b6dde743361599951	
bin/cmd/TX_CH39_3DH1.cmd	file	0o755	72	8a6ebb8319fdc6d712ef522bafe56a79be73b65b56e820f8e97e720ef8fb7cf4	
bin/cmd/TX_CH39_3DH3.cmd	file	0o755	72	a586b28d124ffb5a072c90818f7c7e03dea914cc9a33d3a40bbe3f437f7aae2e	
bin/cmd/TX_CH39_3DH5.cmd	file	0o755	72	146be113c8f944ac123bdac36c1147aad260a73457e37e9852ad631b5d2e03b3	
bin/cmd/TX_CH39_CW.cmd	file	0o755	28	b79ad0ce76010ad625e8d1ad0a3372eafa98faccd4f38a37930412ffc6558603	
bin/cmd/TX_CH39_DH1.cmd	file	0o755	72	93f9004d3f63fef6bab72102e54680c4776d72fdc1ee5385d897bb57eee98913	
bin/cmd/TX_CH39_DH3.cmd	file	0o755	72	6820436e1fd20f218b8d949d8faee4a1b13c5bafcb2cfd258252158d36cc25bc	
bin/cmd/TX_CH39_DH5.cmd	file	0o755	72	a32670dad7fb813765511ab12e7497278e129528217771e794ad88179d7125cf	
bin/cmd/TX_CH39_DM1.cmd	file	0o755	72	9c7f19cc686403bea6ca0a6411b9a7442abd978fcccccd26f5b7ef88bafad256	
bin/cmd/TX_CH39_DM3.cmd	file	0o755	72	e013ea67e6fcfd3bc7702c9ec13b6302ec46690d6656fee626c36707a6af14c8	
bin/cmd/TX_CH39_DM5.cmd	file	0o755	72	c6413c5dbb5931b4b37d301471e08482e1834ecf4f2017a8ba72b6cd90fd2da5	
bin/cmd/TX_CH78_2DH1.cmd	file	0o755	72	830624399af10b8e15fb90bb2023cf846624c68947a11bf522e0f3ddcb2fb3c6	
bin/cmd/TX_CH78_2DH3.cmd	file	0o755	72	4d7f515e4de070af67fc3429fc607a8fa7070d1e74c7e33c23b2625323312699	
bin/cmd/TX_CH78_2DH5.cmd	file	0o755	72	16418df79a8466bfb85cd3d50d08099c84f37b1e6e585c0e59f0f8850bc55dee	
bin/cmd/TX_CH78_3DH1.cmd	file	0o755	72	e5da7c1d1f8117366ffc5c34d4200bb1922892c8c30f0b5ab271a73ab4d65216	
bin/cmd/TX_CH78_3DH3.cmd	file	0o755	72	5b9c028b8724776e215ee742ab27d81f701482448562cf97c4c5ed7fc3ef1c17	
bin/cmd/TX_CH78_3DH5.cmd	file	0o755	72	d584f4ff3cfa67f75511d0a6f4e1c50dd75b07b70b5d5478ab6304c60a821dbc	
bin/cmd/TX_CH78_CW.cmd	file	0o755	28	de63ade53a5c38d5ee4090092840af5282601df7ad9d0434762a84d440996e9e	
bin/cmd/TX_CH78_DH1.cmd	file	0o755	72	338628adbffa313242d4c31a5b0f0137bffa658a7bb59e9ea92b8189fbd5623c	
bin/cmd/TX_CH78_DH3.cmd	file	0o755	72	570474f29308eeaab25a1beee7185e2eeee5786ca6267f83c4216e0a9b8840ad	
bin/cmd/TX_CH78_DH5.cmd	file	0o755	72	bc36a9d90a99abbdc278356178c3b6ad2b1d0061a27c10aa3e7cb9428a94e8d5	
bin/cmd/TX_CH78_DM1.cmd	file	0o755	72	bbe485510447ae14a57e96766925645101ec8fdaba757cb801f2880f90ee2d06	
bin/cmd/TX_CH78_DM3.cmd	file	0o755	72	5a0b0ded927a95108e00a4549d2ec5d24652aa6c28b338ca8f1b8520545cf0ed	
bin/cmd/TX_CH78_DM5.cmd	file	0o755	72	91505d70d0577c218e97fb165d330dc3383fc8329beeab101046819afbce41cf	
bin/cmd/TX_Hopping_2DH1.cmd	file	0o755	72	db66c3bf2e94d89e99cdf9b8542ad4564ffef1adc19d929e4de28fb1bcfe1c61	
bin/cmd/TX_Hopping_2DH3.cmd	file	0o755	72	5bae1967d9390e7bae68358cb1bc6da2e0c3ad6965e0dfdb724c221349029042	
bin/cmd/TX_Hopping_2DH5.cmd	file	0o755	72	cbf7722f3166f6cd39b63b5a953ff2b38603c64324922b71389aa0fb8d6703c6	
bin/cmd/TX_Hopping_3DH1.cmd	file	0o755	72	3bee31e2735862850da9f219ec338f330de8f29e1dbf5ccad6b38f70ec6f3658	
bin/cmd/TX_Hopping_3DH3.cmd	file	0o755	72	445452f418f917814ee9c2047f0cb973fc492528626bd60955380a2f11daaa9e	
bin/cmd/TX_Hopping_3DH5.cmd	file	0o755	72	b36d94f6b069b5cdffb956ac1ec8ab66accf8f9800717031d90fd5231aaa3181	
bin/cmd/TX_Hopping_DH1.cmd	file	0o755	72	407db8ebe1520a172443bc6cf92f3a37ced59fbb6ecf1a0cea53e2a34434c911	
bin/cmd/TX_Hopping_DH3.cmd	file	0o755	72	746957ca4556367f302681f77b2b3bf672df2d0076dd67ad0dc7c90eeaf89b43	
bin/cmd/TX_Hopping_DH5.cmd	file	0o755	72	5e196eac06393375cfc2a4455f89371629635f548b3b8c1cf332a6b7ca6e7efc	
bin/cmd/TX_Hopping_DM1.cmd	file	0o755	72	f62737205260dc24b0d4da14f9295c1626519c79ce3616e4c9ecf682bd5bbe8a	
bin/cmd/TX_Hopping_DM3.cmd	file	0o755	72	31088dce3b98b30d6cf1359d4233fe07fe1150bc2eb06a9945d50f0cd55a3fe7	
bin/cmd/TX_Hopping_DM5.cmd	file	0o755	72	5ec9eda7d1fc03ae2274b250171f6cf5dd6d6a63990463c8392c0e41741d101d	
boot/recovery.img	file	0o600	0	e3b0c44298fc1c149afbf4c8996fb92427ae41e4649b934ca495991b7852b855	
etc/BT_Addr_ForWM_Default	file	0o644	66	0087a2fe8a7f4fd6830b8f06b4f538bb981d6e0a6d71bb72946313c0684f15bf	
etc/MT6625L_SingleSKU_000.dat	file	0o644	9636	eb5725d228f193374dc2201e36dbadc104562bcf13a8b746949a57f31ec46cc2	
etc/MT6625L_SingleSKU_001.dat	file	0o644	9106	f7b59a0888e8aded87176116d1bf568e46e1b695de44ba943f8ad26927c66a27	
etc/NOTICE.html.gz	file	0o644	104372	76205ea9d9565f06e0b7baf14ce754b503fc2be4e12d450975dbd9f689633bab	
etc/Wireless	dir	0o755			
etc/asound.conf	file	0o644	91	4ed9cd34141a14ac1a29c0527692243dd679ffae90f50d50a47d95dfd3957a03	
etc/event-log-tags	file	0o644	2539	b52af23e6e8d03c363c4455906b3681b083614d039105e276ccd98675210c672	
etc/exfatfuse.conf	file	0o644	107	bfe5555028ea91becd1171329e60921be19963677f9257e7ded2dfceb6cd3a1c	
etc/firmware	dir	0o755			
etc/fonts	dir	0o755			
etc/fuse.conf	file	0o644	17	c02b4e411aa219f47314351dcc2057ad8b5d853a7ce24ff31b79ae92bb822862	
etc/hosts	link	0o777			/home/sony/sony/artifacts/rootfs_mnt/tmp/hosts
etc/ld.so.preload	file	0o644	19	afe1c54717c6aa2eabea79c9f3f549cce4bc14628df9caa8ef2616ba045244ca	
etc/libnfc-nci.conf	file	0o644	23678	acad317737e5cf03c6b965492886fd4e232f684f4d9af2bcfbb78ee45b2cc81e	
etc/localtime	link	0o777			/home/sony/sony/artifacts/rootfs_mnt/data/share/chrome/localtime
etc/mtab	link	0o777			/home/sony/sony/artifacts/rootfs_mnt/proc/mounts
etc/nsswitch.conf	file	0o644	464	a35e36a08bb9bc305d450c3792fea8f592385ee6e38452230a7e48246198ae66	
etc/passwd	file	0o644	136	b0818574ea667fef1a4374f45d7fd0de05b51561bb8008dc8674107fc3114443	
etc/resolv.conf	link	0o777			/home/sony/sony/artifacts/rootfs_mnt/tmp/resolv.conf
etc/rsa_host_key	file	0o644	427	22d79a02926c952cd244e1f028bef11b2b151eb16bb0a06d50ec33ba4e214a6e	
etc/security	dir	0o755			
etc/Wireless/RT2870STA	dir	0o755			
etc/Wireless/RT2870STA/RT2870STA.dat	file	0o644	1299	750c088b9baf2d3b83e1140394676335276df9ff8aac0da177abe61655472f2b	
etc/Wireless/RT2870STA/e2p.bin	file	0o644	1024	4608059d4538ddea23eac14b189fa5813631d9e9edd081166155112364d902ab	
etc/firmware/ROMv2_lm_patch_1_0_hdr.bin	file	0o644	113624	d04903ffaa7ace69e4b050ea85a01676653f7131359f1be15c057d341dbdc538	
etc/firmware/ROMv2_lm_patch_1_1_hdr.bin	file	0o644	50152	d27ea073a765e6a1f00984176c409792c4ccaac58152826fbd8f223d7bca659a	
etc/firmware/Sony_Tovis_ICX1291_C21_2017-02-09.bin	file	0o644	32768	470a7c396a3fc22d201d895cc40d45cc7207b18939eed7b19282c280570d8594	
etc/firmware/WIFI_RAM_CODE_8590	file	0o644	249168	04a7df36acf7f366218d8809d3d299cc82127c2afe411b9f00fc2d2482e94df2	
etc/firmware/WMT_SOC.cfg	file	0o644	80	f4a59b622a4e0c1470e475ce33f3edae43b27f1fbdeba54dc7cf07503d132880	
etc/firmware/cxd225x_config.txt	file	0o644	7976	2c66f04ca7e57a47d0d8690434559dcd743d6aea804b0f85eac5e0fe9adf8744	
etc/firmware/cxd225x_firmware.bin	file	0o644	196624	5b89590a979878309f57e7d74bd8c9aef633d4027c60bf6dc2236f31c97d5e64	
etc/firmware/cxd3778gf_ucom_fw_00_16.bin	file	0o644	26516	3dfc0baae8c6ff46760473f7748a7ccf3bb773aef1222f55c405b29227fb143d	
etc/fonts/3830d5c3ddfd5cd38a049b759396e72e-le64.cache-4	file	0o644	1408	275b99c125529f9dcf9ccff4337c1796b902caacd1e10d94ab36687387dcb85b	
etc/fonts/fonts.conf	file	0o644	5167	1ba23139719f024f83ebe1a310bb814918ffb0393c5f16f40ee7b88fc9f01a32	
etc/fonts/fonts.dtd	file	0o644	6961	59e0c39bd4ccc6c07e44e91d5915af2bb7887d1c1d15b2ea94f54ef8ca890066	
etc/fonts/local.conf	file	0o644	1297	810936ddd9e8e80201659652f9c63b71774bb88443834620d83551a0b89df087	
factory/client.crt	file	0o644	4161	146773d0149a10f72899d173379f414cf7af7cf28c9cb15b2c671b50d8b5a20b	
factory/client.key.bin	file	0o644	2275	e7efca556dc92701671199392bc131a20fc63c4a57f994c505f45516b3ed1540	
lib/libEGL.so	link	0o777			libEGL.so.1
lib/libEGL.so.1	link	0o777			libEGL.so.1.4
lib/libEGL.so.1.4	link	0o777			libMali_linux.so
lib/libFraunhoferAAC.so	file	0o644	584096	b1c5ec9fb761e3b20ea11363334b58188946374a1c643060ac2dcf255db83f6e	
lib/libGLESv1_CM.so	link	0o777			libGLESv1_CM.so.1
lib/libGLESv1_CM.so.1	link	0o777			libGLESv1_CM.so.1.1
lib/libGLESv1_CM.so.1.1	link	0o777			libMali_linux.so
lib/libGLESv2.so	link	0o777			libGLESv2.so.2
lib/libGLESv2.so.2	link	0o777			libGLESv2.so.2.0
lib/libGLESv2.so.2.0	link	0o777			libMali_linux.so
lib/libMali_linux.so	file	0o644	1216652	cbef162e52586057674bcaf1048e09912a7be023ee40826fa7a1fcf25fe33722	
lib/libMtkOmxCore.so	file	0o644	10296	fc6cd2fe65b412e30f4a411e2e665242bd1a8dcc8adcd926f8ba7bce96451a46	
lib/libMtkOmxFlacDec.so	file	0o644	152472	7f6aafbd785595ef9f1b1cb35608a18b63c3ce6e0cde34363f887752cce2b447	
lib/libMtkOmxG711Dec.so	file	0o644	30880	36fc948cca0a6f356683db433af1f0dcb187a4fdbd75b8bf0a4e0c1fb177d357	
lib/libMtkOmxMp3Dec.so	file	0o644	91700	48455f9416ec6bbb230a53890495b9685a2e7c2d0e32cc4b0472377f05fe0711	
lib/libMtkOmxVdec.so	file	0o644	105232	415de84fd37fbb5fcbfb709477023404e787ce39f98c7445a520eb5d54f0ae3a	
lib/libMtkOmxWmaDec.so	file	0o644	145280	595dd5a98c46fe2b1dca63e43094e6083e655396fce49994306d11a6ef77d2ec	
lib/libMtkOmxWmaProDec.so	file	0o644	474684	3a46905070f1555c14cd396fbaa73ad574cd05cc5a1d1044ba8b886fa79b9119	
lib/libaptX-1.0.18-rel-linux2.6-ARMv7A-hf.so	file	0o644	19604	30711bc802cb51fde340e0668cdd04a45cd44138737548396af95060f679a993	
lib/libaptXHD-1.0.5-rel-linux2.6-ARMv7A-hf.so	file	0o644	23676	afcf3e512dabc6cd6027099c0e0aec587e5daf642a5603ef080657927479b1c6	
lib/libasound.so	file	0o644	510652	b090c9448e1f72825b410766ab7e3ecbcb5a55534a47500288755aae5051ac5d	
lib/libbase.so	file	0o644	30272	ee105eb62a1a3fb2c8adc7aa971c5cb629c1a3c1b58d68740cef650adafe6152	
lib/libbinder.so	file	0o644	374336	65396513260454dc397baca790677b1b9bc9fd62331deb375ec03cbb5a24c960	
lib/libbluetooth.blueangel.so	file	0o644	692100	295f23c72b1934ea743f415a6720bb14637a57fa808f3ec847751a48d9cfa86d	
lib/libbtcust.so	file	0o644	10172	f241ad5c8ea2cd64090098014ee0da9682dd6c0c1bfa560c6f646917f13b3540	
lib/libbtcust_tab.so	file	0o644	10456	93a297625aa2959e981c10a7b5c165bdd8ba312cd0e9ff430fcf1a811da0dd24	
lib/libbtdrv.so	file	0o644	19568	154610d925ed65f9abd7968e96a69bf990820fee4b3ba998b80ce47175a43299	
lib/libbtstd.so	file	0o644	552512	cb488547d5df5aa133de0f7052f378a6834dc797c10428888bd9d68765dbed2a	
lib/libbwc.so	file	0o644	14436	60186575dbe0a15e37e1eadde6bfe3cb5deefd28d622b9829cb18d7d16695023	
lib/libcrypto.so	file	0o644	1089656	3c95ee20755512191ffd6abbf13076c422f202dfc1ab839e9124b97ef696120d	
lib/libcustom_nvram.so	file	0o644	73072	f46a2996d657aae4f8b0d12830bf16779b6059695c2d904e54d6798ef2428a1e	
lib/libcutils.so	file	0o644	75792	002d7be9ef7bdad00f82693599bee6278c6513d13b0b9a0ca1a8a2ae08ab0dda	
lib/libdpframework.so	file	0o644	252784	881d5468737a58cef80ce9f6fa47606fbb9a89cf2c91273dbb10f5b0f5b41e42	
lib/libexfat_util.so	file	0o644	8452	ea5638a8dceb93b136b73c3776ac52def8269c1af04045055830357e506bcb31	
lib/libexpat.so	file	0o644	107456	f8c35e68a9a9e9bc35104c20c0462c989f1c46c088a2044b1290977434c25653	
lib/libext4_utils.so	file	0o644	50692	85d223eb102220e6eff69db22aa84b44b3850da1d6bc500b3a6bf1bfb7367280	
lib/libfile_op.so	file	0o644	43120	05887cec8c0b16184294595238100af759c92bf7fed6c472e43da7c7b458b267	
lib/libfreebl3.so	file	0o644	11820	9cbccf558dfd1175a66719d242ca1055eaa95062597d8be9ba956c6cff85a44f	
lib/libfreeblpriv3.so	file	0o644	301980	aa4d7b6470c1750b16d019f8f8efcfc01d7218ec7e9840d37c05723afeda4a70	
lib/libfuse.so	link	0o777			/home/sony/sony/artifacts/rootfs_mnt/system/lib/libfuse.so.2.9.7
lib/libfuse.so.2	link	0o777			/home/sony/sony/artifacts/rootfs_mnt/system/lib/libfuse.so.2.9.7
lib/libfuse.so.2.9.7	file	0o644	737604	a5720135c9c83f4a4cf46c17370b2dcca1a5df9402c47ef550668d6c12969755	
lib/libglibc_bridge.so	file	0o644	9736	5e0d6d2116029f967dcb17663ca5ef7a6cd9b0de6f8c46be9c963884cb9d0baf	
lib/libhardware.so	file	0o644	9732	fdbe81fafbc2d33da420fd70d815db7e259acea53c5cc15af251c16d29f17fa2	
lib/libhgrmutil.so	file	0o644	10292	7c30ab3aabe59734ccd9e097dd0c4366f90b2d44d6190bcafab6bbf9f7873677	
lib/libhwm.so	file	0o644	34916	1fd9b25580e2cf2c87be6d031769527c692a9089c0955a7ba54efb19bb687fdf	
lib/libion.so	file	0o644	6192	4fbd71243124733bfd56ee57967f37a408b33d489032d80b4ffd44dc5472c5af	
lib/libion_mtk.so	file	0o644	6196	ff58b6becd8c9c47eefb46259f8e9d687c74aea557d1fe1fb9e9e6ee2789aba4	
lib/libl10n.so	link	0o777			/home/sony/sony/artifacts/rootfs_mnt/system/lib/libl10n.so.7.0
lib/libl10n.so.7	link	0o777			/home/sony/sony/artifacts/rootfs_mnt/system/lib/libl10n.so.7.0
lib/libl10n.so.7.0	file	0o644	245136	61622c7404b0eb4f0e5c02d0a993e04670bd51d836d0aea30147b86855b8debd	
lib/libldacBTBC.so	file	0o644	85780	5b52aae5319221591d6f8580158e10eef0e7cb4d74c569d3bba6225ec7cf0c15	
lib/liblog.so	file	0o644	17944	6f3aff09f2cb888a96df33f994b09fddee9fe7b0a2905a78b5e12266b81a2498	
lib/libm4u.so	file	0o644	14384	a324485e57956edcb797012165aca30f9d65a5e67ed5c5c441c4349c7963615f	
lib/libmetrics.so	file	0o644	13884	645d26ef4594bd6e21692f055bda0ce452052c94c1dded1d9228181159829c2e	
lib/libmtk_drvb.so	file	0o644	21524	6d4d8916a1fa93bb2b0e5a955106d645a916f9fea4dd0e1509fbc4ef4ac3f49e	
lib/libmtkmemasrc.so	file	0o644	10316	62278501fa5cb3537927b726e50241ce4a8ce5610328f982f00231c12b13336e	
lib/libnetutils.so	file	0o644	30276	e7e3d874128f8c54a47eb7bb627fdea8e5ed479a5eb16e13e47ce46bec2828f8	
lib/libnfc-nci.so	file	0o644	404248	d4d5acad89a05a6a8ad1bf486f731fdf28b60dea94d79164955bbffe290dd7db	
lib/libnfcsequencer.so	file	0o644	91052	5fc96ecdc61b3b2140f769d462fece1559c8cce55cdf8ed2e0e1baa585f34b15	
lib/libnfctools.so	file	0o644	14388	136228b27edcb9893c34bb5c021af53494e9ed05ac0b30100d8316cdd04ec9a4	
lib/libnssckbi.so	file	0o644	448668	e7b34d449c79016823c9980f4026357c9794b92ce2b36669538326fbc9582f21	
lib/libnssutil3.so	file	0o644	120884	2f2035b64b32972a387507b13e9e6cff7feb58a3a1141623cb45af3b1b9d9262	
lib/libnvram.so	file	0o644	51312	125fb39d40e1534844bac508acab3548a8307076b0ae127de3b2976433e3e4dc	
lib/libnvram_daemon_callback.so	file	0o644	6208	d6a04435fc6c07df7f3ef25d09167e5842318e219e300a7b77735deef01da40f	
lib/libnvram_platform.so	file	0o644	6204	9137cdc279c2fbe3f2d97ff8cabaa390c5a59ba733b3f7c45a88bff375e9412d	
lib/libnvram_sec.so	file	0o644	10292	bd57d986a3bad78090130aa3d927f4c7cd93f49d402dee5679d534bcce3e79fb	
lib/libpagemap.so	file	0o644	9732	cd9b946396fadef3f183610e3f9417becd96c8942fc589b7a48f3ccb1bd60c7b	
lib/libpcre.so	file	0o644	211112	005df797010223296b4e7b04156807f20ab0f126ead3a2fc35d898b88974a159	
lib/libplc4.so	file	0o644	16676	0056b274d5bdb08cefd9cbafea6173f9aba45de39af9dea20ba17393cef07d1c	
lib/libplds4.so	file	0o644	11948	52fbab4577e023f8739b60330d9676be396dced1c3197d58259a989fddb8ceae	
lib/libpng.so	file	0o644	207072	9425dbc5a52926602d47dfdf5d66a449a5d037f220f1475f792d10acb39de9e5	
lib/libsbc_dec.so	file	0o644	18364	0dfc0c1e8db75214a9003f18c7b0086126d97f12f1fa21ab918863431595c870	
lib/libsbc_enc.so	file	0o644	47228	28e5e779f8ee2e06d5a1939e2ef58c63ca10c43de4156ce53789d93379888b32	
lib/libsecure_api.so	file	0o644	14392	0a9d766870b8273efc2609ed4c02e70b9d5f2a6268055a63550ce32e595e3598	
lib/libsmime3.so	file	0o644	114144	5b9db2e4a154c2c360162848d9b2a37d5fd5e892580a5bceb01635c5e7d5de4b	
lib/libsoftokn3.so	file	0o644	158192	cace359923860e734e7d8cb680b138aca8b80c69d937d0abb51651a93aa905da	
lib/libsparse.so	file	0o644	22120	7ac96fb15787e607117e525339ac6e91aae6f5ee2b995f7deeddb6641a49cba0	
lib/libsqlite3.so	file	0o644	449724	ae3462610e1af20a4e9f931092eeb2a720dd8f0b97fcaf2de55e8f076f9b8a1d	
lib/libssl.so	file	0o644	270440	914731b1a2a582dab233c0a2a03173aed77bca79bd50f4515377892598c3c8d2	
lib/libsysutils.so	file	0o644	22076	eac79cb36f705026be7b0281e3610895952c7d8aee64270009dfaaffff711546	
lib/libtz_uree.so	file	0o644	14448	5e9cc09ca05f9983e99502aa0d6b65ef03c20fb6a870d4e297974d8d134e5d77	
lib/liburee_meta_drmkeyinstall_v2.so	file	0o644	30860	2db7bf1ee173f2d551aae75ab15e32a96c80e535fe2ae42ec83b7fe4ade7fe1a	
lib/libusbaudio.so	file	0o644	56304	659ced5fe5f19d2d9739395e30ce8b1fa408c86384682d31529f3821eecec01c	
lib/libusbhost.so	file	0o644	9684	d9d0ef9b89c332a47a86d12ea0dfc924c2e4e31366e43e07df16fc1ae05cd432	
lib/libutils.so	file	0o644	104032	1fc8ddbd78ee5ca249506071883b43c874568e3341da4a746fbdd4e7d6b5c984	
lib/libvcodec_utility.so	file	0o644	39028	85daecadd6ebcc8b1c7cce8aef025b485b90e76fa78ff272d69613c2e588926f	
lib/libvcodecdrv.so	file	0o644	441080	44858f1c1c0eda74d080519b97545a93323b842860606ba638cfb8305d2b5b21	
lib/libz.so	file	0o644	67204	840d974077ef985cc54ab65f7bc4030ccf14fba39d4ba870167859de5dcae251	
lib/modules	dir	0o755			
lib/modules/cxd3778gf_dnc_core.ko	file	0o644	23236	ad437f4a21a66addb8ac58ae14fe1b64e89e0ff48d3b60570684e9c586f3d1ee	
lib/modules/gspca_main.ko	file	0o644	35252	87922f023dee12ca71b26287aeee0097da871afcd55236d1eac02684f411aede	
lib/modules/icx_carddet.ko	file	0o644	12820	9d28b58da902e3d5074743f2d2ae13e7f15189520915f9f709204d1169d4e97c	
lib/modules/icx_nvp_emmc.ko	file	0o644	52460	409c4bd095a5f92bfd2edff0f123d61f920840443d56504a3eba425da3f6f7ac	
lib/modules/icx_usbconn.ko	file	0o644	11472	cfe7721620fcdb467cfecf5be08a8f239d52a8ea459efe52aa24b43a03f7a3b0	
lib/modules/icx_usbscsi.ko	file	0o644	14256	cab9f4fd65c6996f55a94a8a175753ddf412d37fc9609bcb40bece0edf31e58b	
lib/modules/lcd.ko	file	0o644	7820	68363cd849deb31191ab17152fbe9aad14a7f0c734e4994641aaa4c939f97149	
lib/modules/mtk_stp_bt_soc.ko	file	0o644	14704	52b327e28e9e1611c7caf0eaf9dcdf64da02c8c52a1320dd6d503d57612b95cc	
lib/modules/mtk_stp_wmt_soc.ko	file	0o644	370004	a25539d2f3aebddc8a4094c44a229f31a796ce1a8501be6a239be962e42c4a77	
lib/modules/mtk_wmt_detect.ko	file	0o644	19084	632f0c1a01e9122ba63ff1e756018100132277569f4e07726bd730aa878b2ec8	
lib/modules/radio-si4708icx.ko	file	0o644	17436	9db2383d749ad62da2c19a651c68bf2a7d8af0aa83323646078f204d6a3c4688	
lib/modules/wm_key.ko	file	0o644	13492	a5607097ffa83691d6a854a54cbf646c86934e94d168b6afb214ba2a8e0d7458	
media/bootanimation.zip	file	0o644	29601762	eec853cbb00261fdb4907510eaab25793a628f53acdc8e41c0c7e7b65e5b859f	
usr/bin	dir	0o755			
usr/lib	dir	0o755			
usr/local	dir	0o755			
usr/share	dir	0o755			
usr/bin/cxd3778gf_ucom_fwerase.sh	file	0o755	68	4d1ddf7d40572294aab7f50439e4a947d03b62a7a11c437519d2e78b2f6046f3	
usr/bin/cxd3778gf_ucom_fwupdate.sh	file	0o755	1309	cd588577cb1c844cfa36386e39c1ef65a3a3edd6415c533c4b686754cbe44a9d	
usr/bin/eprun.sh	file	0o755	176	f35b14b2bae7044129aa4cef853cc540c9b1ad277e2cffe881e44ee8e9903869	
usr/bin/nfc_cxd225x_updater.sh	file	0o755	341	a66b23a7454f5032a0c19c5f0ea1e84579c7dd776350577ed76c31508f5117c7	
usr/bin/optproc_for_boot.sh	file	0o755	249	8042d61671cc9a010c8333b0e611192092b025d539363833a80ed379c323665f	
usr/bin/optproc_for_boot_1291.sh	file	0o755	167	e11b4aa5865f0a394780b17b288f39ea56e4d7847b17e4ae9268e7c542e0764a	
usr/bin/optproc_for_updater.sh	file	0o755	255	bd7692ad92b6886e3b87cca4981f0f2934eab1d3adccc110d372c81eda05eb60	
usr/bin/optproc_for_updater_1291.sh	file	0o755	166	80d11138fad66880894283f5524473a23fc3e1d50908148b9fc99102d2f28fd4	
usr/bin/sadc	file	0o755	60288	3d7e5121cfb141d7e12e849b4a14e45eefd01bdbab64e7772810873c98d32b9c	
usr/bin/sadf	file	0o755	126120	65b99fd1b793bdf48ae75d3a4c27d7ebfdcce40d918ad8d27d2fa3de0d79e6b3	
usr/bin/sar	file	0o755	72436	7cdf8e0fbe40d9f33bd186a887c509f8920787ce79bc71e1f9af5f35157b5951	
usr/bin/sony_tovis_updater.sh	file	0o755	758	7209e558102f585f8591ada10bcaeafe730ed57c230c96bdb6f6c82165b09296	
usr/local/lib	dir	0o755			
usr/share/alsa	dir	0o755			
usr/share/audio_dac	dir	0o755			
usr/share/diagnosis	dir	0o755			
usr/share/zoneinfo	dir	0o755			
usr/share/alsa/alsa.conf	file	0o644	9318	bcf70ffa44b4976e15eb26448870ffcd66438253f54b0c6f45640ad63077d8b4	
usr/share/alsa/cards	dir	0o755			
usr/share/alsa/pcm	dir	0o755			
usr/share/alsa/cards/AACI.conf	file	0o644	669	c6e894381791831b01df3403c5493027bcc22b11b9c018c32df93a8f17794ffe	
usr/share/alsa/cards/ATIIXP-MODEM.conf	file	0o644	302	8ec8c18a874dc42f6cf925dff57b9cd8b86f0cda3e8ae9de0c6b382811ee4286	
usr/share/alsa/cards/ATIIXP-SPDMA.conf	file	0o644	2237	753be05a4280bd8bbe50a04f5a54371886f9867798ee0968eb21156b770337f7	
usr/share/alsa/cards/ATIIXP.conf	file	0o644	2483	626f6b628f29714ca8925b67a7a337ab12ec2cdd39c2fc5098ff8dd3865ad678	
usr/share/alsa/cards/AU8810.conf	file	0o644	437	ca5b2b36906ef6f4322df049e44148d2c5657768dcbc21c55e696eebe5eeb0fe	
usr/share/alsa/cards/AU8820.conf	file	0o644	159	f396368a200d99288919481bc398996b52e278ebb65f64974bc741dccdf1723a	
usr/share/alsa/cards/AU8830.conf	file	0o644	520	5824b33f63d8884f927688111f38b9b8943747a2ee203646f8bc23ec5a40eae4	
usr/share/alsa/cards/Audigy.conf	file	0o644	5899	e78233f0d6b831a3df306b1d0152ac1e48da18efc4013c26b85051d38bf8bcc2	
usr/share/alsa/cards/Audigy2.conf	file	0o644	7807	205716b7e174b9b8bfab499d17be19610a1207ea0b49765aced98729c848c6c6	
usr/share/alsa/cards/Aureon51.conf	file	0o644	2369	049002e88438628c145792a7059855d08c14c7f33b290a5547eb9203deffb7d2	
usr/share/alsa/cards/Aureon71.conf	file	0o644	2499	b27ede016371d8b5202ad22092618da188e9509b889882e1f619e746321fe3c6	
usr/share/alsa/cards/CA0106.conf	file	0o644	3848	0dff9acb89c5772ddd5bdf60bc11ce75d73e9097dd5214f2579ac2097834fc2a	
usr/share/alsa/cards/CMI8338-SWIEC.conf	file	0o644	1784	7120140996a1a2037f0edb4a9d39c1f1074fd7d6072b6132014c0cb314c52301	
usr/share/alsa/cards/CMI8338.conf	file	0o644	1911	db64d0d74de40d5c975dbceecf64feff164a4cc709ccbfa67958b457a2615218	
usr/share/alsa/cards/CMI8738-MC6.conf	file	0o644	2131	aff8b0c75abbfe770cb2aab21612b5f404b5468a858d6bf333a535e40ee5611c	
usr/share/alsa/cards/CMI8738-MC8.conf	file	0o644	2982	010df70a0dbf4fcfc3b19b43a9af30d58fa7e1121da8069573857336a62a889c	
usr/share/alsa/cards/CMI8788.conf	file	0o644	1641	554b97e9bd91ca8debe8517e19f01dfb1bdf0e95e8bbffa431556457a1554557	
usr/share/alsa/cards/CS46xx.conf	file	0o644	2945	79bd52df908894e3eca05c52db832a0996732556b038aba3b17a7738e7eda274	
usr/share/alsa/cards/EMU10K1.conf	file	0o644	5672	5a5a1a8ef42aa35db0a0cc9a29bc570647ae11bcc3697aa56e26fac722624cd3	
usr/share/alsa/cards/EMU10K1X.conf	file	0o644	2754	37fe34f7ddc7a7758863cfd8f32718b1434acee5b5a93548ff5605629468648d	
usr/share/alsa/cards/ENS1370.conf	file	0o644	1367	7e4f5a1d3007a5938c67b7faf2269cbc6c7bf7487797e5c8111574525c75f8bb	
usr/share/alsa/cards/ENS1371.conf	file	0o644	1806	72f5b63f7016d076fc59087ab28b60eba988e9bc41814759fc430b364f42997d	
usr/share/alsa/cards/ES1968.conf	file	0o644	152	fa3218152521ad798b5770aad93363fd57557c84dd32d630bf273041c21fa5dc	
usr/share/alsa/cards/Echo_Echo3G.conf	file	0o644	4399	b6df2b1986dbc8cc543130f6fe07c58e8c0f96f360891081096df1d3b4bd865f	
usr/share/alsa/cards/FM801.conf	file	0o644	1227	022ca9b10d7cc8a32f60b0aff3960fdd9fb06a68a2cecb2a54da5426d64f1903	
usr/share/alsa/cards/FWSpeakers.conf	file	0o644	333	eab3789ba81a6800f11fb01a386e32ae397b0d225f4d7144f486e3ee393ad0bb	
usr/share/alsa/cards/FireWave.conf	file	0o644	702	f4123f0f106c0baf213020ef8cb5aed19e79a2d896fb9e6603d43c001a704254	
usr/share/alsa/cards/GUS.conf	file	0o644	217	97942d9546bca7fa50841e74168d7e1e8f62468ff8cb9fc3794dd7e3770d8ace	
usr/share/alsa/cards/HDA-Intel.conf	file	0o644	6773	24294c2f06c258693b67d606af997e665c4cd2138a5f922be310e22fd0192d3e	
usr/share/alsa/cards/ICE1712.conf	file	0o644	2409	31761fd7920b74f976eb545f356c835d82cdd4d266812aca8c49c1575c642c85	
usr/share/alsa/cards/ICE1724.conf	file	0o644	2891	88fcf5d6019e425f849f9d2aa67a5620203235982fe80993f0d6c6c9bb65a18e	
usr/share/alsa/cards/ICH-MODEM.conf	file	0o644	192	3b455ac43aeaf36887eec1300c2580fe645499c8f6ef277f193635b0bd5b26c3	
usr/share/alsa/cards/ICH.conf	file	0o644	3054	f846aba377c4930fa524fda0ef149b51f519065c9980403e1698371ae7a418fa	
usr/share/alsa/cards/ICH4.conf	file	0o644	2886	f5f2ddbc85bd703a0fea9c677e9043bb98cd95b8578064092b67ae4c2b557b3c	
usr/share/alsa/cards/Loopback.conf	file	0o644	1272	48d733a429b58b0721895b5c28a9df4aba7f6804c5cfb9df484b801660aa672c	
usr/share/alsa/cards/Maestro3.conf	file	0o644	558	9291749b971d36f4f436127d105641031b44dde0da9ea0411937fb4e34897f24	
usr/share/alsa/cards/Makefile.am	file	0o644	1303	5f25247c9ef0c7dd070dc7dc219f6b1d631e709886421d608a607049e0eaf5e7	
usr/share/alsa/cards/Makefile.in	file	0o644	15375	6a6c0c625586ad6e830d629a4e77b7964f8805caef3d14684a6d9eba4d26a3d7	
usr/share/alsa/cards/NFORCE.conf	file	0o644	4803	812eda76155dfa495eb1d743356a2471fe02add40bea1d669188ee3f083b5dc4	
usr/share/alsa/cards/PC-Speaker.conf	file	0o644	657	d6c8185b9a3bcfa829632ea2238ea1804f9eb7568d2047bdaf8e519e883146ee	
usr/share/alsa/cards/PMac.conf	file	0o644	486	c79d68b2205708c68f073c4b3e86006c0b1fcbe2d93026f69f3b0671fcf97a29	
usr/share/alsa/cards/PMacToonie.conf	file	0o644	705	778ac126c680298a4ca4f9e004098466bf51298433b91ca8ba850647e6b3e680	
usr/share/alsa/cards/PS3.conf	file	0o644	1152	cddd47a62dcb70aa209d2788f743c469a3d799a0e1093fea5d200837a5ea6f9a	
usr/share/alsa/cards/RME9636.conf	file	0o644	780	4c372e8777d554e4cf9b10ece78d967ef06daadaa0362d46468f927d9062ef5f	
usr/share/alsa/cards/RME9652.conf	file	0o644	780	8a065a1bc0f7e9843e54fc098ccebb049dc85981d93f7e1a24db26f958f33339	
usr/share/alsa/cards/SB-XFi.conf	file	0o644	1502	14751edd67a1b842be0c44a8104ba132acc85e619a4ffdf3cfb094656b345daa	
usr/share/alsa/cards/SI7018	dir	0o755			
usr/share/alsa/cards/SI7018.conf	file	0o644	2278	0d351ba328e6d216857cd0f73632b1e5b929fd9aafc622d7089d44ba78f3b549	
usr/share/alsa/cards/TRID4DWAVENX.conf	file	0o644	1792	1e62875ffadcc69a78cee0146314121aa51317af113ff9782071875d23b22249	
usr/share/alsa/cards/USB-Audio.conf	file	0o644	8975	dec7f2061c87221bb6cae3efe9c2ad795f4b96de63b8312c7d9c968f71280936	
usr/share/alsa/cards/VIA686A.conf	file	0o644	1199	13d828536619f7b9aa16d00b6d8231e5e26266aa417dec1c5f293c9d6263e5ce	
usr/share/alsa/cards/VIA8233.conf	file	0o644	2756	2ee6d46c2bda0be75a42bf29f9bf242ebfd3502dbee57a5bd08c0cae4b48d097	
usr/share/alsa/cards/VIA8233A.conf	file	0o644	2812	c405ae909d53f9dcb71546c46bde37e63d76c6fed2bbd1f0e272ea26c69e832e	
usr/share/alsa/cards/VIA8237.conf	file	0o644	2586	8fe2eb01c92038c0b50f98f0386c435db852fe131323a585f529d89f81fb2ba7	
usr/share/alsa/cards/VX222.conf	file	0o644	830	39f4fedef3fdab641b954608f8f5f2c1d3ed4c1bb919929286b87a668f586529	
usr/share/alsa/cards/VXPocket.conf	file	0o644	839	c5d14491b5de612c7bbc69b4b5989fd1002d93f6fd6a3a672249951f9367a515	
usr/share/alsa/cards/VXPocket440.conf	file	0o644	1480	600ac09279191aded92809840171fdf6184663c6bc8e0c188df255862536e8e7	
usr/share/alsa/cards/YMF744.conf	file	0o644	1357	d024c523af4e2dbcf967e88b2101ce340bc8dd1c1fa5f5ef3746fffe4ec11d7f	
usr/share/alsa/cards/aliases.alisp	file	0o644	687	1977a320f0525b61e33062c258737514af201c0159b5f7de475fa90da3622088	
usr/share/alsa/cards/aliases.conf	file	0o644	1405	e69bae5a432ab6fb6d2deeeb40d6dd29d490fe4c8d52b3bb244b833279de61c3	
usr/share/alsa/cards/SI7018/sndoc-mixer.alisp	file	0o644	251	667a4cc6bd2489079916b8126adac36e85044e1fd4a72559bfbc88b1cb1df354	
usr/share/alsa/cards/SI7018/sndop-mixer.alisp	file	0o644	251	10736ba82049485c87c0aca251dddbff202ca162461fb02c2d98fed078cb9d9c	
usr/share/alsa/pcm/Makefile.am	file	0o644	384	809d327c0bc3af5869df7fde21afb75e86579519ffac834e93af0cc7a3a7c9ca	
usr/share/alsa/pcm/Makefile.in	file	0o644	13552	b115ce60db94b9b7e98661586b92a78b2270b583c7ae8d42eb2ccbb3dbddae60	
usr/share/alsa/pcm/center_lfe.conf	file	0o644	805	e0f1d7c2b3bdf6acf3736b008824bcd274c33998072b3a1a0c74426753e12cc1	
usr/share/alsa/pcm/default.conf	file	0o644	762	ec4e9a2f87b3f68002b98d52ba978f001d8d4ef4abd2af27a9b3ad16f4fc4f6d	
usr/share/alsa/pcm/dmix.conf	file	0o644	1517	d2e881bc963c6ead403566525d89c173758db2feb39f11130a0f27084953fdae	
usr/share/alsa/pcm/dpl.conf	file	0o644	645	ccec7c194270433c2dcdf3622b2ef25e3197020da800662c6111ff8b8638f30b	
usr/share/alsa/pcm/dsnoop.conf	file	0o644	1532	bb90aced45e5007573b75bca2617d082c998bed17d350a1aaa6a7d14b16b09f7	
usr/share/alsa/pcm/front.conf	file	0o644	752	f89b6abc45ddf345cba76120a2c4d95078a7fa37a960ce163445a71b23d594bd	
usr/share/alsa/pcm/hdmi.conf	file	0o644	1188	dcda96095dc321c6b336bb9e1e9ff519c06a041707e155e29e432eff25f427f8	
usr/share/alsa/pcm/iec958.conf	file	0o644	1213	7bc676caeacf1e4e64b7d5c47ada8e7a1ee2ae61b973aa7b36821244e3b03da3	
usr/share/alsa/pcm/modem.conf	file	0o644	1314	c9ceedecf7a20b212c7ab641a3bf3f03a2b8a8720cb40c0547458e0f5f4024c5	
usr/share/alsa/pcm/rear.conf	file	0o644	744	d4303cffe70f686507966660719f605049e2a8fbb38ed3773614da3fce026802	
usr/share/alsa/pcm/side.conf	file	0o644	744	caf5ac243333775f9a56df77d1e4c0b47f8ec09e75a1b2f81207809b322a3d61	
usr/share/alsa/pcm/surround21.conf	file	0o644	899	3dfdcc10f3a91f984c410ecf99f51f22f89188f8c87b1d727d3cdcf30ba7ccf3	
usr/share/alsa/pcm/surround40.conf	file	0o644	877	b9225ddc8b8c4fd904719b0620474553f78d225b4273e08a3449f7cff155be35	
usr/share/alsa/pcm/surround41.conf	file	0o644	992	0d1ba5e6358e1ab03db4583e0396665dc00b7267a4d267fe9fd739131b2f8bdf	
usr/share/alsa/pcm/surround50.conf	file	0o644	992	87e96a8046301ace9f2cd352a0941756104d73de499c35f5fce1e381e6e134f1	
usr/share/alsa/pcm/surround51.conf	file	0o644	930	567c4823c5747bb48baf81f9b95530267779505f1b232cbec0fa67884db51767	
usr/share/alsa/pcm/surround71.conf	file	0o644	978	98bdea735c2b77167d8639e90a99e2128ca3f6fc1a3498affaca14a921417d14	
usr/share/audio_dac/ainc_31.bin	file	0o644	3	5df18dc4f66accb420f6dece9fd732fe2e8ee2423960e05df86792bca05eae6c	
usr/share/audio_dac/ainc_500.bin	file	0o644	3	5df18dc4f66accb420f6dece9fd732fe2e8ee2423960e05df86792bca05eae6c	
usr/share/audio_dac/ainc_750.bin	file	0o644	3	5df18dc4f66accb420f6dece9fd732fe2e8ee2423960e05df86792bca05eae6c	
usr/share/audio_dac/airplane441_nc03x.bin	file	0o644	160	c4dc542e3bb1f23a718e85ca46d52bdc1d5d4ffed2132d5919501b2097d262da	
usr/share/audio_dac/airplane441_nw500n.bin	file	0o644	160	5c385711dfedb8db403befd75f0196b954275e6b713e6ba9ac29efe692a32912	
usr/share/audio_dac/airplane441_nw750n.bin	file	0o644	160	5c385711dfedb8db403befd75f0196b954275e6b713e6ba9ac29efe692a32912	
usr/share/audio_dac/airplane480_nc03x.bin	file	0o644	160	5324d2d1ae29d913551cd9f30a6740c0b63e6c4ac529cc454023c928daf72a43	
usr/share/audio_dac/airplane480_nw500n.bin	file	0o644	160	43f0bb54191bdd14876708e5ff0c28a1ecd4d3731faa5595bbb90094de8b4ff3	
usr/share/audio_dac/airplane480_nw750n.bin	file	0o644	160	43f0bb54191bdd14876708e5ff0c28a1ecd4d3731faa5595bbb90094de8b4ff3	
usr/share/audio_dac/ambgain.tbl	file	0o644	70	e10766bbece7ce1ce05e5f65cedb95656c3c34ff3859c55a56f4adc306555396	
usr/share/audio_dac/ambgain_cew.tbl	file	0o644	70	6494ac62fa4d3dcca7ef10e58b4deab60a1c4b7a93187196a77f092102fad5d4	
usr/share/audio_dac/ambient480_nw500n.bin	file	0o644	160	10ec962a13afe8cc980e224bc21340465e1e9c9e72b61d310d739e0d76e388ad	
usr/share/audio_dac/iram.bin	file	0o644	640	3c3b1e417d41f2b566e2d41379cc54c26df3cc24e023d3e58fa217fb8f710cfb	
usr/share/audio_dac/limiter_31.bin	file	0o644	3	56e795d762887da6a0601ca05bc98c1dc1130e86f3f8d12d9911a90d5c3cacc3	
usr/share/audio_dac/limiter_31_cew.bin	file	0o644	3	56e795d762887da6a0601ca05bc98c1dc1130e86f3f8d12d9911a90d5c3cacc3	
usr/share/audio_dac/limiter_500.bin	file	0o644	3	56e795d762887da6a0601ca05bc98c1dc1130e86f3f8d12d9911a90d5c3cacc3	
usr/share/audio_dac/limiter_500_cew.bin	file	0o644	3	56e795d762887da6a0601ca05bc98c1dc1130e86f3f8d12d9911a90d5c3cacc3	
usr/share/audio_dac/limiter_750.bin	file	0o644	3	56e795d762887da6a0601ca05bc98c1dc1130e86f3f8d12d9911a90d5c3cacc3	
usr/share/audio_dac/limiter_750_cew.bin	file	0o644	3	56e795d762887da6a0601ca05bc98c1dc1130e86f3f8d12d9911a90d5c3cacc3	
usr/share/audio_dac/ncgain_31n.tbl	file	0o644	70	3f0764e768f3d68d22bb17d0e50252d579ff6a1fd3851fcf586fef465bc6cd7e	
usr/share/audio_dac/ncgain_31n_cew.tbl	file	0o644	70	3f0b67ea2e24997b69f8e39fc68d34880b2917ef806995fde9c9ac58ced54fd0	
usr/share/audio_dac/ncgain_31s.tbl	file	0o644	70	94f863e0f65d9a72042ff644a0b0f062357fcb3555fc22f06117446c3d5c1228	
usr/share/audio_dac/ncgain_31s_cew.tbl	file	0o644	70	9b0edde61cda63accd6591e8aa8fd989ad632b034cf41734c4dc11bab0f8a80b	
usr/share/audio_dac/ncgain_500n.tbl	file	0o644	70	b70d749e7ec3aa34cc087a063181f03c3f20e3c52b24687569ebeb7840941cfe	
usr/share/audio_dac/ncgain_500n_cew.tbl	file	0o644	70	c308ff14b9262d7a38975ae50d6d61acc2ff503b21b3895e5cdadbe2342958ae	
usr/share/audio_dac/ncgain_500s.tbl	file	0o644	70	2d0981fabefe8690954325ef4bf8acd8222849afc6157d88aca07ff3af6ae390	
usr/share/audio_dac/ncgain_500s_cew.tbl	file	0o644	70	ab4aa514a184f7a57d6dfdb7b5620b759102d54ded10f6a1a0f530c239a8d32d	
usr/share/audio_dac/ncgain_750n.tbl	file	0o644	70	b70d749e7ec3aa34cc087a063181f03c3f20e3c52b24687569ebeb7840941cfe	
usr/share/audio_dac/ncgain_750n_cew.tbl	file	0o644	70	c308ff14b9262d7a38975ae50d6d61acc2ff503b21b3895e5cdadbe2342958ae	
usr/share/audio_dac/ncgain_750s.tbl	file	0o644	70	2d0981fabefe8690954325ef4bf8acd8222849afc6157d88aca07ff3af6ae390	
usr/share/audio_dac/ncgain_750s_cew.tbl	file	0o644	70	ab4aa514a184f7a57d6dfdb7b5620b759102d54ded10f6a1a0f530c239a8d32d	
usr/share/audio_dac/office441_nc03x.bin	file	0o644	160	62d56060d335926d8a579d634b85dfc4f5ffaf3cc0af11bcbeff668555c11b0b	
usr/share/audio_dac/office441_nw500n.bin	file	0o644	160	1206678e5f31ecfc9a9c57d446e317689d7fa549ddcf4fd570452249fabe9a96	
usr/share/audio_dac/office441_nw750n.bin	file	0o644	160	1206678e5f31ecfc9a9c57d446e317689d7fa549ddcf4fd570452249fabe9a96	
usr/share/audio_dac/office480_nc03x.bin	file	0o644	160	d4bf4cbbb72b10e55418e5333f3d2f3a46457b43b2f06c58c1f982d674d7a4bb	
usr/share/audio_dac/office480_nw500n.bin	file	0o644	160	dcdf7d7047383ac3be8bce53f5cb9260348723520dbea996f86f74a261cfb264	
usr/share/audio_dac/office480_nw750n.bin	file	0o644	160	dcdf7d7047383ac3be8bce53f5cb9260348723520dbea996f86f74a261cfb264	
usr/share/audio_dac/ov_1291.tbl	file	0o644	84950	3000a4edb25f30f54f2e6e930db507fb984faea3d08dd4c39580da73512ea890	
usr/share/audio_dac/ov_1291_cew.tbl	file	0o644	84950	b298b76752a2bc194bb13fa37953e493c1647bfc00451b387a7490711df530c5	
usr/share/audio_dac/ov_dsd_1291.tbl	file	0o644	13076	2f0c7f3a75a3ae3f730d493e1ef0701250f7127aa163436dbb6ceffa2123da7a	
usr/share/audio_dac/ov_dsd_1291_cew.tbl	file	0o644	13076	fcd1c6c7436335680fd65e40134aa6650e039f56e58406bacaef1c53659d7e61	
usr/share/audio_dac/tc_1291.tbl	file	0o644	2888	3dfd8d0c30624b2cb9be81699c4fbe717fb2454ea8f7b83839a411ce90971ff7	
usr/share/audio_dac/through.bin	file	0o644	160	1748993e7d8a05ec45a4a3d56276e45da958329bd19a3110e582f094cd9ea53d	
usr/share/audio_dac/train441_nc03x.bin	file	0o644	160	66f9271376dd5feb8349d622d25865a8953ebf7c8dd6b1a09a9b364156463c7f	
usr/share/audio_dac/train441_nw500n.bin	file	0o644	160	d853d0b4f6f33c67f85fa489b3c1a3eb6224690af90e17c3129439da311f6d0e	
usr/share/audio_dac/train441_nw750n.bin	file	0o644	160	d853d0b4f6f33c67f85fa489b3c1a3eb6224690af90e17c3129439da311f6d0e	
usr/share/audio_dac/train480_nc03x.bin	file	0o644	160	031f40e83943b8b358ec143f69351f8b7b0efc3e14b3562798852b3a1f1e8602	
usr/share/audio_dac/train480_nw500n.bin	file	0o644	160	c504acda4c8bafacd9e2122044521c6e960459cc03f8cd4ff7eaf89d5b53ebd7	
usr/share/audio_dac/train480_nw750n.bin	file	0o644	160	c504acda4c8bafacd9e2122044521c6e960459cc03f8cd4ff7eaf89d5b53ebd7	
usr/share/audio_dac/voice1_480_nw500n.bin	file	0o644	160	9cbc1e0fe415dc2bbbbde8ef9653ce211c40e6960d2c805c6cc0ee7e86baf277	
usr/share/audio_dac/voice2_480_nw500n.bin	file	0o644	160	9cbc1e0fe415dc2bbbbde8ef9653ce211c40e6960d2c805c6cc0ee7e86baf277	
usr/share/diagnosis/cxd225x_scenario	dir	0o755			
usr/share/diagnosis/rgb	dir	0o755			
usr/share/diagnosis/cxd225x_scenario/forced_tag_mode_start.txt	file	0o644	548	f317eff1d62fa2e7dc2352d1cc02f082c42b8e4cccf1bb16b89a717b51ee9599	
usr/share/diagnosis/rgb/colorbar_fs.bmp	file	0o644	1229814	b5d877aff65289aabcd49ed3d373ffae36c04ab8cc1cff78970e467a5d96ba9e	
usr/share/diagnosis/rgb/colorbar_hm.bmp	file	0o644	1152054	df191980561f37c234270cac852de36560fb930b9d82ad032e534f00b443ef0b	
usr/share/diagnosis/rgb/stripe_b_fs.bmp	file	0o644	1229814	93b1fd3147c5e651c6503e2b1abe389ee84e5b23752779b208e618b404980fc1	
usr/share/diagnosis/rgb/stripe_b_hm.bmp	file	0o644	1152054	ecac855f8dfe67d2a960e4ca21b01a63a2e7f6ad4ee028af24666bc911205e72	
usr/share/diagnosis/rgb/stripe_g_fs.bmp	file	0o644	1229814	7b898ec6af79ffd32a7d1ee01afb00adb968eeeaefb54656546decab57f64661	
usr/share/diagnosis/rgb/stripe_g_hm.bmp	file	0o644	1152054	ebf1fa8113e7c049815c884d33ebfc0712307ec8fabb3db1ad38bd4cfc66d125	
usr/share/diagnosis/rgb/stripe_r_fs.bmp	file	0o644	1229814	89c25e5002ba0dd4e83acc23fe7be7109086d8f075b5b4f04ab0db9e0e8aae77	
usr/share/diagnosis/rgb/stripe_r_hm.bmp	file	0o644	1152054	2315aa740a8f00145a797a90c5a1a33b1a8d5237d13fa06e8a69232623d7a1f4	
usr/share/diagnosis/rgb/stripe_w_fs.bmp	file	0o644	1229814	6d76d1dd0e0ad103a3ec44ece963c62b3419bcfb2bf8c47298388b76145d19ff	
usr/share/diagnosis/rgb/stripe_w_hm.bmp	file	0o644	1152054	543bad9212ee37b16ce1339eee0299e08fe8aee2c4ef35901e7e7782b6508c8f	
usr/share/zoneinfo/Africa	dir	0o755			
usr/share/zoneinfo/America	dir	0o755			
usr/share/zoneinfo/Antarctica	dir	0o755			
usr/share/zoneinfo/Arctic	dir	0o755			
usr/share/zoneinfo/Asia	dir	0o755			
usr/share/zoneinfo/Atlantic	dir	0o755			
usr/share/zoneinfo/Australia	dir	0o755			
usr/share/zoneinfo/Brazil	dir	0o755			
usr/share/zoneinfo/CET	file	0o644	2102	3c0029045f6f80bc5a84f1bb8ed36230454759c54578eb9a8c195d14f442213c	
usr/share/zoneinfo/CST6CDT	file	0o644	2294	44e8b569e60027647f9801a33d0b43be0106a6d3f6cd059677e0ed65c9b8b831	
usr/share/zoneinfo/Canada	dir	0o755			
usr/share/zoneinfo/Chile	dir	0o755			
usr/share/zoneinfo/Cuba	file	0o644	2437	7871f875a8819f415c292519db1590556a0dc1a6ce691bf4f7af55e6716fb894	
usr/share/zoneinfo/EET	file	0o644	1876	0bf6d2669ab45c13a1c9be47c351972feb671770b90a61d9d313fc60b721b2b4	
usr/share/zoneinfo/EST	file	0o644	127	c9e75f112a498ff00344551c3c5c4a62bd15d5c218ee951f4363ab218c5d88eb	
usr/share/zoneinfo/EST5EDT	file	0o644	2294	79ce27e03a2752091e8a49cc7e7ccc9ac202d6c52dd5d224571fe82262fbeec8	
usr/share/zoneinfo/Egypt	file	0o644	1972	279bbe1fa62da67387c63593b60bb655252ef5c8f189cf43469087740af2b4fc	
usr/share/zoneinfo/Eire	file	0o644	3559	ae2c64e7c63be7cf07ad30017e6d9946025ab44a1fb00e0f3e7ba52d2f6f2512	
usr/share/zoneinfo/Etc	dir	0o755			
usr/share/zoneinfo/Europe	dir	0o755			
usr/share/zoneinfo/Factory	file	0o644	148	46c9e49942a62722b9bf1737fcb8130dd160938faa7c035862ef02637c37aa1d	
usr/share/zoneinfo/GB	file	0o644	3687	b14c486019e3cb259cf8235a0d6a4bc3ff6cfa726a165f1ea2df403c8ae31b86	
usr/share/zoneinfo/GB-Eire	file	0o644	3687	b14c486019e3cb259cf8235a0d6a4bc3ff6cfa726a165f1ea2df403c8ae31b86	
usr/share/zoneinfo/GMT	file	0o644	127	d7b39879094135d13efd282937690b43f48bb53597ce3e78697f48dcceaeb3ec	
usr/share/zoneinfo/GMT+0	file	0o644	127	d7b39879094135d13efd282937690b43f48bb53597ce3e78697f48dcceaeb3ec	
usr/share/zoneinfo/GMT-0	file	0o644	127	d7b39879094135d13efd282937690b43f48bb53597ce3e78697f48dcceaeb3ec	
usr/share/zoneinfo/GMT0	file	0o644	127	d7b39879094135d13efd282937690b43f48bb53597ce3e78697f48dcceaeb3ec	
usr/share/zoneinfo/Greenwich	file	0o644	127	d7b39879094135d13efd282937690b43f48bb53597ce3e78697f48dcceaeb3ec	
usr/share/zoneinfo/HST	file	0o644	128	44048bf7df61bdcf45972c13426b039f0d34d80947d60a2603183b3b6be4027f	
usr/share/zoneinfo/Hongkong	file	0o644	1189	9786fbe4ad9b820f61a5664b3b85dd601aa6e9152c93ff4e14bd54effdf8f1d5	
usr/share/zoneinfo/Iceland	file	0o644	1188	9cdcea6aa1eed8276d3f6620e0c0ffae9cfcc3722c443ea6ba39147975eafaa3	
usr/share/zoneinfo/Indian	dir	0o755			
usr/share/zoneinfo/Iran	file	0o644	1718	e7745f76d65d94586ba7233e7bff54911887480fa5e23f1c53fe5e5743f4b1e3	
usr/share/zoneinfo/Israel	file	0o644	2265	60019ee0d1deb6e6994a1a5c951861e1db9f992a5c027fbc4e3617f942c021cf	
usr/share/zoneinfo/Jamaica	file	0o644	507	e07811907b7f7730d9fdca613637fef7d859ac9fe1d46b8a7da2801017850725	
usr/share/zoneinfo/Japan	file	0o644	318	14fb0c1796b68bf2031e0937b433fb045f2958cae7def7acced89ed744ad7fca	
usr/share/zoneinfo/Kwajalein	file	0o644	259	0902ea969397954aecbb12fa5f91d3a0096bd443bbaea36a96ee4b93d957ba25	
usr/share/zoneinfo/Libya	file	0o644	655	8ff53f7072863fb56f1e71339392b6de7e50675efa4333b9e032b677c9c9a527	
usr/share/zoneinfo/MET	file	0o644	2102	1fff331a4414e98097d33bec1a9bbf2a155d991b57acd1bb4c11f8559fb4e514	
usr/share/zoneinfo/MST	file	0o644	127	f8fb610056087bb3ca8ecf5cdcb5305c1652b649fde512f606b9ee1b3556fb9e	
usr/share/zoneinfo/MST7MDT	file	0o644	2294	85452d031526621178e9b24c91af69b7ecc30df47036669378956135c4e735d0	
usr/share/zoneinfo/Mexico	dir	0o755			
usr/share/zoneinfo/NZ	file	0o644	2460	d7b5175387ac78e29f7b9021e411512756be283ed3d1819942ef5d45ecf338e4	
usr/share/zoneinfo/NZ-CHAT	file	0o644	2087	58019f2faa29dc7db7081293230a728769054dd7c0d0fa9e96e8c4299e71314d	
usr/share/zoneinfo/Navajo	file	0o644	2453	f4df3cc74c79d070a25a7927744d3a422a05d862a9a234a12105c5c964efb22d	
usr/share/zoneinfo/PRC	file	0o644	414	953622bbd7eb9eba8c3b9e8cd5d5ec98cea6a085a9deb1c43e49e889a154d344	
usr/share/zoneinfo/PST8PDT	file	0o644	2294	4d8e69bd43e8d71f0f58e115593814d68c1a6aa441255b17b3e9a92a9d6efc46	
usr/share/zoneinfo/Pacific	dir	0o755			
usr/share/zoneinfo/Poland	file	0o644	2705	68e7493c1ca050e4134062a74aa4a4fc32159c042b4c9d8d40c8bfc9d273c5fa	
usr/share/zoneinfo/Portugal	file	0o644	3453	065277cb6392a7c5c21da64a818465eb780645b96395ac75da8a967cf5d7e26f	
usr/share/zoneinfo/ROC	file	0o644	790	25cfd02bc847bdcb11e586445ba886a76315f1f9be86f7e74944a6e8e8644543	
usr/share/zoneinfo/ROK	file	0o644	531	22de94642a978a6af463db175e9f93a3292e8a81a74a8b92989bc2174379edd6	
usr/share/zoneinfo/Singapore	file	0o644	424	e6929fde43ffc48bbac4081b31bbf7fd42643b3c26fadf322bdeadeb23cfc748	
usr/share/zoneinfo/Turkey	file	0o644	2166	95d389dbe625b41fd94f297278df784175acbaab73de386bcdc240713e379152	
usr/share/zoneinfo/UCT	file	0o644	127	b3b762863cac2569aa33f7da192584afd9965ceeb7263fed4ad87c1b35e4c7d8	
usr/share/zoneinfo/US	dir	0o755			
usr/share/zoneinfo/UTC	file	0o644	127	3c71b358be81e13b1c24e199a119fd001dbcdb90edc7d44c2c7ae175321a0215	
usr/share/zoneinfo/Universal	file	0o644	127	3c71b358be81e13b1c24e199a119fd001dbcdb90edc7d44c2c7ae175321a0215	
usr/share/zoneinfo/W-SU	file	0o644	1544	02d55516d0f9d497998260b4f129aee59867b77a920ba2ca0c58b15ec8588e7a	
usr/share/zoneinfo/WET	file	0o644	1873	e5e7c4631295e7f17085e3530f99fc2984cc7e4bdb9a07db7702de8c18c2aab1	
usr/share/zoneinfo/Zulu	file	0o644	127	3c71b358be81e13b1c24e199a119fd001dbcdb90edc7d44c2c7ae175321a0215	
usr/share/zoneinfo/Africa/Abidjan	file	0o644	170	d5ded126df8f693ce1ff83e85aa4d44185c2bdef7da1f915b214f53deffdee47	
usr/share/zoneinfo/Africa/Accra	file	0o644	842	ea0a89ec3c253390f746107c3ea69392270d8df0dc2d2aed6f23f4cff852bf91	
usr/share/zoneinfo/Africa/Addis_Ababa	file	0o644	285	f143bcb83b80bc1ad0bbb8ad736c852e62bbeb6b3134412bfa77684663ed222a	
usr/share/zoneinfo/Africa/Algiers	file	0o644	760	d777e8eecb9ebe269692349daa6b45b2463e4a3c2d107ccd139b6206c4fa73cc	
usr/share/zoneinfo/Africa/Asmara	file	0o644	285	f143bcb83b80bc1ad0bbb8ad736c852e62bbeb6b3134412bfa77684663ed222a	
usr/share/zoneinfo/Africa/Asmera	file	0o644	285	f143bcb83b80bc1ad0bbb8ad736c852e62bbeb6b3134412bfa77684663ed222a	
usr/share/zoneinfo/Africa/Bamako	file	0o644	170	d5ded126df8f693ce1ff83e85aa4d44185c2bdef7da1f915b214f53deffdee47	
usr/share/zoneinfo/Africa/Bangui	file	0o644	171	e40c3386f3a5cd88a03c811fa30ecac34f31368f960ae79e4a90de295c5b1938	
usr/share/zoneinfo/Africa/Banjul	file	0o644	170	d5ded126df8f693ce1ff83e85aa4d44185c2bdef7da1f915b214f53deffdee47	
usr/share/zoneinfo/Africa/Bissau	file	0o644	208	9613464e1c3e4aabfb5b15d0bc2e95f212ba370dd741824142758c832977f6cb	
usr/share/zoneinfo/Africa/Blantyre	file	0o644	171	3d7e6d17cabdaa1814a56dddec02687e1087bc3334fe920ad268a892bf080511	
usr/share/zoneinfo/Africa/Brazzaville	file	0o644	171	e40c3386f3a5cd88a03c811fa30ecac34f31368f960ae79e4a90de295c5b1938	
usr/share/zoneinfo/Africa/Bujumbura	file	0o644	171	3d7e6d17cabdaa1814a56dddec02687e1087bc3334fe920ad268a892bf080511	
usr/share/zoneinfo/Africa/Cairo	file	0o644	1972	279bbe1fa62da67387c63593b60bb655252ef5c8f189cf43469087740af2b4fc	
usr/share/zoneinfo/Africa/Casablanca	file	0o644	1643	7acfe156f8cf9cff97ab8f9be6b807905898d2764cb5df671434420d17e86d63	
usr/share/zoneinfo/Africa/Ceuta	file	0o644	2059	387d2c354117fe2a22f6f3b429e4193a331d3e93d7007a55c50b3b9eedee63de	
usr/share/zoneinfo/Africa/Conakry	file	0o644	170	d5ded126df8f693ce1ff83e85aa4d44185c2bdef7da1f915b214f53deffdee47	
usr/share/zoneinfo/Africa/Dakar	file	0o644	170	d5ded126df8f693ce1ff83e85aa4d44185c2bdef7da1f915b214f53deffdee47	
usr/share/zoneinfo/Africa/Dar_es_Salaam	file	0o644	285	f143bcb83b80bc1ad0bbb8ad736c852e62bbeb6b3134412bfa77684663ed222a	
usr/share/zoneinfo/Africa/Djibouti	file	0o644	285	f143bcb83b80bc1ad0bbb8ad736c852e62bbeb6b3134412bfa77684663ed222a	
usr/share/zoneinfo/Africa/Douala	file	0o644	171	e40c3386f3a5cd88a03c811fa30ecac34f31368f960ae79e4a90de295c5b1938	
usr/share/zoneinfo/Africa/El_Aaiun	file	0o644	1473	cbd2a6fcf7cadce5c7756e3e01ac087e4d8aa0025c83159b2f021df9c0077712	
usr/share/zoneinfo/Africa/Freetown	file	0o644	170	d5ded126df8f693ce1ff83e85aa4d44185c2bdef7da1f915b214f53deffdee47	
usr/share/zoneinfo/Africa/Gaborone	file	0o644	171	3d7e6d17cabdaa1814a56dddec02687e1087bc3334fe920ad268a892bf080511	
usr/share/zoneinfo/Africa/Harare	file	0o644	171	3d7e6d17cabdaa1814a56dddec02687e1087bc3334fe920ad268a892bf080511	
usr/share/zoneinfo/Africa/Johannesburg	file	0o644	271	fcec4247091905d88a0b869e8e5c7ee6bcfba7db6c310165baa95078b0be31af	
usr/share/zoneinfo/Africa/Juba	file	0o644	683	ab7cd92afd768d4c15ca778551286808cae7cd89b4f520dc082456f69c2d0134	
usr/share/zoneinfo/Africa/Kampala	file	0o644	285	f143bcb83b80bc1ad0bbb8ad736c852e62bbeb6b3134412bfa77684663ed222a	
usr/share/zoneinfo/Africa/Khartoum	file	0o644	683	ab7cd92afd768d4c15ca778551286808cae7cd89b4f520dc082456f69c2d0134	
usr/share/zoneinfo/Africa/Kigali	file	0o644	171	3d7e6d17cabdaa1814a56dddec02687e1087bc3334fe920ad268a892bf080511	
usr/share/zoneinfo/Africa/Kinshasa	file	0o644	171	e40c3386f3a5cd88a03c811fa30ecac34f31368f960ae79e4a90de295c5b1938	
usr/share/zoneinfo/Africa/Lagos	file	0o644	171	e40c3386f3a5cd88a03c811fa30ecac34f31368f960ae79e4a90de295c5b1938	
usr/share/zoneinfo/Africa/Libreville	file	0o644	171	e40c3386f3a5cd88a03c811fa30ecac34f31368f960ae79e4a90de295c5b1938	
usr/share/zoneinfo/Africa/Lome	file	0o644	170	d5ded126df8f693ce1ff83e85aa4d44185c2bdef7da1f915b214f53deffdee47	
usr/share/zoneinfo/Africa/Luanda	file	0o644	171	e40c3386f3a5cd88a03c811fa30ecac34f31368f960ae79e4a90de295c5b1938	
usr/share/zoneinfo/Africa/Lubumbashi	file	0o644	171	3d7e6d17cabdaa1814a56dddec02687e1087bc3334fe920ad268a892bf080511	
usr/share/zoneinfo/Africa/Lusaka	file	0o644	171	3d7e6d17cabdaa1814a56dddec02687e1087bc3334fe920ad268a892bf080511	
usr/share/zoneinfo/Africa/Malabo	file	0o644	171	e40c3386f3a5cd88a03c811fa30ecac34f31368f960ae79e4a90de295c5b1938	
usr/share/zoneinfo/Africa/Maputo	file	0o644	171	3d7e6d17cabdaa1814a56dddec02687e1087bc3334fe920ad268a892bf080511	
usr/share/zoneinfo/Africa/Maseru	file	0o644	271	fcec4247091905d88a0b869e8e5c7ee6bcfba7db6c310165baa95078b0be31af	
usr/share/zoneinfo/Africa/Mbabane	file	0o644	271	fcec4247091905d88a0b869e8e5c7ee6bcfba7db6c310165baa95078b0be31af	
usr/share/zoneinfo/Africa/Mogadishu	file	0o644	285	f143bcb83b80bc1ad0bbb8ad736c852e62bbeb6b3134412bfa77684663ed222a	
usr/share/zoneinfo/Africa/Monrovia	file	0o644	233	3f9672c98983af595b3c6274cf8135728c8815a4f9c98ffba043707609e5d122	
usr/share/zoneinfo/Africa/Nairobi	file	0o644	285	f143bcb83b80bc1ad0bbb8ad736c852e62bbeb6b3134412bfa77684663ed222a	
usr/share/zoneinfo/Africa/Ndjamena	file	0o644	225	b1391c8edd23b3f73e0bfacf8b878801c58206ca42349c30b22fcb7e8d13de3a	
usr/share/zoneinfo/Africa/Niamey	file	0o644	171	e40c3386f3a5cd88a03c811fa30ecac34f31368f960ae79e4a90de295c5b1938	
usr/share/zoneinfo/Africa/Nouakchott	file	0o644	170	d5ded126df8f693ce1ff83e85aa4d44185c2bdef7da1f915b214f53deffdee47	
usr/share/zoneinfo/Africa/Ouagadougou	file	0o644	170	d5ded126df8f693ce1ff83e85aa4d44185c2bdef7da1f915b214f53deffdee47	
usr/share/zoneinfo/Africa/Porto-Novo	file	0o644	171	e40c3386f3a5cd88a03c811fa30ecac34f31368f960ae79e4a90de295c5b1938	
usr/share/zoneinfo/Africa/Sao_Tome	file	0o644	170	d5ded126df8f693ce1ff83e85aa4d44185c2bdef7da1f915b214f53deffdee47	
usr/share/zoneinfo/Africa/Timbuktu	file	0o644	170	d5ded126df8f693ce1ff83e85aa4d44185c2bdef7da1f915b214f53deffdee47	
usr/share/zoneinfo/Africa/Tripoli	file	0o644	655	8ff53f7072863fb56f1e71339392b6de7e50675efa4333b9e032b677c9c9a527	
usr/share/zoneinfo/Africa/Tunis	file	0o644	710	eecc34436d1dd96c49d6b671ed61bc594548d280a967537a9653841b537a9a92	
usr/share/zoneinfo/Africa/Windhoek	file	0o644	1592	e5943251b7dfcbe44c19666c0ec1823607f6efd408af096ea0a9aeeb45261cd6	
usr/share/zoneinfo/America/Adak	file	0o644	2365	8959d87dd43885d070bddf0df57faac633746e81ef9124fb3beb8e9eb5c07852	
usr/share/zoneinfo/America/Anchorage	file	0o644	2380	d2c3625b14836e5f256bb8a31a277470df0c499875f60484b08db22a85a00a7f	
usr/share/zoneinfo/America/Anguilla	file	0o644	170	b2659c267f7555c0640505660234cbe0d7feead3a5e29f41272e28a1d7d18962	
usr/share/zoneinfo/America/Antigua	file	0o644	170	b2659c267f7555c0640505660234cbe0d7feead3a5e29f41272e28a1d7d18962	
usr/share/zoneinfo/America/Araguaina	file	0o644	910	fb7fe2d06e8ee5c5d9a8a568c8cb37efbb0086824f38d1bc4d8505f963b5970d	
usr/share/zoneinfo/America/Argentina	dir	0o755			
usr/share/zoneinfo/America/Aruba	file	0o644	212	023d877932f35d889772f561f79e266c8541b984e0ce2bd257723aafc7d883c1	
usr/share/zoneinfo/America/Asuncion	file	0o644	2077	1e29f7cdc530419ad31e4afc8fc2adf40d9577f55e2174a3a82358a027780ca2	
usr/share/zoneinfo/America/Atikokan	file	0o644	345	c30226b472b507b5a30b69557d56f24fcc8e9467110e4d3ec15c2c51de5d245c	
usr/share/zoneinfo/America/Atka	file	0o644	2365	8959d87dd43885d070bddf0df57faac633746e81ef9124fb3beb8e9eb5c07852	
usr/share/zoneinfo/America/Bahia	file	0o644	1050	2e1c1b5e2579e15a623bfd3774db703a49b937790e68b44a6b99a308c6ecba66	
usr/share/zoneinfo/America/Bahia_Banderas	file	0o644	1588	9d0e0d9f6168635a5f98550a170d423854ff5b662ce0d874c3cba77199bf1cbd	
usr/share/zoneinfo/America/Barbados	file	0o644	344	9b1a7857a01ae2a3ae9a51e0b40cfbed91bac468579ed3c08b54466276bbb1fa	
usr/share/zoneinfo/America/Belem	file	0o644	602	84749f6075de59dc62bd69343194806cfd552641b912a6f8e96c83c99914a187	
usr/share/zoneinfo/America/Belize	file	0o644	978	eb4e57a8c657d0c253ef4e0a5af118c928e6e5875564081a714563addfd4b31a	
usr/share/zoneinfo/America/Blanc-Sablon	file	0o644	307	c7d383bfb7e85331030f8091a9055a5f424e3674407ca0c76cce06b5a0316fdb	
usr/share/zoneinfo/America/Boa_Vista	file	0o644	658	c57a63f22280c2c46587414956efc8fcaadc36ed422589b48929dcc7ab4f6680	
usr/share/zoneinfo/America/Bogota	file	0o644	271	3611de34f765f2d65ec0593e79c678de36092549898680dc4639b8c68f7137ba	
usr/share/zoneinfo/America/Boise	file	0o644	2403	33353ef05ccdda7debe757cf865ee7bd78031f38c6797b8fbfc11f9010f55a10	
usr/share/zoneinfo/America/Buenos_Aires	file	0o644	1109	841b9bca947f2acd9adc6cb5c10171204eecec1e46e6042654f355c89debc43f	
usr/share/zoneinfo/America/Cambridge_Bay	file	0o644	2098	0aeaed5b104ee99ab13a9f5b5a7aaf7f6c9a7f59bdefd15d3c9951551c7b5f6f	
usr/share/zoneinfo/America/Campo_Grande	file	0o644	2016	778032d8d96307996345d498295be2be397ca073c7d529a2841f7ee2280c2b17	
usr/share/zoneinfo/America/Cancun	file	0o644	816	d22316873f309799c6f97fefb8a0a8897d0df4eb376f84bb0b71602ec240d04f	
usr/share/zoneinfo/America/Caracas	file	0o644	289	94e8efae88e096d6dd0abda2661d826c004f0c587f97782cb2f911ed7c942f1a	
usr/share/zoneinfo/America/Catamarca	file	0o644	1109	e844a8f34c71c2d04bfdac6b11e913b5f20ea9fddb5d145433d0831087f1c5d6	
usr/share/zoneinfo/America/Cayenne	file	0o644	224	af8de87447f7093759a595cc3d403e5fa7b51fc3520959c4da54956ffbac856a	
usr/share/zoneinfo/America/Cayman	file	0o644	203	fc4fbba14653a3186f3c5b719f7b9bf7d8a5824401064cf6d508205592e55a9f	
usr/share/zoneinfo/America/Chicago	file	0o644	3585	143f29b957173a46008187230a38125bd3a03b3dbcba0dc1d1b8661331f71693	
usr/share/zoneinfo/America/Chihuahua	file	0o644	1522	a7d150e716db5b1c96bb0e50252b80306e1d9e8bcc2bf90a3ae7071906e71513	
usr/share/zoneinfo/America/Coral_Harbour	file	0o644	345	c30226b472b507b5a30b69557d56f24fcc8e9467110e4d3ec15c2c51de5d245c	
usr/share/zoneinfo/America/Cordoba	file	0o644	1109	254a30f9b9b00558350d0c1f40a1d9c8738045bb7fe88e56c81bbb9fbd161026	
usr/share/zoneinfo/America/Costa_Rica	file	0o644	341	4e6ff29a776e053226bf590ebe734896f9150d69074f22a16a1c7199a1484ec5	
usr/share/zoneinfo/America/Creston	file	0o644	233	97b74beec3714be518219f24533cc21edf9b53d01f4ab792a6fe0f88973449eb	
usr/share/zoneinfo/America/Cuiaba	file	0o644	1988	abe09b61ea932f4901febcc810736366be9bc690c5c4199a1d00cc2cfcf050b3	
usr/share/zoneinfo/America/Curacao	file	0o644	212	023d877932f35d889772f561f79e266c8541b984e0ce2bd257723aafc7d883c1	
usr/share/zoneinfo/America/Danmarkshavn	file	0o644	712	087e39cd6f10b6944b68b1de557289ef33769467f1b29806b96a16cf8e438e6e	
usr/share/zoneinfo/America/Dawson	file	0o644	2093	2d01b4b6114df8b0ed8aa64654f777842f20729818f1566a5f341d73ef7093dc	
usr/share/zoneinfo/America/Dawson_Creek	file	0o644	1059	29d0245bc04dadcbb196a3b6a81bace1696451166a7417d5bb2a8610f37ec5ba	
usr/share/zoneinfo/America/Denver	file	0o644	2453	f4df3cc74c79d070a25a7927744d3a422a05d862a9a234a12105c5c964efb22d	
usr/share/zoneinfo/America/Detroit	file	0o644	2216	d69dd4ee096c6e5bd256ec578afa48a810bd768d0749d4d7f1a9c219107d18a6	
usr/share/zoneinfo/America/Dominica	file	0o644	170	b2659c267f7555c0640505660234cbe0d7feead3a5e29f41272e28a1d7d18962	
usr/share/zoneinfo/America/Edmonton	file	0o644	2402	6678c23f86573b6c95e6c748a317aa8ce90f68636bcdad18db081e70986fb54e	
usr/share/zoneinfo/America/Eirunepe	file	0o644	690	07761278f5c58867c645625c9b819ea09e4703d76564e231979e48d6d2e0881a	
usr/share/zoneinfo/America/El_Salvador	file	0o644	250	63215b213a31505bfd545fd52b11214cb614f13f0f55911f414edb44286e7f8a	
usr/share/zoneinfo/America/Ensenada	file	0o644	2356	d827b95b4fa16b8c56d9a1636341c9112657e567ae84b37a9bfca133ae31babb	
usr/share/zoneinfo/America/Fort_Nelson	file	0o644	2249	e7ce9a01cdd313d20352112430341c262e1b90182de490fc95c132daac118ce7	
usr/share/zoneinfo/America/Fort_Wayne	file	0o644	1675	55c2f3feb241f88435e9876e76e2c69ddfd0dfd36a273b551ff480e2cfad99fe	
usr/share/zoneinfo/America/Fortaleza	file	0o644	742	ca3cd6cdd4ec5f945742cd72a91e539756e0ad2eac3dfa62afc21397061eea99	
usr/share/zoneinfo/America/Glace_Bay	file	0o644	2206	e6af24e3b9f1240abb8618fac326ee3a1ecccd25d2fa4936b2a28b0b0880e550	
usr/share/zoneinfo/America/Godthab	file	0o644	1892	356cd2d4e74c958622b77385ae0509b5ea87e691f21207230f6fe1fa67e220af	
usr/share/zoneinfo/America/Goose_Bay	file	0o644	3219	f0c06c6a1841cdc37bfb311c11caba1c974d0d6c27725c04b69657e7ca112a49	
usr/share/zoneinfo/America/Grand_Turk	file	0o644	1287	e7f0bb80682771facd9b88cd47b711d04132fa9cb526a2bf08803c5057427416	
usr/share/zoneinfo/America/Grenada	file	0o644	170	b2659c267f7555c0640505660234cbe0d7feead3a5e29f41272e28a1d7d18962	
usr/share/zoneinfo/America/Guadeloupe	file	0o644	170	b2659c267f7555c0640505660234cbe0d7feead3a5e29f41272e28a1d7d18962	
usr/share/zoneinfo/America/Guatemala	file	0o644	306	795cc25e5ffe825a8b3d86eed98ad5f9bb9f6d152df2b624f0e2a63b17f0ee43	
usr/share/zoneinfo/America/Guayaquil	file	0o644	271	6f52c0cff32100d797e64032c4ce19fa5a94b75b7678f1beb3c0cb549cdc00f7	
usr/share/zoneinfo/America/Guyana	file	0o644	266	ffa4db9ef9c8a2902355de59b3693aa3dabd21e7a06054772bfcd754902e9342	
usr/share/zoneinfo/America/Halifax	file	0o644	3438	627e18218c6f3c3f446c4970abe8164672e2a7ba94bcf841b1e06af5089b94ea	
usr/share/zoneinfo/America/Havana	file	0o644	2437	7871f875a8819f415c292519db1590556a0dc1a6ce691bf4f7af55e6716fb894	
usr/share/zoneinfo/America/Hermosillo	file	0o644	454	ec6eb21d068f1ca8e80a9e825206ad1b5a04b1e8abb2dd981c6c90b7686b8820	
usr/share/zoneinfo/America/Indiana	dir	0o755			
usr/share/zoneinfo/America/Indianapolis	file	0o644	1675	55c2f3feb241f88435e9876e76e2c69ddfd0dfd36a273b551ff480e2cfad99fe	
usr/share/zoneinfo/America/Inuvik	file	0o644	1928	ea64cbc0bf92cf88c8917222f11db8838f42e2d41360cd81bb93f669a2bc685b	
usr/share/zoneinfo/America/Iqaluit	file	0o644	2046	eb8797250b8bd8c3d09893b4f261ffb1bedd668869a051c8e2c80f6c0d63408c	
usr/share/zoneinfo/America/Jamaica	file	0o644	507	e07811907b7f7730d9fdca613637fef7d859ac9fe1d46b8a7da2801017850725	
usr/share/zoneinfo/America/Jujuy	file	0o644	1081	233f43f895b08f21cd28918fbdb9c22892511c0996ac6212e019c3e866aca455	
usr/share/zoneinfo/America/Juneau	file	0o644	2362	b18601ab2245d52b58bdbd525909934d5bb4cc55692c0a644a55a37cd6cdd6ca	
usr/share/zoneinfo/America/Kentucky	dir	0o755			
usr/share/zoneinfo/America/Knox_IN	file	0o644	2437	9e75dd6c52c5339c8e2b195ff8ac6a7212e2c5e84b2be3023cc355972c20d856	
usr/share/zoneinfo/America/Kralendijk	file	0o644	212	023d877932f35d889772f561f79e266c8541b984e0ce2bd257723aafc7d883c1	
usr/share/zoneinfo/America/La_Paz	file	0o644	259	546eac286be1af66ec073bbd64828fb5abfa98e458aa86a50f9e584a3c88f68e	
usr/share/zoneinfo/America/Lima	file	0o644	431	5f514d5245abb9de7c35fabed4c4cc86f6c027548cd1be04cc84b122878e1ad3	
usr/share/zoneinfo/America/Los_Angeles	file	0o644	2845	fea9d66ff6522e69d22073dc4e84179b7cac2e372b398dc2fafdfdb61a9eb2e1	
usr/share/zoneinfo/America/Louisville	file	0o644	2781	779c6a6c566774f94f754dad8936ea7f7f6afb028ed9c76b74d8f375355439ee	
usr/share/zoneinfo/America/Lower_Princes	file	0o644	212	023d877932f35d889772f561f79e266c8541b984e0ce2bd257723aafc7d883c1	
usr/share/zoneinfo/America/Maceio	file	0o644	770	3241ce8df0004a0cb5db2eb3800a3dfe770cc1d24d144fee27862c4dd7400840	
usr/share/zoneinfo/America/Managua	file	0o644	463	a3c1f00bc879ee84e623d25252f1fb8ffd8cf43cd9c8b8bf12b6b5eda8045683	
usr/share/zoneinfo/America/Manaus	file	0o644	630	e1213e7b97cfa580b4f9c728c34ffa64a6ab277b06b558893b299c20d3528e6c	
usr/share/zoneinfo/America/Marigot	file	0o644	170	b2659c267f7555c0640505660234cbe0d7feead3a5e29f41272e28a1d7d18962	
usr/share/zoneinfo/America/Martinique	file	0o644	257	e087c3e4ae20234a08667adcf6ab4cd03ab3aeee7e035278f271ddb0b65cfff2	
usr/share/zoneinfo/America/Matamoros	file	0o644	1416	4398d831df4bfcfd9bafa22ac35cd55dbb7dfd5f25c138452e8adf275ea11735	
usr/share/zoneinfo/America/Mazatlan	file	0o644	1564	9340b719b250773262cec62e771d121105aed168836723dfc305e30bb04cfbb1	
usr/share/zoneinfo/America/Mendoza	file	0o644	1109	d50f245cf1eeb3650dbbdd45720ddc6b1c5e22aede7981f20b9efe2c7ac68c4d	
usr/share/zoneinfo/America/Menominee	file	0o644	2283	46ced580e74834d2c68a80a60ae05a0b715014bb2b4dad67cf994ac20ce2ac22	
usr/share/zoneinfo/America/Merida	file	0o644	1456	ecdcf4b29f7b439152b9e9b559f04d7d4ba759dd942c2fd685a4ee36798fc8d1	
usr/share/zoneinfo/America/Metlakatla	file	0o644	1418	bcb6196b39015d0722188b02d8837a7fed9b2e434f17846278719e33bb73f0e0	
usr/share/zoneinfo/America/Mexico_City	file	0o644	1618	88bc3fcb1a92ef053e0af4af9053ecbf12855fdf18f859b2a54d826dbfacb655	
usr/share/zoneinfo/America/Miquelon	file	0o644	1696	21fabc9c2cafd8eef46af9126040cced6ef27d648d73d48951178143e6bb006b	
usr/share/zoneinfo/America/Moncton	file	0o644	3163	1300d5a93bb376cbf23a890a23ea05fa2b229486e7eb7d5959c7834260fbb7b7	
usr/share/zoneinfo/America/Monterrey	file	0o644	1416	89dadca852ebf52e4405c958132255c25fb195604d7df9b844bf50b48a0865d8	
usr/share/zoneinfo/America/Montevideo	file	0o644	1537	cb5415fd0c51f2d172e1dad808908a76fb2760621c556f92adcc720eb9b2478d	
usr/share/zoneinfo/America/Montreal	file	0o644	3503	842f7a103dfac9c0c2c33c9cc392a113d266ac064c5c7497883ab41b797ce194	
usr/share/zoneinfo/America/Montserrat	file	0o644	170	b2659c267f7555c0640505660234cbe0d7feead3a5e29f41272e28a1d7d18962	
usr/share/zoneinfo/America/Nassau	file	0o644	2284	4c999dbcc6c6045acbedf6fd48f5b70b20eb8d8b0bd9612d2bea88dc03aa9f4d	
usr/share/zoneinfo/America/New_York	file	0o644	3545	5fa6dccc303352e1195c4348b189f3085014d8a56a1976c8e8a32bd4fedb69fd	
usr/share/zoneinfo/America/Nipigon	file	0o644	2131	7100ca4bf3044211ff8e770dade20b683880f3965f146ebbdd72c644aaec7c37	
usr/share/zoneinfo/America/Nome	file	0o644	2376	df9ef6681135ae9089321cab2a348b0970ba0f52775b34c975601e780785d3cf	
usr/share/zoneinfo/America/Noronha	file	0o644	742	cb4e968f415ed53e769108c9d5f9710e898716af74536d39b7077b0426f3960d	
usr/share/zoneinfo/America/North_Dakota	dir	0o755			
usr/share/zoneinfo/America/Ojinaga	file	0o644	1522	a07ff8fe3ee3531f866afca0f7937d86acec1826fb3eaa655d54300ec22dc713	
usr/share/zoneinfo/America/Panama	file	0o644	203	fc4fbba14653a3186f3c5b719f7b9bf7d8a5824401064cf6d508205592e55a9f	
usr/share/zoneinfo/America/Pangnirtung	file	0o644	2108	1b6a497653df9220c30a022d87ec2aa1320af9e51bb3cdc48756e72d770a6738	
usr/share/zoneinfo/America/Paramaribo	file	0o644	296	57039b31a68b30ba0731916cffa7b9a1bbb52bf7650f7aa62052e89a8fc9edf6	
usr/share/zoneinfo/America/Phoenix	file	0o644	353	9c013ecf82b6ed1dde235b5fc983fe9d23c8d56d610323f7c94c6ba3cd7b4564	
usr/share/zoneinfo/America/Port-au-Prince	file	0o644	1455	b0b60ad1c557c41596e0fcc7fc8b9b39444c78295b147cee495e29985a225da6	
usr/share/zoneinfo/America/Port_of_Spain	file	0o644	170	b2659c267f7555c0640505660234cbe0d7feead3a5e29f41272e28a1d7d18962	
usr/share/zoneinfo/America/Porto_Acre	file	0o644	662	16c86cccc93c7ebfeffae880e439ce848055e421578982d5cabef8aaec15f802	
usr/share/zoneinfo/America/Porto_Velho	file	0o644	602	29f8daaa8fdca090df7145e69ecdc936cd3fedacea0b723f5c93da2a8c80f976	
usr/share/zoneinfo/America/Puerto_Rico	file	0o644	255	7eee44e1cb7ac885fdd5042815c548bcb6ca84cff8de007e52b53c0b9ad53f19	
usr/share/zoneinfo/America/Punta_Arenas	file	0o644	1911	33e26b3c8bf3dd7100151d3c1842ae9aa8ef69b15f961aa2eee2e1dc3508c6e5	
usr/share/zoneinfo/America/Rainy_River	file	0o644	2131	9a7b8dd4c968de31fe35fd9fe075fad8afc15892067119f638b5aef0d2288d83	
usr/share/zoneinfo/America/Rankin_Inlet	file	0o644	1930	b3ae38ccfa3091ebd8037fd5e1fd2715a72008932f94526a15fb1aa7fae722dc	
usr/share/zoneinfo/America/Recife	file	0o644	742	cebb6d30c20b00bc437d4e0a8c6a0c91db120a3aef2c28bc56960f682b3fc30c	
usr/share/zoneinfo/America/Regina	file	0o644	994	929d07457407529637626d09f5ca975b4f05801f35d0bfac4e3b0027efee6776	
usr/share/zoneinfo/America/Resolute	file	0o644	1930	c529141807704725b059187b9f458080f911b6dd4313e74139d2c7dac287c901	
usr/share/zoneinfo/America/Rio_Branco	file	0o644	662	16c86cccc93c7ebfeffae880e439ce848055e421578982d5cabef8aaec15f802	
usr/share/zoneinfo/America/Rosario	file	0o644	1109	254a30f9b9b00558350d0c1f40a1d9c8738045bb7fe88e56c81bbb9fbd161026	
usr/share/zoneinfo/America/Santa_Isabel	file	0o644	2356	d827b95b4fa16b8c56d9a1636341c9112657e567ae84b37a9bfca133ae31babb	
usr/share/zoneinfo/America/Santarem	file	0o644	632	78440d01f4c5b7c13d1dbe6500ba71188efdcf90069979c80a224d831c8bd97b	
usr/share/zoneinfo/America/Santiago	file	0o644	2538	03459301fd5343e2c0accb57c0abe71a5c99040defe264a43d32b430435731ee	
usr/share/zoneinfo/America/Santo_Domingo	file	0o644	491	adf349e4c7314aaa699c4893c589b077f6dfa7d9a54ea9eae459658f9af41dc7	
usr/share/zoneinfo/America/Sao_Paulo	file	0o644	2016	ab9904df2a5250e7838c23ac2be1b052d4c86d4b4c55af70f5e28b3081707914	
usr/share/zoneinfo/America/Scoresbysund	file	0o644	1930	c668772d49326cde3798d158089d2f9ced43788f904360a6dc67a53868b28f96	
usr/share/zoneinfo/America/Shiprock	file	0o644	2453	f4df3cc74c79d070a25a7927744d3a422a05d862a9a234a12105c5c964efb22d	
usr/share/zoneinfo/America/Sitka	file	0o644	2350	63c8e93d082fa109632c5a1b3fa04f52e7053762583f8144637f2239708167a1	
usr/share/zoneinfo/America/St_Barthelemy	file	0o644	170	b2659c267f7555c0640505660234cbe0d7feead3a5e29f41272e28a1d7d18962	
usr/share/zoneinfo/America/St_Johns	file	0o644	3664	2b960a58d6d3f6a272707f941f55b15b8ba3fd0fd55f8680ea84af6b1e98bae0	
usr/share/zoneinfo/America/St_Kitts	file	0o644	170	b2659c267f7555c0640505660234cbe0d7feead3a5e29f41272e28a1d7d18962	
usr/share/zoneinfo/America/St_Lucia	file	0o644	170	b2659c267f7555c0640505660234cbe0d7feead3a5e29f41272e28a1d7d18962	
usr/share/zoneinfo/America/St_Thomas	file	0o644	170	b2659c267f7555c0640505660234cbe0d7feead3a5e29f41272e28a1d7d18962	
usr/share/zoneinfo/America/St_Vincent	file	0o644	170	b2659c267f7555c0640505660234cbe0d7feead3a5e29f41272e28a1d7d18962	
usr/share/zoneinfo/America/Swift_Current	file	0o644	574	6b6029f04ac07c382e20d315da7a72d9204d813ef83585f042562e7f6788a78f	
usr/share/zoneinfo/America/Tegucigalpa	file	0o644	278	fd295a9cc689a966786b6e0ec9d0f101796ac8b4f04a6f529b192937df3a2115	
usr/share/zoneinfo/America/Thule	file	0o644	1528	9a474a1fc764343470d310369cdbf6d7007ea611116e25bea68f60ddf5a6cd68	
usr/share/zoneinfo/America/Thunder_Bay	file	0o644	2211	aef45e1474369f52e1afb1cd7f312e9f035ca13686092cf2351a353133e1cee6	
usr/share/zoneinfo/America/Tijuana	file	0o644	2356	d827b95b4fa16b8c56d9a1636341c9112657e567ae84b37a9bfca133ae31babb	
usr/share/zoneinfo/America/Toronto	file	0o644	3503	842f7a103dfac9c0c2c33c9cc392a113d266ac064c5c7497883ab41b797ce194	
usr/share/zoneinfo/America/Tortola	file	0o644	170	b2659c267f7555c0640505660234cbe0d7feead3a5e29f41272e28a1d7d18962	
usr/share/zoneinfo/America/Vancouver	file	0o644	2901	8b414b9a20be09ad61214deeb2dbff3bb1bd1e9d351a79aceae757fa0fbe91dd	
usr/share/zoneinfo/America/Virgin	file	0o644	170	b2659c267f7555c0640505660234cbe0d7feead3a5e29f41272e28a1d7d18962	
usr/share/zoneinfo/America/Whitehorse	file	0o644	2093	1864fe33d51e58780a5c8400a47e7c42e6e6655abe49a82cc11a461059058313	
usr/share/zoneinfo/America/Winnipeg	file	0o644	2891	77be5c08f6f8ebe5330fb86a60c4447ea2549620609f4ef6a7a7a68d1a12d9d6	
usr/share/zoneinfo/America/Yakutat	file	0o644	2314	ee2623d41304ddd66d6bf2e4212e4947aabba7b14b67b7113e41f4abd671094a	
usr/share/zoneinfo/America/Yellowknife	file	0o644	1980	3140de7fe4136fb4920e8bb8ed8d707256e78c672edfce1657ae22672de68768	
usr/share/zoneinfo/America/Argentina/Buenos_Aires	file	0o644	1109	841b9bca947f2acd9adc6cb5c10171204eecec1e46e6042654f355c89debc43f	
usr/share/zoneinfo/America/Argentina/Catamarca	file	0o644	1109	e844a8f34c71c2d04bfdac6b11e913b5f20ea9fddb5d145433d0831087f1c5d6	
usr/share/zoneinfo/America/Argentina/ComodRivadavia	file	0o644	1109	e844a8f34c71c2d04bfdac6b11e913b5f20ea9fddb5d145433d0831087f1c5d6	
usr/share/zoneinfo/America/Argentina/Cordoba	file	0o644	1109	254a30f9b9b00558350d0c1f40a1d9c8738045bb7fe88e56c81bbb9fbd161026	
usr/share/zoneinfo/America/Argentina/Jujuy	file	0o644	1081	233f43f895b08f21cd28918fbdb9c22892511c0996ac6212e019c3e866aca455	
usr/share/zoneinfo/America/Argentina/La_Rioja	file	0o644	1123	edc82d9225b8ae3ca911eab14f8201a8916928cfab233e182f807e715cf18435	
usr/share/zoneinfo/America/Argentina/Mendoza	file	0o644	1109	d50f245cf1eeb3650dbbdd45720ddc6b1c5e22aede7981f20b9efe2c7ac68c4d	
usr/share/zoneinfo/America/Argentina/Rio_Gallegos	file	0o644	1109	f762067b25cc7e6141b06a6eae77764caccccbfe8716f1370c33e169ec2e1723	
usr/share/zoneinfo/America/Argentina/Salta	file	0o644	1081	1deede9c14ed0b4dc6e5a40110c7056083c8fed557b84aadc0fa2a045411e560	
usr/share/zoneinfo/America/Argentina/San_Juan	file	0o644	1123	100c000b03b9a0e19c778d9e81ad8e5c2c34db4b7da24c55d67c0ad8050a67c5	
usr/share/zoneinfo/America/Argentina/San_Luis	file	0o644	1139	ab15b1141b87b1381e5cad386fc374b5a9a2ca922504da5b848074fab91e9abc	
usr/share/zoneinfo/America/Argentina/Tucuman	file	0o644	1137	6a623bbcd2144f1e43892777084bde4e2613ae6f22bf92dedf6e1dc6e68248b3	
usr/share/zoneinfo/America/Argentina/Ushuaia	file	0o644	1109	02f9a96426823c7bf25ff15a1f241069e2cb15969d48d0c6cc31aad13a7d0f49	
usr/share/zoneinfo/America/Indiana/Indianapolis	file	0o644	1675	55c2f3feb241f88435e9876e76e2c69ddfd0dfd36a273b551ff480e2cfad99fe	
usr/share/zoneinfo/America/Indiana/Knox	file	0o644	2437	9e75dd6c52c5339c8e2b195ff8ac6a7212e2c5e84b2be3023cc355972c20d856	
usr/share/zoneinfo/America/Indiana/Marengo	file	0o644	1731	64bb87669a7c161454b283e5855e28de7655450680cc403eea0572e580eb2625	
usr/share/zoneinfo/America/Indiana/Petersburg	file	0o644	1913	3eb5dd510d677f9118ec4bca7892db4ed181722fbaf94ef9cb1a441718400321	
usr/share/zoneinfo/America/Indiana/Tell_City	file	0o644	1735	268c538689f4815f86ae1d100b4b072a785d5e68b03de71b74f437135bc52843	
usr/share/zoneinfo/America/Indiana/Vevay	file	0o644	1423	5cf728ac267cce51bddf1875219bf0e800d5aaa17794dc2c7408293773f516e5	
usr/share/zoneinfo/America/Indiana/Vincennes	file	0o644	1703	8a9db38f7575f9e2a624c9466128927caef0eea7e9a3841679cd6eb129b019d3	
usr/share/zoneinfo/America/Indiana/Winamac	file	0o644	1787	d2dc919207b8db95bd82aff68b8a498a6d3bec2c33220ba5381ebca171dcc095	
usr/share/zoneinfo/America/Kentucky/Louisville	file	0o644	2781	779c6a6c566774f94f754dad8936ea7f7f6afb028ed9c76b74d8f375355439ee	
usr/share/zoneinfo/America/Kentucky/Monticello	file	0o644	2361	b87081e46bbe688816a7e03cfdc5b4efe10bd6b92cb5a780df6b0c86af4c1a37	
usr/share/zoneinfo/America/North_Dakota/Beulah	file	0o644	2389	f604eb42f0197f5edefcd6d43051a0b64e6e1327dbd2d3cfa94d0348b23e1fa8	
usr/share/zoneinfo/America/North_Dakota/Center	file	0o644	2389	08efea4af9a2b6a5ab25e86116cfcf4b93c16ba9b7b22f762d9cb3481ecf3ac8	
usr/share/zoneinfo/America/North_Dakota/New_Salem	file	0o644	2389	c5a43eb6776c326b1250f914f00e9e00e121b9b51f63665f90f245376da2017a	
usr/share/zoneinfo/Antarctica/Casey	file	0o644	314	22e81e7a4c3f7f21abd1683c25bf30bf25613b12a880b6159e1dbd4a740c859c	
usr/share/zoneinfo/Antarctica/Davis	file	0o644	311	8dec77b2a23389d30c680a6fb0241cae32f1c0c71bf28fde1679bdb035a2939b	
usr/share/zoneinfo/Antarctica/DumontDUrville	file	0o644	216	86d1e72a7cad1d9817f57d456e39184b749436a02783a272f2109994addfbd55	
usr/share/zoneinfo/Antarctica/Macquarie	file	0o644	1543	edccaab42adcfc7fa4872ff22b63fdc128a3354fa7d443f895b8f7068ced788f	
usr/share/zoneinfo/Antarctica/Mawson	file	0o644	225	afa4aec36d9ff91992970b4c645e038810f25d8e58118a56568dbc9226704543	
usr/share/zoneinfo/Antarctica/McMurdo	file	0o644	2460	d7b5175387ac78e29f7b9021e411512756be283ed3d1819942ef5d45ecf338e4	
usr/share/zoneinfo/Antarctica/Palmer	file	0o644	1432	aa3fc7dd1b1f1599bf71ed328ae5dba81e09ac3e3a914689e7ea5ff3adc28183	
usr/share/zoneinfo/Antarctica/Rothera	file	0o644	186	e67d9eb78b53d3a415865402758eca495c69c347ed0ca7d5a0238c5f7ac01d8b	
usr/share/zoneinfo/Antarctica/South_Pole	file	0o644	2460	d7b5175387ac78e29f7b9021e411512756be283ed3d1819942ef5d45ecf338e4	
usr/share/zoneinfo/Antarctica/Syowa	file	0o644	187	aef765ec9b3fae2cedbbaf2b525505008aa24f2f4e06abae3f770a9677387879	
usr/share/zoneinfo/Antarctica/Troll	file	0o644	1176	1d8bdfe767292729981993a64fd8a2f745b24058c8bcbcf21bf3b0b6d5075c2d	
usr/share/zoneinfo/Antarctica/Vostok	file	0o644	187	903d2010d8a06be20cd57000e89d92e6f8307dca3810294215a58cd7c7c863e2	
usr/share/zoneinfo/Arctic/Longyearbyen	file	0o644	2251	0fa4e635da2b178fa3ea13ff3829c702844cf8bd69e16bca8e1d34dbd9249d01	
usr/share/zoneinfo/Asia/Aden	file	0o644	187	3102c1755d9a64b2e2b363381bbf52d6a01eb866a4d2cdfd0cf7e0832517094d	
usr/share/zoneinfo/Asia/Almaty	file	0o644	1031	4401628c6d2a36430efdddec3d9aeb9ff091e85daa21d0783298cddfe70c38c4	
usr/share/zoneinfo/Asia/Amman	file	0o644	1877	ba18a1f823f77e478e7030eeb82ddd71a5f3fae6efdf56325b7776304912da08	
usr/share/zoneinfo/Asia/Anadyr	file	0o644	1222	b4b88045d6624e21cb233c7c6226edee88afb63e0ca8d4e3df580d74a6c8a34c	
usr/share/zoneinfo/Asia/Aqtau	file	0o644	1017	e2e79c79371b0c8601cc8da9dc613145b60721e9c574310ed4b7fa9ae9baa30b	
usr/share/zoneinfo/Asia/Aqtobe	file	0o644	1047	ccd2ab0718fc8a637bb44576e4ca3ff267151cc4081dc697e69ebd426dbe4c1d	
usr/share/zoneinfo/Asia/Ashgabat	file	0o644	651	46284acf00fcee991886ee879f507f970bef4105a05d5e330736a02b329d3375	
usr/share/zoneinfo/Asia/Ashkhabad	file	0o644	651	46284acf00fcee991886ee879f507f970bef4105a05d5e330736a02b329d3375	
usr/share/zoneinfo/Asia/Atyrau	file	0o644	1025	44812ada1ccc49ab42dd04e3c5ebe8f9f592682765b0e400972662c34ef6e931	
usr/share/zoneinfo/Asia/Baghdad	file	0o644	1004	942ba9632d564f1e29f60e75a7edf598d3b001515ecdd7d403b147e5bf703cb1	
usr/share/zoneinfo/Asia/Bahrain	file	0o644	225	f15d455b503a1d9b99a9bc15f27e0d87d9bf3cac8100709f6a3140e63bab56bd	
usr/share/zoneinfo/Asia/Baku	file	0o644	1269	8efffa197f6ee0747d60f4b37db8823d2f712f3df7350bfb40461641d9e7ca31	
usr/share/zoneinfo/Asia/Bangkok	file	0o644	220	cf866703a05b067069db05f87584d5c8a3489bcaad3e41bb012609904915c11b	
usr/share/zoneinfo/Asia/Barnaul	file	0o644	1255	b556552d881c7729f21a4fb10c5e75e3885afc08e539461d40d6e4e359dcdd7f	
usr/share/zoneinfo/Asia/Beirut	file	0o644	2175	abdfa509ed982455873c1035962d8642ae8b88ab75f7f1a9a4cf7eea5ce120ef	
usr/share/zoneinfo/Asia/Bishkek	file	0o644	1045	8b449cf64ad7d46bae4196787f47012bfd0899aafd7cac77f8794dd7730b41ee	
usr/share/zoneinfo/Asia/Brunei	file	0o644	229	cd14c89f40eaece7f87f9679ebd6fdc23356c1ee31da031400c59806044ca4d1	
usr/share/zoneinfo/Asia/Calcutta	file	0o644	293	d3ab73b375d9d41ebca9895007f9b9b042b79c2c19f713bd5957e411ae7e89b4	
usr/share/zoneinfo/Asia/Chita	file	0o644	1257	3bc537b6c3f62fbcd134ce4c8e58c351a5770b9216f2483f1e36d8ec9035b3bc	
usr/share/zoneinfo/Asia/Choibalsan	file	0o644	991	6ea08272fe78ef15058b5821d053e907ea937db9bb6ca8f71cb9997a44c64315	
usr/share/zoneinfo/Asia/Chongqing	file	0o644	414	953622bbd7eb9eba8c3b9e8cd5d5ec98cea6a085a9deb1c43e49e889a154d344	
usr/share/zoneinfo/Asia/Chungking	file	0o644	414	953622bbd7eb9eba8c3b9e8cd5d5ec98cea6a085a9deb1c43e49e889a154d344	
usr/share/zoneinfo/Asia/Colombo	file	0o644	413	60108a5aec08236b5e9132d33de72649cdf01f854c86d01a8bd609d820b569ba	
usr/share/zoneinfo/Asia/Dacca	file	0o644	370	b17631c1fb3033ffde15391d2fbec4e3d29b846fd2cfb089898c6b61308eb7b2	
usr/share/zoneinfo/Asia/Damascus	file	0o644	2320	0f42d5702ee52944dde43071569de645a5d668a385c4a2e0cd8aa43d39d2ea21	
usr/share/zoneinfo/Asia/Dhaka	file	0o644	370	b17631c1fb3033ffde15391d2fbec4e3d29b846fd2cfb089898c6b61308eb7b2	
usr/share/zoneinfo/Asia/Dili	file	0o644	253	1f691df244d73613de758975adca5454ee9a91821b3f4382ea9b793ef04b1fc4	
usr/share/zoneinfo/Asia/Dubai	file	0o644	187	52c19684fb4943773d86c43f78c7ad7b46ae7557a8ae9ed16508342bd319678a	
usr/share/zoneinfo/Asia/Dushanbe	file	0o644	621	e832524a0d020a34015e423182bec05920c1e73b4149aab1bb31b7479a0a8f4c	
usr/share/zoneinfo/Asia/Famagusta	file	0o644	1445	1d967fc07a44b1f569da42293a452a51c4f2e59d454ba68bc912eb8d11bef59f	
usr/share/zoneinfo/Asia/Gaza	file	0o644	2295	0b25fa70f0d9884922ec4b48b705fd21e61845dbc533b868d97f06728ced7099	
usr/share/zoneinfo/Asia/Harbin	file	0o644	414	953622bbd7eb9eba8c3b9e8cd5d5ec98cea6a085a9deb1c43e49e889a154d344	
usr/share/zoneinfo/Asia/Hebron	file	0o644	2323	be19e97414740f8409d27f269585fef15968495de2ec63f29ad664848de509e8	
usr/share/zoneinfo/Asia/Ho_Chi_Minh	file	0o644	389	013ffccf1a05a9e7b509b55f6b949569dd9e676bfcce10c886fffe59745440e5	
usr/share/zoneinfo/Asia/Hong_Kong	file	0o644	1189	9786fbe4ad9b820f61a5664b3b85dd601aa6e9152c93ff4e14bd54effdf8f1d5	
usr/share/zoneinfo/Asia/Hovd	file	0o644	921	cdc65f913f2b67cd1d23286944546c42fabb64720b78aaf32f88605a1943689a	
usr/share/zoneinfo/Asia/Irkutsk	file	0o644	1276	77ed8a38a9f3e4a65a5ded6a846089c4c8a60eb245c476f7ee20d62780303eef	
usr/share/zoneinfo/Asia/Istanbul	file	0o644	2166	95d389dbe625b41fd94f297278df784175acbaab73de386bcdc240713e379152	
usr/share/zoneinfo/Asia/Jakarta	file	0o644	392	7ea1c3e53a0d3f40cb6d7724f1bacb4fca1cf0ae96d9ab42f00f2d30dc0dee3a	
usr/share/zoneinfo/Asia/Jayapura	file	0o644	251	c6fa24de2e83f471878b8e10ecd68828eb3aba1f49ce462dac7721661386eb0c	
usr/share/zoneinfo/Asia/Jerusalem	file	0o644	2265	60019ee0d1deb6e6994a1a5c951861e1db9f992a5c027fbc4e3617f942c021cf	
usr/share/zoneinfo/Asia/Kabul	file	0o644	229	386b98b95b19bbec52c6d8f334e04a178f4f99f2b8a1cea33c142375668d7227	
usr/share/zoneinfo/Asia/Kamchatka	file	0o644	1198	a45d587c7134607cb6feade6af9a04203c38b1ed481f7c7ce8eb10e7cd972cac	
usr/share/zoneinfo/Asia/Karachi	file	0o644	417	fc4b2a68ad79efadecf52f333fa19cbaa5dd084cdc9bf96ab8b65a75c559a370	
usr/share/zoneinfo/Asia/Kashgar	file	0o644	187	9ae8868df5441ce4ac33aaed777f5ea6883eb95050b7d66d1e5ec5648c9e3fcc	
usr/share/zoneinfo/Asia/Kathmandu	file	0o644	238	5c557b86c5f0fdd19d105afbd38bd9daaad1cd075e9efdbe80547ddca85ae5ae	
usr/share/zoneinfo/Asia/Katmandu	file	0o644	238	5c557b86c5f0fdd19d105afbd38bd9daaad1cd075e9efdbe80547ddca85ae5ae	
usr/share/zoneinfo/Asia/Khandyga	file	0o644	1311	0169f2ad82832f6466984cad9cc673fb4098ee15e14b21521ce54f37a3fa6de3	
usr/share/zoneinfo/Asia/Kolkata	file	0o644	293	d3ab73b375d9d41ebca9895007f9b9b042b79c2c19f713bd5957e411ae7e89b4	
usr/share/zoneinfo/Asia/Krasnoyarsk	file	0o644	1243	9122ec3df9d2f1e1767edfbc9cce49e7cff95491cb9de234c4588f985eb361c8	
usr/share/zoneinfo/Asia/Kuala_Lumpur	file	0o644	424	268d3cc29dae9854fea1b9109da2873602c48806994d3f3df0b9ca9863fcf59b	
usr/share/zoneinfo/Asia/Kuching	file	0o644	521	0d0c68d2cddcf9431056b27b884c89951de456a484fdf96a2b10c78faf195bd8	
usr/share/zoneinfo/Asia/Kuwait	file	0o644	187	3102c1755d9a64b2e2b363381bbf52d6a01eb866a4d2cdfd0cf7e0832517094d	
usr/share/zoneinfo/Asia/Macao	file	0o644	755	1db96fa0acc75cc218a47bb3cf4acf101f6c1d609b2cf93a194aa220bd40d36e	
usr/share/zoneinfo/Asia/Macau	file	0o644	755	1db96fa0acc75cc218a47bb3cf4acf101f6c1d609b2cf93a194aa220bd40d36e	
usr/share/zoneinfo/Asia/Magadan	file	0o644	1258	a32f022b2aa9b370f41866047c28b6d96007bec7e7f05e4fd1a2f06111057e8b	
usr/share/zoneinfo/Asia/Makassar	file	0o644	288	24fac901695ef43b73fa8b3cd9e4bf893ceb757c5200b6628ae6a0fc70f01956	
usr/share/zoneinfo/Asia/Manila	file	0o644	367	a653eac18eb5410d4e68921e9a726ac3213d478523a234f6acbd526621c98ed7	
usr/share/zoneinfo/Asia/Muscat	file	0o644	187	52c19684fb4943773d86c43f78c7ad7b46ae7557a8ae9ed16508342bd319678a	
usr/share/zoneinfo/Asia/Nicosia	file	0o644	2016	f2aa2a3f77a43b7558a7508a6cd6c50fdf7d991f9d64da5948fd9003923b1d72	
usr/share/zoneinfo/Asia/Novokuznetsk	file	0o644	1197	45df208266ce41dccdae6a47b6b78235a2e70c4eeb69b28e30125e03e7b9e0d3	
usr/share/zoneinfo/Asia/Novosibirsk	file	0o644	1255	53f555c078378d726db6d203c96bee7efc9b138c10cfd634f750b28cb6212ba5	
usr/share/zoneinfo/Asia/Omsk	file	0o644	1243	e32bfb976274657a892f5918b3f42e56c838dac040e06ac60c2d36318c80fd49	
usr/share/zoneinfo/Asia/Oral	file	0o644	1039	4ddd665f81f9ffe7fa3c7540f5065ddad72274da22913885eefe86951a857998	
usr/share/zoneinfo/Asia/Phnom_Penh	file	0o644	220	cf866703a05b067069db05f87584d5c8a3489bcaad3e41bb012609904915c11b	
usr/share/zoneinfo/Asia/Pontianak	file	0o644	395	2516ac2bc84fe6498a50bc8865ec00e3499b38f2f485403cd5028578a98d1fd8	
usr/share/zoneinfo/Asia/Pyongyang	file	0o644	272	ae2b2c9f11492b676f45984d9d4035472c099f5c6bb5617f82d4b10d976f568d	
usr/share/zoneinfo/Asia/Qatar	file	0o644	225	f15d455b503a1d9b99a9bc15f27e0d87d9bf3cac8100709f6a3140e63bab56bd	
usr/share/zoneinfo/Asia/Qyzylorda	file	0o644	1047	a14b84803d78e636f3b9aa06194ba67fd200d7a7a3ca8b294bf8d66e517a981e	
usr/share/zoneinfo/Asia/Rangoon	file	0o644	297	f1ba3f4dbebdbe7ce9217382584fbcc6e0deede5a78359f80235377166546ec5	
usr/share/zoneinfo/Asia/Riyadh	file	0o644	187	3102c1755d9a64b2e2b363381bbf52d6a01eb866a4d2cdfd0cf7e0832517094d	
usr/share/zoneinfo/Asia/Saigon	file	0o644	389	013ffccf1a05a9e7b509b55f6b949569dd9e676bfcce10c886fffe59745440e5	
usr/share/zoneinfo/Asia/Sakhalin	file	0o644	1234	d6af67dd853ea20ec92aa39fdd647b70ec329606e7565536030dbdd70f062148	
usr/share/zoneinfo/Asia/Samarkand	file	0o644	619	fd928b56ff2b6fdf1e28c198d8871e87979473109dfc395a51d8aaed0efb5924	
usr/share/zoneinfo/Asia/Seoul	file	0o644	531	22de94642a978a6af463db175e9f93a3292e8a81a74a8b92989bc2174379edd6	
usr/share/zoneinfo/Asia/Shanghai	file	0o644	414	953622bbd7eb9eba8c3b9e8cd5d5ec98cea6a085a9deb1c43e49e889a154d344	
usr/share/zoneinfo/Asia/Singapore	file	0o644	424	e6929fde43ffc48bbac4081b31bbf7fd42643b3c26fadf322bdeadeb23cfc748	
usr/share/zoneinfo/Asia/Srednekolymsk	file	0o644	1244	35c545e24d61a31f5fd4fa712d8b6cc09ecbdfddee10e5b859d6b29e57d98806	
usr/share/zoneinfo/Asia/Taipei	file	0o644	790	25cfd02bc847bdcb11e586445ba886a76315f1f9be86f7e74944a6e8e8644543	
usr/share/zoneinfo/Asia/Tashkent	file	0o644	635	8674eb501cd25c540258e94006ce151f91f653849e800aa97986551b89ead688	
usr/share/zoneinfo/Asia/Tbilisi	file	0o644	1080	bc88efdf57da66aaa71c15d8fbc36d87242adca776e103ddd5531aa45ca21177	
usr/share/zoneinfo/Asia/Tehran	file	0o644	1718	e7745f76d65d94586ba7233e7bff54911887480fa5e23f1c53fe5e5743f4b1e3	
usr/share/zoneinfo/Asia/Tel_Aviv	file	0o644	2265	60019ee0d1deb6e6994a1a5c951861e1db9f992a5c027fbc4e3617f942c021cf	
usr/share/zoneinfo/Asia/Thimbu	file	0o644	229	e54c4d565a4be5f34209ba351c7aadd1071dccf8a0380d69e06e936a425203a2	
usr/share/zoneinfo/Asia/Thimphu	file	0o644	229	e54c4d565a4be5f34209ba351c7aadd1071dccf8a0380d69e06e936a425203a2	
usr/share/zoneinfo/Asia/Tokyo	file	0o644	318	14fb0c1796b68bf2031e0937b433fb045f2958cae7def7acced89ed744ad7fca	
usr/share/zoneinfo/Asia/Tomsk	file	0o644	1255	1142db40b91678b4ab3c2935346f6f0bce6a84353392a1ab97dbeba0ee1582d5	
usr/share/zoneinfo/Asia/Ujung_Pandang	file	0o644	288	24fac901695ef43b73fa8b3cd9e4bf893ceb757c5200b6628ae6a0fc70f01956	
usr/share/zoneinfo/Asia/Ulaanbaatar	file	0o644	921	17a31d0ea8eaf0d1484b54e53d6803eaeaa832740d521a340e1d5c073de97e22	
usr/share/zoneinfo/Asia/Ulan_Bator	file	0o644	921	17a31d0ea8eaf0d1484b54e53d6803eaeaa832740d521a340e1d5c073de97e22	
usr/share/zoneinfo/Asia/Urumqi	file	0o644	187	9ae8868df5441ce4ac33aaed777f5ea6883eb95050b7d66d1e5ec5648c9e3fcc	
usr/share/zoneinfo/Asia/Ust-Nera	file	0o644	1290	ab0edbe8871813e11548d34641521878aca12634a44683945d24ef85016bd0aa	
usr/share/zoneinfo/Asia/Vientiane	file	0o644	220	cf866703a05b067069db05f87584d5c8a3489bcaad3e41bb012609904915c11b	
usr/share/zoneinfo/Asia/Vladivostok	file	0o644	1244	32eb6e1405aa048e6cba3396d4b09ad04ed05c239dbcb054f82e4dbbd2dbbd31	
usr/share/zoneinfo/Asia/Yakutsk	file	0o644	1243	545036a8cb48068d5f6f98bd28eb90bb6c25d3136b58f01486b875780519208e	
usr/share/zoneinfo/Asia/Yangon	file	0o644	297	f1ba3f4dbebdbe7ce9217382584fbcc6e0deede5a78359f80235377166546ec5	
usr/share/zoneinfo/Asia/Yekaterinburg	file	0o644	1281	8819eff29a90ad2c0d3588f56d6e974d99419e80104bfc9313274f0a33e0b590	
usr/share/zoneinfo/Asia/Yerevan	file	0o644	1199	e59ebe34cc974cf9c4273529280792d01eb78cdece677c2446a4515e8f38cedc	
usr/share/zoneinfo/Atlantic/Azores	file	0o644	3477	2d36bf1c775ef1e1403637c29eb9b9acbaa04d6864a85304c262ab2b36103e04	
usr/share/zoneinfo/Atlantic/Bermuda	file	0o644	2004	462d205904f32dcb79317f83ddb4dea1548d51849217dc3e42ba17c3cc7fcf08	
usr/share/zoneinfo/Atlantic/Canary	file	0o644	1911	4617cb1aa75514003f181908e9ccfc1d3d062ef22bb0196867dbe530ec2e1416	
usr/share/zoneinfo/Atlantic/Cape_Verde	file	0o644	268	7ee2089ee40c6d9b7342b898a1b42af0bcfcf9db60e1b7724ee46e8e12d3f8e4	
usr/share/zoneinfo/Atlantic/Faeroe	file	0o644	1829	6b1a5769f8ffa2ec29bf298dffd7fb324e625e36fc527c14bb66b6520e6f76a7	
usr/share/zoneinfo/Atlantic/Faroe	file	0o644	1829	6b1a5769f8ffa2ec29bf298dffd7fb324e625e36fc527c14bb66b6520e6f76a7	
usr/share/zoneinfo/Atlantic/Jan_Mayen	file	0o644	2251	0fa4e635da2b178fa3ea13ff3829c702844cf8bd69e16bca8e1d34dbd9249d01	
usr/share/zoneinfo/Atlantic/Madeira	file	0o644	3468	2f18dcad4f58de6ad4ba30d72917c3106642043ef2ae3a4352e207881b4ca539	
usr/share/zoneinfo/Atlantic/Reykjavik	file	0o644	1188	9cdcea6aa1eed8276d3f6620e0c0ffae9cfcc3722c443ea6ba39147975eafaa3	
usr/share/zoneinfo/Atlantic/South_Georgia	file	0o644	181	f745dca3964c6ae3e8b88166e0db6df487ee8f6e6ad7fb1ac3ad4e6ab2e0a361	
usr/share/zoneinfo/Atlantic/St_Helena	file	0o644	170	d5ded126df8f693ce1ff83e85aa4d44185c2bdef7da1f915b214f53deffdee47	
usr/share/zoneinfo/Atlantic/Stanley	file	0o644	1251	57ee27fac7d72ba2c34725702e5876aa27462a09ac4b841b40122afe103a4c41	
usr/share/zoneinfo/Australia/ACT	file	0o644	2223	b540f8e21ed6a6b262336e0eb020c18ab43f283e9774613dd9864239523e4233	
usr/share/zoneinfo/Australia/Adelaide	file	0o644	2238	735476eef81652d7189574f8b7a11c942a986aba24b6ddc644fbebd1eb49245c	
usr/share/zoneinfo/Australia/Brisbane	file	0o644	452	74ac9f5d1d15ef0f6bd9e69c687b9047fb1f749c59279475685721f574b427cc	
usr/share/zoneinfo/Australia/Broken_Hill	file	0o644	2274	d6451675d3b5afb8572e2cbb4d381730da23daa3bfcb57601fe6f815985237db	
usr/share/zoneinfo/Australia/Canberra	file	0o644	2223	b540f8e21ed6a6b262336e0eb020c18ab43f283e9774613dd9864239523e4233	
usr/share/zoneinfo/Australia/Currie	file	0o644	2223	543c7afaebfdd907f8d637efce48bf41c407da72658b8e9c12f7208a54d1d84a	
usr/share/zoneinfo/Australia/Darwin	file	0o644	323	6172d8687a78608d884b04903d36053bdfb56433541930b2a42b405cbb62dc0b	
usr/share/zoneinfo/Australia/Eucla	file	0o644	503	42c7f9c44cf8dbfd564a7539b86278d98285476578bef4bfc01cc3fc61ebb2ba	
usr/share/zoneinfo/Australia/Hobart	file	0o644	2335	de1bb5e82f86774e70082b906462e02a062238e5c4d76149566e21b1cb31b23a	
usr/share/zoneinfo/Australia/LHI	file	0o644	1889	09626975ee86238fd5f85bc275eafad83bc696709d78144cc0bd4ced75acaf2d	
usr/share/zoneinfo/Australia/Lindeman	file	0o644	522	663df35f044a15c743b9716e183595147d0c1838e99148a9473623ac82076bf9	
usr/share/zoneinfo/Australia/Lord_Howe	file	0o644	1889	09626975ee86238fd5f85bc275eafad83bc696709d78144cc0bd4ced75acaf2d	
usr/share/zoneinfo/Australia/Melbourne	file	0o644	2223	272c1f13d01e35e6a58855cbb53878795451928adbf0c8ca2982b79db1f450a7	
usr/share/zoneinfo/Australia/NSW	file	0o644	2223	b540f8e21ed6a6b262336e0eb020c18ab43f283e9774613dd9864239523e4233	
usr/share/zoneinfo/Australia/North	file	0o644	323	6172d8687a78608d884b04903d36053bdfb56433541930b2a42b405cbb62dc0b	
usr/share/zoneinfo/Australia/Perth	file	0o644	479	4ecd4a085ca9ec5b7903016c2d4e311276024a2bcd0c35d40281658e48421f93	
usr/share/zoneinfo/Australia/Queensland	file	0o644	452	74ac9f5d1d15ef0f6bd9e69c687b9047fb1f749c59279475685721f574b427cc	
usr/share/zoneinfo/Australia/South	file	0o644	2238	735476eef81652d7189574f8b7a11c942a986aba24b6ddc644fbebd1eb49245c	
usr/share/zoneinfo/Australia/Sydney	file	0o644	2223	b540f8e21ed6a6b262336e0eb020c18ab43f283e9774613dd9864239523e4233	
usr/share/zoneinfo/Australia/Tasmania	file	0o644	2335	de1bb5e82f86774e70082b906462e02a062238e5c4d76149566e21b1cb31b23a	
usr/share/zoneinfo/Australia/Victoria	file	0o644	2223	272c1f13d01e35e6a58855cbb53878795451928adbf0c8ca2982b79db1f450a7	
usr/share/zoneinfo/Australia/West	file	0o644	479	4ecd4a085ca9ec5b7903016c2d4e311276024a2bcd0c35d40281658e48421f93	
usr/share/zoneinfo/Australia/Yancowinna	file	0o644	2274	d6451675d3b5afb8572e2cbb4d381730da23daa3bfcb57601fe6f815985237db	
usr/share/zoneinfo/Brazil/Acre	file	0o644	662	16c86cccc93c7ebfeffae880e439ce848055e421578982d5cabef8aaec15f802	
usr/share/zoneinfo/Brazil/DeNoronha	file	0o644	742	cb4e968f415ed53e769108c9d5f9710e898716af74536d39b7077b0426f3960d	
usr/share/zoneinfo/Brazil/East	file	0o644	2016	ab9904df2a5250e7838c23ac2be1b052d4c86d4b4c55af70f5e28b3081707914	
usr/share/zoneinfo/Brazil/West	file	0o644	630	e1213e7b97cfa580b4f9c728c34ffa64a6ab277b06b558893b299c20d3528e6c	
usr/share/zoneinfo/Canada/Atlantic	file	0o644	3438	627e18218c6f3c3f446c4970abe8164672e2a7ba94bcf841b1e06af5089b94ea	
usr/share/zoneinfo/Canada/Central	file	0o644	2891	77be5c08f6f8ebe5330fb86a60c4447ea2549620609f4ef6a7a7a68d1a12d9d6	
usr/share/zoneinfo/Canada/East-Saskatchewan	file	0o644	994	929d07457407529637626d09f5ca975b4f05801f35d0bfac4e3b0027efee6776	
usr/share/zoneinfo/Canada/Eastern	file	0o644	3503	842f7a103dfac9c0c2c33c9cc392a113d266ac064c5c7497883ab41b797ce194	
usr/share/zoneinfo/Canada/Mountain	file	0o644	2402	6678c23f86573b6c95e6c748a317aa8ce90f68636bcdad18db081e70986fb54e	
usr/share/zoneinfo/Canada/Newfoundland	file	0o644	3664	2b960a58d6d3f6a272707f941f55b15b8ba3fd0fd55f8680ea84af6b1e98bae0	
usr/share/zoneinfo/Canada/Pacific	file	0o644	2901	8b414b9a20be09ad61214deeb2dbff3bb1bd1e9d351a79aceae757fa0fbe91dd	
usr/share/zoneinfo/Canada/Saskatchewan	file	0o644	994	929d07457407529637626d09f5ca975b4f05801f35d0bfac4e3b0027efee6776	
usr/share/zoneinfo/Canada/Yukon	file	0o644	2093	1864fe33d51e58780a5c8400a47e7c42e6e6655abe49a82cc11a461059058313	
usr/share/zoneinfo/Chile/Continental	file	0o644	2538	03459301fd5343e2c0accb57c0abe71a5c99040defe264a43d32b430435731ee	
usr/share/zoneinfo/Chile/EasterIsland	file	0o644	2242	09d7ccfff4c64d05499d7ab1222aee51693846dce4e24a6b0165b318a4643c6f	
usr/share/zoneinfo/Etc/GMT	file	0o644	127	d7b39879094135d13efd282937690b43f48bb53597ce3e78697f48dcceaeb3ec	
usr/share/zoneinfo/Etc/GMT+0	file	0o644	127	d7b39879094135d13efd282937690b43f48bb53597ce3e78697f48dcceaeb3ec	
usr/share/zoneinfo/Etc/GMT+1	file	0o644	148	35d004edb2a0b1137ae1ea3659ef8e95a753330f0713fc94929d0f79d8021b07	
usr/share/zoneinfo/Etc/GMT+10	file	0o644	149	4762603f3f51c0d5063ea549f9a578b7ebf26e47fd7109a6e34495ac3e09b2ed	
usr/share/zoneinfo/Etc/GMT+11	file	0o644	149	8a23521d6e93326291dbdacf2857f8a78970bef3dd93a53557da4cc2e79c36ba	
usr/share/zoneinfo/Etc/GMT+12	file	0o644	149	ec7046f7e41252f839950ce04e3f20e41ba228e678aae2a45b5b050ba990e626	
usr/share/zoneinfo/Etc/GMT+2	file	0o644	148	21319b8c2634a8349e84c3bef422998f6dd4f79bad91f79fa38145c1f6b694dd	
usr/share/zoneinfo/Etc/GMT+3	file	0o644	148	e7861defa0a8bc5e0ee58d8a7a993ac22950e3fed608c9532c680b74ef6cc67f	
usr/share/zoneinfo/Etc/GMT+4	file	0o644	148	0f0ab77c5beca68231484090c38ecc1ce211b135511d5431dc1994f8a2580c89	
usr/share/zoneinfo/Etc/GMT+5	file	0o644	148	be7cef32cf0094520b344fc461bc28747e617d6043b8be0b0871e87225ee8568	
usr/share/zoneinfo/Etc/GMT+6	file	0o644	148	d285eec873a91b2660ff29816304693056ee61ac1e9bd3485e26c4bcc067e041	
usr/share/zoneinfo/Etc/GMT+7	file	0o644	148	631be5659ae83739e1056e088289b642caf4d07be5887f74c6cc954e2b0e9e5c	
usr/share/zoneinfo/Etc/GMT+8	file	0o644	148	f0ede5d811e0d8b283b18b80aebe6ce617267664ec313fc5bf01e2880a8c4229	
usr/share/zoneinfo/Etc/GMT+9	file	0o644	148	6aab552f947986b00b2d43ff28a3257ab7b88967322b9ce067e45c5ea96cc014	
usr/share/zoneinfo/Etc/GMT-0	file	0o644	127	d7b39879094135d13efd282937690b43f48bb53597ce3e78697f48dcceaeb3ec	
usr/share/zoneinfo/Etc/GMT-1	file	0o644	149	d5f7f0682e71000de343fce27f2e8cff9e37e50cb064bf0f61245dc7ff6806ed	
usr/share/zoneinfo/Etc/GMT-10	file	0o644	150	2fdcfd00c1be46329891da92b46f49258b35c09eb9e1103e3789a3d58338eb78	
usr/share/zoneinfo/Etc/GMT-11	file	0o644	150	4439c8a7d5a8c87c47b7a81bd2e9534c8c676f610d4038fdf3b3951089a5db91	
usr/share/zoneinfo/Etc/GMT-12	file	0o644	150	5f0c2c21cec4020ec3116c038ca9ff5e5a9e863ddb7fc0beba7136c321b05851	
usr/share/zoneinfo/Etc/GMT-13	file	0o644	150	0c4e6bff6354406378f2bdb165fae025fa100fe8c7d76c6cfaabb716f6f096ca	
usr/share/zoneinfo/Etc/GMT-14	file	0o644	150	4685f92efa5bbdb625dd8d6454a340af8ac0510308b6b66847ad5f7bc3c4fc84	
usr/share/zoneinfo/Etc/GMT-2	file	0o644	149	530335b26ac0306edc8f0683a830bc1e7f5111ad228df4b74c197d2cb9c31387	
usr/share/zoneinfo/Etc/GMT-3	file	0o644	149	a59e1e4a707222ac22fefb3a6dc495cef266872a94d51e5ca862ffde74ef0c4c	
usr/share/zoneinfo/Etc/GMT-4	file	0o644	149	7d6471f8835da5e7906f8220dd9674b664573fee650f0a28b5ab51aa54a4524e	
usr/share/zoneinfo/Etc/GMT-5	file	0o644	149	33a439130048c8b6400ad082b2e4011c7b85fafe9171e13110aa86f266bedfa4	
usr/share/zoneinfo/Etc/GMT-6	file	0o644	149	f2ae16bd9a3a9a75788ca13a281bcc39567c93aaf5ad5402fcbfebac473b6cf7	
usr/share/zoneinfo/Etc/GMT-7	file	0o644	149	b0e37d9bf496f375b7c024e81b6ae5943ccbace0ffbecb684d8bd1847c5cb93a	
usr/share/zoneinfo/Etc/GMT-8	file	0o644	149	5ec67811fbce13ee23123eee60791be8cb5f9c84451ae0d8297738af9b7f0cca	
usr/share/zoneinfo/Etc/GMT-9	file	0o644	149	16ed57cd7c3577fdc22d57683841e922b208a535e6125e686be4f8702a75f485	
usr/share/zoneinfo/Etc/GMT0	file	0o644	127	d7b39879094135d13efd282937690b43f48bb53597ce3e78697f48dcceaeb3ec	
usr/share/zoneinfo/Etc/Greenwich	file	0o644	127	d7b39879094135d13efd282937690b43f48bb53597ce3e78697f48dcceaeb3ec	
usr/share/zoneinfo/Etc/UCT	file	0o644	127	b3b762863cac2569aa33f7da192584afd9965ceeb7263fed4ad87c1b35e4c7d8	
usr/share/zoneinfo/Etc/UTC	file	0o644	127	3c71b358be81e13b1c24e199a119fd001dbcdb90edc7d44c2c7ae175321a0215	
usr/share/zoneinfo/Etc/Universal	file	0o644	127	3c71b358be81e13b1c24e199a119fd001dbcdb90edc7d44c2c7ae175321a0215	
usr/share/zoneinfo/Etc/Zulu	file	0o644	127	3c71b358be81e13b1c24e199a119fd001dbcdb90edc7d44c2c7ae175321a0215	
usr/share/zoneinfo/Europe/Amsterdam	file	0o644	2949	8a813ac6b8d1b68a7960242cae5325a2269fd1c791b203f8d22f2dfa3b61ba87	
usr/share/zoneinfo/Europe/Andorra	file	0o644	1751	add5505c473225e33a884a02105610a9b95003f429195624b953c18f771317af	
usr/share/zoneinfo/Europe/Astrakhan	file	0o644	1197	a027561f493c02a04d699903a08e9e78ac76eb3a719c4749d9ae9480418baad8	
usr/share/zoneinfo/Europe/Athens	file	0o644	2271	799090551202c0b8417f836facf75049573dd1c27b5e6adeb584fcc414051139	
usr/share/zoneinfo/Europe/Belfast	file	0o644	3687	b14c486019e3cb259cf8235a0d6a4bc3ff6cfa726a165f1ea2df403c8ae31b86	
usr/share/zoneinfo/Europe/Belgrade	file	0o644	1957	e957543623baaba84999b40188e7e0948471b75a8ff4f88abb267e773feb8e5c	
usr/share/zoneinfo/Europe/Berlin	file	0o644	2335	7eb93dcba603d528fdf536160ef6911c16f834afcf88ce23a382b97ff28319d4	
usr/share/zoneinfo/Europe/Bratislava	file	0o644	2272	8fc8de9fedf03ee95951595b0b7030c70990bad10a628c0a55e7023f7e838bb2	
usr/share/zoneinfo/Europe/Brussels	file	0o644	2970	f372a903a6a57da43a6f500d6aceccfc74e800d7dfe88a7eaf56ca2564557e66	
usr/share/zoneinfo/Europe/Bucharest	file	0o644	2221	3b3a0017333b2f466e59c8ac3dc0cf7aa4f0a4608040a3180f752b19d6a93526	
usr/share/zoneinfo/Europe/Budapest	file	0o644	2405	b67f2c4690a87f294ea5d35ae3967c8aa8bde227aeb36c3877285e4e94a17418	
usr/share/zoneinfo/Europe/Busingen	file	0o644	1918	bc45f8c6c8190477cdaae46f77059fab74fde92a02fc57b733f07cb9a55e98a3	
usr/share/zoneinfo/Europe/Chisinau	file	0o644	2445	5749f01c78d0c2fd50d0dc2280c1957ce0419edbfc7c4073c67e6da78153d8c8	
usr/share/zoneinfo/Europe/Copenhagen	file	0o644	2160	d2d9a359ef02d2afe293f429c4fd60fc04fbf8d1d8343c9b224dcfc116c011a8	
usr/share/zoneinfo/Europe/Dublin	file	0o644	3559	ae2c64e7c63be7cf07ad30017e6d9946025ab44a1fb00e0f3e7ba52d2f6f2512	
usr/share/zoneinfo/Europe/Gibraltar	file	0o644	3061	c79088f67ba5d3fa9ad989bd573bfdef0e86c89e310ea70bc3e01e14dca1075e	
usr/share/zoneinfo/Europe/Guernsey	file	0o644	3687	b14c486019e3cb259cf8235a0d6a4bc3ff6cfa726a165f1ea2df403c8ae31b86	
usr/share/zoneinfo/Europe/Helsinki	file	0o644	1909	ed7d89fae1fb40a9582edd7e03ed02d7fe81ba456b9c1ed8d6ee5f0b931aad45	
usr/share/zoneinfo/Europe/Isle_of_Man	file	0o644	3687	b14c486019e3cb259cf8235a0d6a4bc3ff6cfa726a165f1ea2df403c8ae31b86	
usr/share/zoneinfo/Europe/Istanbul	file	0o644	2166	95d389dbe625b41fd94f297278df784175acbaab73de386bcdc240713e379152	
usr/share/zoneinfo/Europe/Jersey	file	0o644	3687	b14c486019e3cb259cf8235a0d6a4bc3ff6cfa726a165f1ea2df403c8ae31b86	
usr/share/zoneinfo/Europe/Kaliningrad	file	0o644	1518	450a2c6ff69d262b5c5d8ef584464e9c8274b389a1c39b7abc5aa70608d29425	
usr/share/zoneinfo/Europe/Kiev	file	0o644	2097	242912df3212e0725ded4aab25fd869c52f13c3ce619764a883adcbbd937afc5	
usr/share/zoneinfo/Europe/Kirov	file	0o644	1167	a44267313cba43fb671622af5b17cda285def184f6121e8ec6007164643e3c25	
usr/share/zoneinfo/Europe/Lisbon	file	0o644	3453	065277cb6392a7c5c21da64a818465eb780645b96395ac75da8a967cf5d7e26f	
usr/share/zoneinfo/Europe/Ljubljana	file	0o644	1957	e957543623baaba84999b40188e7e0948471b75a8ff4f88abb267e773feb8e5c	
usr/share/zoneinfo/Europe/London	file	0o644	3687	b14c486019e3cb259cf8235a0d6a4bc3ff6cfa726a165f1ea2df403c8ae31b86	
usr/share/zoneinfo/Europe/Luxembourg	file	0o644	2974	90b76259274c78a40f34aa5b58545b5409edfbba2fd08efa1b300896cb4062ee	
usr/share/zoneinfo/Europe/Madrid	file	0o644	2637	74103ad1e48f71f4cd9b6d1c03dcd97b58d87bb8affb02b1d6967b204036ebd6	
usr/share/zoneinfo/Europe/Malta	file	0o644	2629	7c4134c8d37bd159e31fd739e8b1b8203a9f3023788bd9c83b8109e361eee5d5	
usr/share/zoneinfo/Europe/Mariehamn	file	0o644	1909	ed7d89fae1fb40a9582edd7e03ed02d7fe81ba456b9c1ed8d6ee5f0b931aad45	
usr/share/zoneinfo/Europe/Minsk	file	0o644	1370	c82aa831a68fec1c918d23393d795fef9dbf4d0948791bcba6ba09f45b3826c4	
usr/share/zoneinfo/Europe/Monaco	file	0o644	2953	7c723359888417b86a66a609ffdd0becf81673cbb3e8b011131088b4d26f6bcd	
usr/share/zoneinfo/Europe/Moscow	file	0o644	1544	02d55516d0f9d497998260b4f129aee59867b77a920ba2ca0c58b15ec8588e7a	
usr/share/zoneinfo/Europe/Nicosia	file	0o644	2016	f2aa2a3f77a43b7558a7508a6cd6c50fdf7d991f9d64da5948fd9003923b1d72	
usr/share/zoneinfo/Europe/Oslo	file	0o644	2251	0fa4e635da2b178fa3ea13ff3829c702844cf8bd69e16bca8e1d34dbd9249d01	
usr/share/zoneinfo/Europe/Paris	file	0o644	2971	735b08e2737de2b47e79f596f3574b5a9e9019e56d2ead0cdc17c0b29e84a585	
usr/share/zoneinfo/Europe/Podgorica	file	0o644	1957	e957543623baaba84999b40188e7e0948471b75a8ff4f88abb267e773feb8e5c	
usr/share/zoneinfo/Europe/Prague	file	0o644	2272	8fc8de9fedf03ee95951595b0b7030c70990bad10a628c0a55e7023f7e838bb2	
usr/share/zoneinfo/Europe/Riga	file	0o644	2235	79d10debbaa2743458d0dec1fb71d3c576cea80d245f84819da82a25d93c1401	
usr/share/zoneinfo/Europe/Rome	file	0o644	2692	3eff2ef2cdc67e2f5cfd44866cdb4d448956b89eae8b0e37f63126f2068ee889	
usr/share/zoneinfo/Europe/Samara	file	0o644	1253	52278e6f22bf900faeda4266078cfa7fed25cc1d5653bd345cf3090fde6e9114	
usr/share/zoneinfo/Europe/San_Marino	file	0o644	2692	3eff2ef2cdc67e2f5cfd44866cdb4d448956b89eae8b0e37f63126f2068ee889	
usr/share/zoneinfo/Europe/Sarajevo	file	0o644	1957	e957543623baaba84999b40188e7e0948471b75a8ff4f88abb267e773feb8e5c	
usr/share/zoneinfo/Europe/Saratov	file	0o644	1197	29ab2a05f63412656a143515fe57218a8e19b9c916dfd05de15a87afcc0d9849	
usr/share/zoneinfo/Europe/Simferopol	file	0o644	1490	b1ee6f714fd88fd61fef6df54f95abacb80dd3036c25e9a10708fec9b11c34cf	
usr/share/zoneinfo/Europe/Skopje	file	0o644	1957	e957543623baaba84999b40188e7e0948471b75a8ff4f88abb267e773feb8e5c	
usr/share/zoneinfo/Europe/Sofia	file	0o644	2130	16813fb30f2ebb782a806ce0664014ddfbf921890d32ec3d1398bd182bf9245c	
usr/share/zoneinfo/Europe/Stockholm	file	0o644	1918	07b242f9e3d8150663bfaf417fe7d209927fc299fac487789b70841956c35335	
usr/share/zoneinfo/Europe/Tallinn	file	0o644	2187	e3c4ba916c25500c709c56395c040abad62a834fafaf5163a89974b7f66b019a	
usr/share/zoneinfo/Europe/Tirane	file	0o644	2098	62dbc606a32a5f50ceca86c6f96d088ea689bced60a1623c986f045cde9c730a	
usr/share/zoneinfo/Europe/Tiraspol	file	0o644	2445	5749f01c78d0c2fd50d0dc2280c1957ce0419edbfc7c4073c67e6da78153d8c8	
usr/share/zoneinfo/Europe/Ulyanovsk	file	0o644	1281	9cfe87e108465369f14dbf5f8eed9285028f6500c09d06cc3e787be94c55cb91	
usr/share/zoneinfo/Europe/Uzhgorod	file	0o644	2103	098575b4ec6599758c85bcad8dd21d89bca213a9f890c0ead6defd14878705f3	
usr/share/zoneinfo/Europe/Vaduz	file	0o644	1918	bc45f8c6c8190477cdaae46f77059fab74fde92a02fc57b733f07cb9a55e98a3	
usr/share/zoneinfo/Europe/Vatican	file	0o644	2692	3eff2ef2cdc67e2f5cfd44866cdb4d448956b89eae8b0e37f63126f2068ee889	
usr/share/zoneinfo/Europe/Vienna	file	0o644	2237	be42c32ad7c54f15dcf5dd9425e289fd20bebe986e5e8c240a11dfeec46550f7	
usr/share/zoneinfo/Europe/Vilnius	file	0o644	2199	75adc0a906b39e283f5e5020984a36f34b4f58ef1d3099efbc899ff07f035f7e	
usr/share/zoneinfo/Europe/Volgograd	file	0o644	1167	0d8b598a6fdde4d25af5a0449996ea1599e5d11b267c039967333ad222e9a1b6	
usr/share/zoneinfo/Europe/Warsaw	file	0o644	2705	68e7493c1ca050e4134062a74aa4a4fc32159c042b4c9d8d40c8bfc9d273c5fa	
usr/share/zoneinfo/Europe/Zagreb	file	0o644	1957	e957543623baaba84999b40188e7e0948471b75a8ff4f88abb267e773feb8e5c	
usr/share/zoneinfo/Europe/Zaporozhye	file	0o644	2115	b6c5127b52518818e3b4211e89e5e1e9a479cca65f7763a0afb145d512c38e34	
usr/share/zoneinfo/Europe/Zurich	file	0o644	1918	bc45f8c6c8190477cdaae46f77059fab74fde92a02fc57b733f07cb9a55e98a3	
usr/share/zoneinfo/Indian/Antananarivo	file	0o644	285	f143bcb83b80bc1ad0bbb8ad736c852e62bbeb6b3134412bfa77684663ed222a	
usr/share/zoneinfo/Indian/Chagos	file	0o644	225	f9d2fc010d11285d8430248e7a9ca16c5fe67949e768866f00b3be70aa0ea871	
usr/share/zoneinfo/Indian/Christmas	file	0o644	182	6d094a3d9b022ed04fc53e4a665588bd73f4eeaee9c23667b46944bac5dbbe05	
usr/share/zoneinfo/Indian/Cocos	file	0o644	191	3a57c446d6734a074659b854ed56cec53c40831a33c1052ce6ef4b5f0f6b0009	
usr/share/zoneinfo/Indian/Comoro	file	0o644	285	f143bcb83b80bc1ad0bbb8ad736c852e62bbeb6b3134412bfa77684663ed222a	
usr/share/zoneinfo/Indian/Kerguelen	file	0o644	187	4dcaa3dc0c2628097499d2cfd37ab2ad70011ee31be9f7e45391ea2faee63b07	
usr/share/zoneinfo/Indian/Mahe	file	0o644	187	82a6e33139b0394eb1a5cb9ffb150a42df5d6fc2c56ad2642285f1d5e553fd17	
usr/share/zoneinfo/Indian/Maldives	file	0o644	220	b5b933b3fc554914587c6af95702a4c0d93941418737a8895372ea514aa7d475	
usr/share/zoneinfo/Indian/Mauritius	file	0o644	267	f257466ded0ce1a324c63e6ebc3a39354e6cde0504f1daa35136c6855278ef0f	
usr/share/zoneinfo/Indian/Mayotte	file	0o644	285	f143bcb83b80bc1ad0bbb8ad736c852e62bbeb6b3134412bfa77684663ed222a	
usr/share/zoneinfo/Indian/Reunion	file	0o644	187	c3d95eaceb2806a82b1f2c093f3d73ca0cfa0034ad0446aefbe8c4904f6a955e	
usr/share/zoneinfo/Mexico/BajaNorte	file	0o644	2356	d827b95b4fa16b8c56d9a1636341c9112657e567ae84b37a9bfca133ae31babb	
usr/share/zoneinfo/Mexico/BajaSur	file	0o644	1564	9340b719b250773262cec62e771d121105aed168836723dfc305e30bb04cfbb1	
usr/share/zoneinfo/Mexico/General	file	0o644	1618	88bc3fcb1a92ef053e0af4af9053ecbf12855fdf18f859b2a54d826dbfacb655	
usr/share/zoneinfo/Pacific/Apia	file	0o644	1134	25b7e279b38892de3fe4ce03082f37568cdb8f25799db55ddadb7a8e6e8b5757	
usr/share/zoneinfo/Pacific/Auckland	file	0o644	2460	d7b5175387ac78e29f7b9021e411512756be283ed3d1819942ef5d45ecf338e4	
usr/share/zoneinfo/Pacific/Bougainville	file	0o644	296	c1b670d434aa6c04cbf73b647a07e5be7dcf2ff30663e10c24e0f0cfabe55b36	
usr/share/zoneinfo/Pacific/Chatham	file	0o644	2087	58019f2faa29dc7db7081293230a728769054dd7c0d0fa9e96e8c4299e71314d	
usr/share/zoneinfo/Pacific/Chuuk	file	0o644	183	c52e6fcb5bd1ee08aff06569814f96105c0c18b7f79f50b901a0bd7daf792afd	
usr/share/zoneinfo/Pacific/Easter	file	0o644	2242	09d7ccfff4c64d05499d7ab1222aee51693846dce4e24a6b0165b318a4643c6f	
usr/share/zoneinfo/Pacific/Efate	file	0o644	492	85d792affc275df1a1bdcf9067cb59f6b1ab8bb93c450cee1293a8157a43c6ad	
usr/share/zoneinfo/Pacific/Enderbury	file	0o644	259	ef040a8f68ab3b0429e58febdcc88928cabc9b72c05a07338967349c143e6916	
usr/share/zoneinfo/Pacific/Fakaofo	file	0o644	221	ebcdbbb97d8fa7c9a20ecf62964d207f1ed81e73a3cbea77dc8be5144950af6d	
usr/share/zoneinfo/Pacific/Fiji	file	0o644	1102	e2f54861d6e1874519e68a24dbdc8f4ebc5a215c1ef409e386b52e34e663b676	
usr/share/zoneinfo/Pacific/Funafuti	file	0o644	183	812f276576cae6bbd0135d40700fde4fce64f830f75fea928cabe77c51dce579	
usr/share/zoneinfo/Pacific/Galapagos	file	0o644	268	3727ec66f71d8629656377c1f3a004c5cfade0f6c52b8da8b7c3ba2d36998603	
usr/share/zoneinfo/Pacific/Gambier	file	0o644	186	abd4f7e51731d259e30ec4b33c2bcb899e147ee102eb278a1a9b2bb8001c64db	
usr/share/zoneinfo/Pacific/Guadalcanal	file	0o644	188	a69b3ab3a6e6541933831609ab8bbc3ed5bf0ff678e519226b8df966b4973f20	
usr/share/zoneinfo/Pacific/Guam	file	0o644	225	6613576ebdf4d9d6be5eb849539d3f74a4fb137acf6bcf8cda20d28e5c612e77	
usr/share/zoneinfo/Pacific/Honolulu	file	0o644	276	88885824bf915a9a6f39a7030798da825e34be79d1b35c2444696a81c159f2e8	
usr/share/zoneinfo/Pacific/Johnston	file	0o644	276	88885824bf915a9a6f39a7030798da825e34be79d1b35c2444696a81c159f2e8	
usr/share/zoneinfo/Pacific/Kiritimati	file	0o644	263	b15643d27f83fe151ab8bee15b24c772946840c5b2b44fc965a92bfbad453182	
usr/share/zoneinfo/Pacific/Kosrae	file	0o644	251	b2ff337fb6d640444b08578b694a86dd69c6058834094de9c6a0f42715350706	
usr/share/zoneinfo/Pacific/Kwajalein	file	0o644	259	0902ea969397954aecbb12fa5f91d3a0096bd443bbaea36a96ee4b93d957ba25	
usr/share/zoneinfo/Pacific/Majuro	file	0o644	221	014688cb6240010f58b96673515ce8c205bdf6d8a40339e1378ceb2b2fc8ac1d	
usr/share/zoneinfo/Pacific/Marquesas	file	0o644	195	5a63de681b53d7bfc728c5d491b2986ab47347a9f2fd15a6f3b6ff978d2f826d	
usr/share/zoneinfo/Pacific/Midway	file	0o644	196	613b585dbabd26ca49ca780924ee22316e8ff0803b844e8b02bf2dfd3478c641	
usr/share/zoneinfo/Pacific/Nauru	file	0o644	282	c9c3a96cfc47d76495459afc5fc5033e49f15e84ea0fa6c1360ccf6399d03c3d	
usr/share/zoneinfo/Pacific/Niue	file	0o644	266	c16c73631f28c41351fff90d3108bc5751cbd40010fdf872da112a10e9739a53	
usr/share/zoneinfo/Pacific/Norfolk	file	0o644	323	3259c2aec26777d85e921942cbf6ebf8f52c22f268a887d9ddac3d98972a5180	
usr/share/zoneinfo/Pacific/Noumea	file	0o644	328	13e18b4bb426c3739b34e37d6cdc00d488721a05865cdeca94af76246f55a4de	
usr/share/zoneinfo/Pacific/Pago_Pago	file	0o644	196	613b585dbabd26ca49ca780924ee22316e8ff0803b844e8b02bf2dfd3478c641	
usr/share/zoneinfo/Pacific/Palau	file	0o644	182	39af96c16e19fd6026d16ce64291f5930420a7df53d370a5ae2de82a61675385	
usr/share/zoneinfo/Pacific/Pitcairn	file	0o644	223	b0ad4cbe872b4d208d45bc6d326290cd240c1886150f0ee42638386276a8b0b0	
usr/share/zoneinfo/Pacific/Pohnpei	file	0o644	183	2bf8140a64a16a9c1d2f02c00aa562f349617258b9610381e816ba800c592158	
usr/share/zoneinfo/Pacific/Ponape	file	0o644	183	2bf8140a64a16a9c1d2f02c00aa562f349617258b9610381e816ba800c592158	
usr/share/zoneinfo/Pacific/Port_Moresby	file	0o644	206	1fb4613fb4bf246f537e265e441fe5f62713037df40338cfd80cb7d768e8ca5f	
usr/share/zoneinfo/Pacific/Rarotonga	file	0o644	602	9695a885289664511eb65f931860f584e7c5443d6f05b10b5197ac7834d47cde	
usr/share/zoneinfo/Pacific/Saipan	file	0o644	225	6613576ebdf4d9d6be5eb849539d3f74a4fb137acf6bcf8cda20d28e5c612e77	
usr/share/zoneinfo/Pacific/Samoa	file	0o644	196	613b585dbabd26ca49ca780924ee22316e8ff0803b844e8b02bf2dfd3478c641	
usr/share/zoneinfo/Pacific/Tahiti	file	0o644	187	c9a22621ddb737b5d6342691dc2d94e265c81b0e743010b6713986db122fc855	
usr/share/zoneinfo/Pacific/Tarawa	file	0o644	183	28fea38528135a54fd642fe3d2bbb41aa8da6b7c892c3991ab2612a81144e799	
usr/share/zoneinfo/Pacific/Tongatapu	file	0o644	1003	402b87cfb03e9f6b7777105debc7adf3fe6522bcbfa96c7e10e6495b9719c82f	
usr/share/zoneinfo/Pacific/Truk	file	0o644	183	c52e6fcb5bd1ee08aff06569814f96105c0c18b7f79f50b901a0bd7daf792afd	
usr/share/zoneinfo/Pacific/Wake	file	0o644	183	0346a78cf610bc43eae87c0a332d30ac5cf9c95001a4264731563cccf3c38331	
usr/share/zoneinfo/Pacific/Wallis	file	0o644	183	837699bd07ada63d632fc2303a687e5ef9e194e063bac786055885258206ee5c	
usr/share/zoneinfo/Pacific/Yap	file	0o644	183	c52e6fcb5bd1ee08aff06569814f96105c0c18b7f79f50b901a0bd7daf792afd	
usr/share/zoneinfo/US/Alaska	file	0o644	2380	d2c3625b14836e5f256bb8a31a277470df0c499875f60484b08db22a85a00a7f	
usr/share/zoneinfo/US/Aleutian	file	0o644	2365	8959d87dd43885d070bddf0df57faac633746e81ef9124fb3beb8e9eb5c07852	
usr/share/zoneinfo/US/Arizona	file	0o644	353	9c013ecf82b6ed1dde235b5fc983fe9d23c8d56d610323f7c94c6ba3cd7b4564	
usr/share/zoneinfo/US/Central	file	0o644	3585	143f29b957173a46008187230a38125bd3a03b3dbcba0dc1d1b8661331f71693	
usr/share/zoneinfo/US/East-Indiana	file	0o644	1675	55c2f3feb241f88435e9876e76e2c69ddfd0dfd36a273b551ff480e2cfad99fe	
usr/share/zoneinfo/US/Eastern	file	0o644	3545	5fa6dccc303352e1195c4348b189f3085014d8a56a1976c8e8a32bd4fedb69fd	
usr/share/zoneinfo/US/Hawaii	file	0o644	276	88885824bf915a9a6f39a7030798da825e34be79d1b35c2444696a81c159f2e8	
usr/share/zoneinfo/US/Indiana-Starke	file	0o644	2437	9e75dd6c52c5339c8e2b195ff8ac6a7212e2c5e84b2be3023cc355972c20d856	
usr/share/zoneinfo/US/Michigan	file	0o644	2216	d69dd4ee096c6e5bd256ec578afa48a810bd768d0749d4d7f1a9c219107d18a6	
usr/share/zoneinfo/US/Mountain	file	0o644	2453	f4df3cc74c79d070a25a7927744d3a422a05d862a9a234a12105c5c964efb22d	
usr/share/zoneinfo/US/Pacific	file	0o644	2845	fea9d66ff6522e69d22073dc4e84179b7cac2e372b398dc2fafdfdb61a9eb2e1	
usr/share/zoneinfo/US/Pacific-New	file	0o644	2845	fea9d66ff6522e69d22073dc4e84179b7cac2e372b398dc2fafdfdb61a9eb2e1	
usr/share/zoneinfo/US/Samoa	file	0o644	196	613b585dbabd26ca49ca780924ee22316e8ff0803b844e8b02bf2dfd3478c641	
vendor/sony	dir	0o755			
vendor/sony/bin	dir	0o755			
vendor/sony/db	dir	0o755			
vendor/sony/etc	dir	0o755			
vendor/sony/lib	dir	0o755			
vendor/sony/plugins	dir	0o755			
vendor/sony/qml	dir	0o755			
vendor/sony/translations	dir	0o755			
vendor/sony/bin/AdbDisabler	file	0o755	7116	a9b7067d8a5b16f81356b4bb2c8162d0287fcd6229bc3f8abf3cc51a0f76b657	
vendor/sony/bin/AdbEnabler	file	0o755	7116	644a9daa845a4405badc3b801f751ebc91201f1b2a78dec98b7e09aa5a7549cf	
vendor/sony/bin/HgrmMediaPlayerApp	file	0o755	9055736	060113187ae47c839af6b2388d286bae46f411ffe8721f15a48424cf204725dc	
vendor/sony/bin/HgrmMediaPlayerApp.appcfg	file	0o755	78	3f22a287fa0291cb1dd3373fe166db80032a23b9af66ab446259698fc279cdef	
vendor/sony/bin/PaSleepPrimaryAudioDevice	file	0o755	15404	43992bb7288582e9740405c5a16b64df6ec9428816ae7b4078bc13c4ec6ab82b	
vendor/sony/bin/PaWakePrimaryAudioDevice	file	0o755	15404	df9d8feb1bdc54ba92c3f1e38b8012d491fa0943f0ce4eee4209a8445ab5334e	
vendor/sony/bin/ScreenSettings.json	file	0o755	127214	c090631ef9e333dfbab65717969316804380cb01253ec36b9bc0566249c4cc57	
vendor/sony/bin/StorageFormatterDmp	file	0o755	60460	da7fde1f1ae664bc0f652725784a432361c67a0d4eadbc703c9d836e865541cc	
vendor/sony/bin/StorageFormatterSample	file	0o755	27648	2bebb973b657a6ac397ad200acecdf3dd4e71a1f54b68ee6fba9acd83e801550	
vendor/sony/bin/factoryresetdmp.sh	file	0o755	2406	78cc26ac18b0caf9b1ae6fb8851bc2159262f9a994614be83edc8860cbf4e733	
vendor/sony/bin/fillheap	file	0o755	11264	346744dcc173045ed62e87620083adfbbd2e0d3e96dabba7486f1116187c08e7	
vendor/sony/bin/hagodaemon	file	0o755	11216	fe4adf07775dc447c18a22a63fb0b59168cce9159bfc509d122ae3d991248a85	
vendor/sony/bin/hagodaemons.sh	file	0o755	1733	36447ba4f4ee97a9e9b440cf948a8e9462e3e11727deb6bb54d062480dc3b3cc	
vendor/sony/bin/hagomach	file	0o755	11160	b3be0cf713c392c66e94b9e000ca087fb4006825eb21b39b879cd83e3c0b87f3	
vendor/sony/bin/hagomon	file	0o755	19404	873a6f5051f99538df67dacc15b00977c9ee457d6a72469dbbc71ecafe259b18	
vendor/sony/bin/hdumpstate	file	0o755	48496	7a19760052af9f469743fae1ff1e58ef9f415c25adfcd63b587cd58d1ddcc9ee	
vendor/sony/bin/prepare_contentroot.sh	file	0o755	2488	0c5116e7c77c6ab30db15405a05c405a0a82aad3927711e03a80e9346b938477	
vendor/sony/bin/screenshot	file	0o755	11212	def778722f6c987414c7c7ae4614471dd0b9a0828fd548798a6fed77ea191f54	
vendor/sony/db/ImePinYin.db	file	0o644	3847168	bc2d6ce9707b78b06c9050dbffd929e6b749c9c7fb657c32de94eff992a598cc	
vendor/sony/db/PinyinSort.db	file	0o644	645120	592d259c017764bde28590cf86b8fd60a17952383d639e8130d0d16820de0970	
vendor/sony/etc/DevIcon.fil	file	0o644	88884	58f15f3603642a9a1ea41952d46683796f6f2ad3e4882d97eea6e37e1838ca79	
vendor/sony/etc/DevLogo.fil	file	0o644	1027	24e6e1f55118c3b995d1890799a3c4e2388c654ad99d3d52f2d3f46fd4f934e8	
vendor/sony/etc/audioanalyzer_params	dir	0o755			
vendor/sony/etc/capability_00.xml	file	0o644	15701	e6554518976fccb784282df33d0c00619f0ddb3e70d7881e134cee0cccde6a78	
vendor/sony/etc/default-capability_j_external0.xml	file	0o644	8140	5930eae3d8be41a0214fa20186db486f9fbcd6204f1ff7655f961478c0a38336	
vendor/sony/etc/default-capability_j_internal.xml	file	0o644	8143	7550a3de7a1e7b997cf91d92e438962f733d3d0b5bd7bb192280692f77556d66	
vendor/sony/etc/default-capability_w_external0.xml	file	0o644	3234	8997aa343980c951a14d5d07181d943e622b96929a52c4362e74467f92648dc1	
vendor/sony/etc/default-capability_w_internal.xml	file	0o644	3237	3b9ba0805352d6d986750bae566e9fb917a21fcf5e4fd9322668da8e60b9e38e	
vendor/sony/etc/dic	dir	0o755			
vendor/sony/etc/effector_params	dir	0o755			
vendor/sony/etc/hcoredump.sh	file	0o644	559	e28cc64cfbf6d1d5a1bf9364b70c03e5502a8cffc2ce1a2fa86d842e3bd5c584	
vendor/sony/etc/hgrm_setLcdValidateGradually.sh	file	0o644	4984	a14b107e9331cd322c3e8cf07c000894ee3dd151526e2daa3ef016986062aca0	
vendor/sony/etc/ihagomon.sh	file	0o644	899	83ef7d1f6a44e3c4c013b3e41d77fe6e480fba8c92cd54ad14bc552b29025ab4	
vendor/sony/etc/memmon.sh	file	0o644	2975	1e61ce5c9ed001cdb65ee0195c88e2ecbb0a6dd4398ac2d5a3d5edcca3e442ab	
vendor/sony/etc/prefill.sh	file	0o644	40	e4c5055daf185ad9acf85adfc0c4450273c06b5f5569280f5af08c6541be4cd8	
vendor/sony/etc/audioanalyzer_params/delay_dacmode_level_176400_16.txt	file	0o644	3	838f461c2fa673cec73e6eecdafa88b127802d6cb0a61c53175197a122cb645a	
vendor/sony/etc/audioanalyzer_params/delay_dacmode_level_176400_32.txt	file	0o644	3	3f9807cb9ae9fb6c30942af6139909d27753a5e03fe5a5c6e93b014f5b17366f	
vendor/sony/etc/audioanalyzer_params/delay_dacmode_level_192000_16.txt	file	0o644	3	0791963ca2667a23cf3268ad25d7bb6ca0ed287b192869703cdbcf0e87934c33	
vendor/sony/etc/audioanalyzer_params/delay_dacmode_level_192000_32.txt	file	0o644	3	3f9807cb9ae9fb6c30942af6139909d27753a5e03fe5a5c6e93b014f5b17366f	
vendor/sony/etc/audioanalyzer_params/delay_dacmode_level_352800_16.txt	file	0o644	3	838f461c2fa673cec73e6eecdafa88b127802d6cb0a61c53175197a122cb645a	
vendor/sony/etc/audioanalyzer_params/delay_dacmode_level_352800_32.txt	file	0o644	3	3f9807cb9ae9fb6c30942af6139909d27753a5e03fe5a5c6e93b014f5b17366f	
vendor/sony/etc/audioanalyzer_params/delay_dacmode_level_384000_16.txt	file	0o644	3	0791963ca2667a23cf3268ad25d7bb6ca0ed287b192869703cdbcf0e87934c33	
vendor/sony/etc/audioanalyzer_params/delay_dacmode_level_384000_32.txt	file	0o644	3	3f9807cb9ae9fb6c30942af6139909d27753a5e03fe5a5c6e93b014f5b17366f	
vendor/sony/etc/audioanalyzer_params/delay_dacmode_level_44100_16.txt	file	0o644	2	4a44dc15364204a80fe80e9039455cc1608281820fe2b24f1e5233ade6af1dd5	
vendor/sony/etc/audioanalyzer_params/delay_dacmode_level_44100_32.txt	file	0o644	3	3f9807cb9ae9fb6c30942af6139909d27753a5e03fe5a5c6e93b014f5b17366f	
vendor/sony/etc/audioanalyzer_params/delay_dacmode_level_48000_16.txt	file	0o644	2	4a44dc15364204a80fe80e9039455cc1608281820fe2b24f1e5233ade6af1dd5	
vendor/sony/etc/audioanalyzer_params/delay_dacmode_level_48000_32.txt	file	0o644	3	3f9807cb9ae9fb6c30942af6139909d27753a5e03fe5a5c6e93b014f5b17366f	
vendor/sony/etc/audioanalyzer_params/delay_dacmode_level_88200_16.txt	file	0o644	3	838f461c2fa673cec73e6eecdafa88b127802d6cb0a61c53175197a122cb645a	
vendor/sony/etc/audioanalyzer_params/delay_dacmode_level_88200_32.txt	file	0o644	3	3f9807cb9ae9fb6c30942af6139909d27753a5e03fe5a5c6e93b014f5b17366f	
vendor/sony/etc/audioanalyzer_params/delay_dacmode_level_96000_16.txt	file	0o644	3	0791963ca2667a23cf3268ad25d7bb6ca0ed287b192869703cdbcf0e87934c33	
vendor/sony/etc/audioanalyzer_params/delay_dacmode_level_96000_32.txt	file	0o644	3	3f9807cb9ae9fb6c30942af6139909d27753a5e03fe5a5c6e93b014f5b17366f	
vendor/sony/etc/audioanalyzer_params/delay_normal_level_176400_16.txt	file	0o644	3	da70dfa4d9f95ac979f921e8e623358236313f334afcd06cddf8a5621cf6a1e9	
vendor/sony/etc/audioanalyzer_params/delay_normal_level_176400_32.txt	file	0o644	4	34f14f95d628a20e72158dab1a62b8761eee7573423dd87e317d917bf6ba29b1	
vendor/sony/etc/audioanalyzer_params/delay_normal_level_192000_16.txt	file	0o644	3	fc95ce176603e9e1d1ffee39023b31dd856e00ad030526902604ed2a68a12c4b	
vendor/sony/etc/audioanalyzer_params/delay_normal_level_192000_32.txt	file	0o644	4	b0f640876341d9792de532c827476f41d2de166572c0e7b1c5e9d0f377304b73	
vendor/sony/etc/audioanalyzer_params/delay_normal_level_352800_16.txt	file	0o644	3	3c1b7053f0edd447b778edbc0ad8359b0fa892d69857d9bd5e6b19007bb3f01e	
vendor/sony/etc/audioanalyzer_params/delay_normal_level_352800_32.txt	file	0o644	3	6b3c238ebcf1f3c07cf0e556faa82c6b8fe96840ff4b6b7e9962a2d855843a0b	
vendor/sony/etc/audioanalyzer_params/delay_normal_level_384000_16.txt	file	0o644	3	04d19fde0a08b17aca69491e714bea43565384d12a63626e08477662cc03780e	
vendor/sony/etc/audioanalyzer_params/delay_normal_level_384000_32.txt	file	0o644	3	f64f410744d9470ffe2d6b9ee6f042cdffcc42a745d2568146e8782ea828ff48	
vendor/sony/etc/audioanalyzer_params/delay_normal_level_44100_16.txt	file	0o644	3	b6bc077d6675a7c8cc9e2fa5a08c86ba59b675d69af118052bb390c3cf11e5e0	
vendor/sony/etc/audioanalyzer_params/delay_normal_level_44100_32.txt	file	0o644	3	1158e7e12c5e7362318e5e3c2e1f2f1ab49578ab1d1691e9818a7c3f6b30b528	
vendor/sony/etc/audioanalyzer_params/delay_normal_level_48000_16.txt	file	0o644	4	59bc3f91c8bcb78d6cac35245329b743754fabd4c84b959f80c155c0a00f8c5d	
vendor/sony/etc/audioanalyzer_params/delay_normal_level_48000_32.txt	file	0o644	3	064c3e311ef63912b0cc91db9681ce2d301c3e76c447febf8faa303de38cc005	
vendor/sony/etc/audioanalyzer_params/delay_normal_level_88200_16.txt	file	0o644	4	48430c59951df1d835a871172779c933db36c45bf79c702fc7d1b77c5e47460e	
vendor/sony/etc/audioanalyzer_params/delay_normal_level_88200_32.txt	file	0o644	3	556d7dc3a115356350f1f9910b1af1ab0e312d4b3e4fc788d2da63668f36d017	
vendor/sony/etc/audioanalyzer_params/delay_normal_level_96000_16.txt	file	0o644	4	33a8ee57a72a5a276025b0b436811f6ab55757534345255d35ef39eaad1a9709	
vendor/sony/etc/audioanalyzer_params/delay_normal_level_96000_32.txt	file	0o644	4	e76a6aa700839b90bfaa40900a8b74ec5cc9d9b3eecf5bf8d780b6376b8f63c2	
vendor/sony/etc/audioanalyzer_params/delay_normal_spectrum_176400_16.txt	file	0o644	4	2f4ea65eb6f22ac0800b3e24ce68dc6b1a63648493fae5673a67b3f872fcef4b	
vendor/sony/etc/audioanalyzer_params/delay_normal_spectrum_176400_32.txt	file	0o644	3	b7c7470e59e2a2df1bfd0a4705488ee6fe0c5c125de15cccdfab0e00d6c03dc0	
vendor/sony/etc/audioanalyzer_params/delay_normal_spectrum_192000_16.txt	file	0o644	3	355d8c0ee4e5698eaed38b96aab64dbf0ad72eca3e352183be6e957e9d9230a7	
vendor/sony/etc/audioanalyzer_params/delay_normal_spectrum_192000_32.txt	file	0o644	4	a88bd18af306183823b0e1d097478b0fad6cdbda06055375719e4f78f470a256	
vendor/sony/etc/audioanalyzer_params/delay_normal_spectrum_352800_16.txt	file	0o644	3	5658b88806a236b6439a7ecd0a87af2475a02a848095304c6d25981ae5e7e9a9	
vendor/sony/etc/audioanalyzer_params/delay_normal_spectrum_352800_32.txt	file	0o644	3	d83c7ee736be931d85b78a4a60881ced3ff9a31bb417804e45b1d30de40f94f2	
vendor/sony/etc/audioanalyzer_params/delay_normal_spectrum_384000_16.txt	file	0o644	3	52f14fc33ef45dd80ac2626077948f44d8d211d5f24bf9db333c9403968e634a	
vendor/sony/etc/audioanalyzer_params/delay_normal_spectrum_384000_32.txt	file	0o644	3	5f2703a5211db19a9020f7443f6a440fbc95cda90b7c2d53912f5ce47d050056	
vendor/sony/etc/audioanalyzer_params/delay_normal_spectrum_44100_16.txt	file	0o644	4	d35afb174a7f8cee01b12d840310722409dfce5ae07492ccd5dd346eb94ad661	
vendor/sony/etc/audioanalyzer_params/delay_normal_spectrum_44100_32.txt	file	0o644	4	76b9bf7abc6c828814d919b5d66d18fd2ba7c5821df8c1e9e968ba3ee10f03c7	
vendor/sony/etc/audioanalyzer_params/delay_normal_spectrum_48000_16.txt	file	0o644	4	8b43e07955cc3a9e17d74b960abf019bca14a764c87faa83fca03c00020683ee	
vendor/sony/etc/audioanalyzer_params/delay_normal_spectrum_48000_32.txt	file	0o644	4	7a0c02b0c9d5b023a170efa5cb0e0f27cd619b74738c3da4dbb131bb53a05c8e	
vendor/sony/etc/audioanalyzer_params/delay_normal_spectrum_88200_16.txt	file	0o644	4	81549590044d2f7b62378afe7234c54599e8cb643c760be28492c36d1aa5d90f	
vendor/sony/etc/audioanalyzer_params/delay_normal_spectrum_88200_32.txt	file	0o644	4	33b9400a6e33f309e0b59129329ce057e1f9342c72cc7c83de52c38a8b22446d	
vendor/sony/etc/audioanalyzer_params/delay_normal_spectrum_96000_16.txt	file	0o644	4	37aeed46a172d08e210fed9c4ad8922aeaa0d7a52faaee0fada64760d1741dd0	
vendor/sony/etc/audioanalyzer_params/delay_normal_spectrum_96000_32.txt	file	0o644	3	72ba187b05e705de2dced5824d716a71872dedccf21f0c179bd2d5f2c7c974b1	
vendor/sony/etc/dic/kncnvmbL.dic	file	0o644	4036428	5265544e806321ad4139b7ef85bcc8399b147e66fa3c1306d0aa5e20b616b0df	
vendor/sony/etc/dic/kncnvmbu.dic	file	0o644	500844	3e704d952b632ba170a9d24f553d0e47f8102bf735dc76387defb3a23590e957	
vendor/sony/etc/dic/kncnvmbum.dic	file	0o644	3004	c57cbc8b133fd2d14433da67d453560550caa9da3468f26bf874fab94b2fddad	
vendor/sony/etc/effector_params/ClearPhase_HP_NC31_176400.lps	file	0o644	32932	536d5df2d14c5421e6fcd226992544e996a7888abf849b84e186bf5713fb0db4	
vendor/sony/etc/effector_params/ClearPhase_HP_NC31_192000.lps	file	0o644	32932	ccd3305a446d55364f020aff6cd209bb04d8f6c03299b94cdb5f2d65e7b2137f	
vendor/sony/etc/effector_params/ClearPhase_HP_NC31_44100.lps	file	0o644	8356	c3124027dfb8be943006878a0a596d186cfeb3f737444f0ec5c2e5ba08b3dd22	
vendor/sony/etc/effector_params/ClearPhase_HP_NC31_48000.lps	file	0o644	8356	934caf5134405295f94b17260fa99a548a180c70460fcf91437b79dd03bbfe7b	
vendor/sony/etc/effector_params/ClearPhase_HP_NC31_88200.lps	file	0o644	16548	bbe85e8a3fba7e6a17f46eac6bfa572d632cf24db21de4d3a5585316addfa9c7	
vendor/sony/etc/effector_params/ClearPhase_HP_NC31_96000.lps	file	0o644	16548	71cbfaed067f80ce1045677a436fda8c5165014bb90f5fa097b1bb7021f01f9e	
vendor/sony/etc/effector_params/ClearPhase_HP_NW500N_176400.lps	file	0o644	32932	501425dddd4b200f2fd0e3037340727692fbf89065cb320dc9e9430a5cedd78a	
vendor/sony/etc/effector_params/ClearPhase_HP_NW500N_192000.lps	file	0o644	32932	5a66a3e6b31dc1cba61d71103573ad6a9ac981a13efabcb9961516e2db9f224f	
vendor/sony/etc/effector_params/ClearPhase_HP_NW500N_44100.lps	file	0o644	8356	0298f9a1dbe644a105fc345508a632013ba8fbc4fec70153632b2c1237582165	
vendor/sony/etc/effector_params/ClearPhase_HP_NW500N_48000.lps	file	0o644	8356	244e51e4c139c00c4a5b934aaf07a12e143c563a18e43e885e8e41253c7c287c	
vendor/sony/etc/effector_params/ClearPhase_HP_NW500N_88200.lps	file	0o644	16548	d4d29deadb72a7b7036aa06993e74dca1327afff9d66758cdebe07d23ee96204	
vendor/sony/etc/effector_params/ClearPhase_HP_NW500N_96000.lps	file	0o644	16548	6954ff2e61be04e1fcab9c17ef86a37c118f03168f7e8ae0acfe3cddb17da0ed	
vendor/sony/etc/effector_params/ClearPhase_HP_NW750N_176400.lps	file	0o644	32932	501425dddd4b200f2fd0e3037340727692fbf89065cb320dc9e9430a5cedd78a	
vendor/sony/etc/effector_params/ClearPhase_HP_NW750N_192000.lps	file	0o644	32932	5a66a3e6b31dc1cba61d71103573ad6a9ac981a13efabcb9961516e2db9f224f	
vendor/sony/etc/effector_params/ClearPhase_HP_NW750N_44100.lps	file	0o644	8356	0298f9a1dbe644a105fc345508a632013ba8fbc4fec70153632b2c1237582165	
vendor/sony/etc/effector_params/ClearPhase_HP_NW750N_48000.lps	file	0o644	8356	244e51e4c139c00c4a5b934aaf07a12e143c563a18e43e885e8e41253c7c287c	
vendor/sony/etc/effector_params/ClearPhase_HP_NW750N_88200.lps	file	0o644	16548	d4d29deadb72a7b7036aa06993e74dca1327afff9d66758cdebe07d23ee96204	
vendor/sony/etc/effector_params/ClearPhase_HP_NW750N_96000.lps	file	0o644	16548	6954ff2e61be04e1fcab9c17ef86a37c118f03168f7e8ae0acfe3cddb17da0ed	
vendor/sony/etc/effector_params/DseeAi.bin	file	0o644	60000	dfc87d4b071c8b6a295690daefc2df889e827c393ae0411d54bcd14d5d3956f4	
vendor/sony/etc/effector_params/DseeAi.dcfg	file	0o644	20	de47c9b27eb8d300dbb5f2c353e632c393262cf06340c4fa7f1b40c4cbd36f90	
vendor/sony/etc/effector_params/DseeAi_HP_ICX1291.bin	file	0o644	60000	dfc87d4b071c8b6a295690daefc2df889e827c393ae0411d54bcd14d5d3956f4	
vendor/sony/etc/effector_params/DseeAi_HP_ICX1291.dcfg	file	0o644	20	ab7841e844f83d9a7dc5dc63c757b8d3d4a43940a20bf061e39a4b3d73cce4f7	
vendor/sony/etc/effector_params/DseeAi_HP_ICX1300.bin	file	0o644	60000	dfc87d4b071c8b6a295690daefc2df889e827c393ae0411d54bcd14d5d3956f4	
vendor/sony/etc/effector_params/DseeAi_HP_ICX1300.dcfg	file	0o644	20	396506ae7ff3bbf97f7d4f7aa9497f7ac898d2a06412fbe72000424ce96a312c	
vendor/sony/etc/effector_params/DseeHxCustom_HP_ICX1277.dcfg	file	0o644	20	396506ae7ff3bbf97f7d4f7aa9497f7ac898d2a06412fbe72000424ce96a312c	
vendor/sony/etc/effector_params/DseeHxCustom_HP_ICX1278.dcfg	file	0o644	20	edbf70cc762c8a7a29b85dd02140a4c428d8ea2efae6d5517b4af41208268a64	
vendor/sony/etc/effector_params/DseeHxCustom_HP_ICX1280.dcfg	file	0o644	20	eba416c46d279671de13a12232f6e65d64b9b3ac098e2a1b2d93d2621e31ff3f	
vendor/sony/etc/effector_params/DseeHxCustom_Mode_0.bin	file	0o644	1536	35134b7f7376647a71af1dc30d849afdbc35698d0c1dede1ed1b63a6fb7aee76	
vendor/sony/etc/effector_params/DseeHxCustom_Mode_1.bin	file	0o644	1536	0b7ba4b0d6072e282c59a387361c82a9c4038a11d2a0bd36bb66250db29d24fe	
vendor/sony/etc/effector_params/DseeHxCustom_Mode_2.bin	file	0o644	1536	7b3845cb27930f440f6a192404b4d041921c907bb850ba05106510d9cc112e54	
vendor/sony/etc/effector_params/DseeHxCustom_Mode_3.bin	file	0o644	1536	a96259d1df0e3a7a8b21ba6df29d4f28d912e8b1fce03d8bfa2ff4de3030d0d6	
vendor/sony/etc/effector_params/DseeHxCustom_Mode_4.bin	file	0o644	1536	afa5f829e85ad406fb07b5681d41fa91ce4af6a664d435a92602c5c86c29549f	
vendor/sony/etc/effector_params/vinylcoeff.csv	file	0o644	173515	3817b64c64c71c7e356b4fcdf9f988a1875ddcb898cd2f7e2704b3b10fe851c6	
vendor/sony/lib/fonts	dir	0o755			
vendor/sony/lib/libAudioAnalyzerService.so	file	0o755	236996	6a7dfb2fa5aaa8d1556877b6b7e8c12f7486e0923531bdb3511814d050589839	
vendor/sony/lib/libAudioAnalyzerServiceClient.so	file	0o755	14380	9c7b1dc8500a9b5020703233efe4e972c4f9372e20ccaf9713a9241c5c9a52f4	
vendor/sony/lib/libAudioInPlayerService.so	file	0o755	79964	867fb405d3fa7ce11d1a1c554415faf128f94b76da9ae319aeb5e40bb5bd948d	
vendor/sony/lib/libAudioInRecorderServiceClient.so	file	0o755	18476	f9723bb84fffd070a584ff8c2cfac1b971cc9f0baa52b7087878740736e41282	
vendor/sony/lib/libBleFunctionHandler.so	file	0o755	22588	4f4779a7e47afb7e97dab1f79bac80f9d96fd2c78e6489bcb0ef0702f6780853	
vendor/sony/lib/libBtBleCommonService.so	file	0o755	59436	479c58b49a5d680fcdd22fb0046183a28f560b31a4476ba670160b2eb3131892	
vendor/sony/lib/libBtBleRemoteService.so	file	0o755	26668	52b27352c45cd5e74a5ba85a1fc89691629e866ff29208c29926d4a17103a433	
vendor/sony/lib/libBtCommonService.so	file	0o755	112684	008289c8562195510eded8460390c88c634d46aec2ac2739ede4531b8d1176cb	
vendor/sony/lib/libBtCompIf.so	file	0o755	76096	722ea487c100af075f3529b526c1c34543a87bd68f3aaad69db8bf82f198552a	
vendor/sony/lib/libBtMw.so	file	0o755	154452	4d07f1c1080135253be96868a25ae7e6ae7694d73999a0a424d45f8081e1ef2e	
vendor/sony/lib/libBtPlayerService.so	file	0o755	202796	3219b69d9f368ffe5aaa84a26e7d6c7cd377f1fceb45109c9e6a6eee53932d79	
vendor/sony/lib/libBtTransmitterService.so	file	0o755	120916	2f445f6eae07ca448e74a4018fb25ea5805f35d0a8fe59a4bd5761deb33a8768	
vendor/sony/lib/libConfigurationService.so	file	0o755	194608	20c533f4995b02a53f9c79f2c608f3095caba20ed546cf9120ed3fa7643ace73	
vendor/sony/lib/libConnMgrService.so	file	0o755	55388	b8c624d28a3755982daea90c6f50f09f5129d867d43c591740c3c16219cae4c6	
vendor/sony/lib/libConnMgrServiceFw.so	file	0o755	157748	3b74042399092ee416bbe3b82e1bee0b6943dafc1f47cfc00701eecc94f43c3d	
vendor/sony/lib/libDisplayService.so	file	0o755	67628	2fb886c079a81090e7acc56fc27190494e0928651119519fd6f4b7392d2bcc45	
vendor/sony/lib/libDmpConfig.so	file	0o755	79964	7defcd9ab8d35b25bb6c0f462fbd500c95cdf9c2c3a5e6f3812d733829259c98	
vendor/sony/lib/libDmpFeature.so	file	0o755	71772	0a23acff4c20ea4e7b3f2ec7f3d4e4b5ef6ea3686c2e2eb7490d51af496fc39c	
vendor/sony/lib/libEffectCtrlDmp.so	file	0o755	125020	83b1b1e87d434a0af640f1407dedf207bf10de4bea1a3c1243d61937f637f402	
vendor/sony/lib/libEventRouter.so	file	0o755	34860	9897074129a39b4afa8534e4e703b1ae09e9296bcff5578affe04ddfcd0752f0	
vendor/sony/lib/libFuncArchUtils.so	file	0o755	81280	6ee81c23bea0ac11d329e3ab73e1b70130155f39f209574764f424eb15791524	
vendor/sony/lib/libFuncMgrService.so	file	0o755	55388	9dcda0bb3b652f8547a5f98359d2ef8889fe9e935379de7cb941cee99593b53e	
vendor/sony/lib/libFuncMgrServiceFw.so	file	0o755	55388	b90b99d0bd8ea1096b3623f54e921c13b32f32f4756f2e2b254adf681718edf8	
vendor/sony/lib/libInitialObject.so	file	0o755	39004	d366d9ae38263c3effb85b5bf18bb72a26ccfec28eb332fea02a47ab1614031a	
vendor/sony/lib/libKeyListener.so	file	0o755	10284	ddecbb3d195117157a2c9ee390e09522ffe58988b362b55547856356a5a2437a	
vendor/sony/lib/libKeyService.so	file	0o755	120876	db5be7ee377f1f4b5ce10c6e50e2042c7e4e18bdaa124a8d2ba654c23747b22f	
vendor/sony/lib/libLogupStub.so	file	0o755	71724	461cab8eb9076e190a40da0b4f9029388e7e467737cc1360cc5c071b8cfe3ca7	
vendor/sony/lib/libMediaStoreService.so	file	0o755	2004424	b9daeca03ae1a8f7b6ce8cbf5e5aef4ebe7261097e7daa97ce9e25f69b228f43	
vendor/sony/lib/libMediaStoreServiceClient.so	file	0o755	856272	27f11df053be0798116f0308039a3a411df0e04029aaeaea350c74d57dd7f3b9	
vendor/sony/lib/libMemmonService.so	file	0o755	104540	b0d0c4a1762bc63b8e181cdc217b7998c4b1fac337f21d9c3041d87e22bd1fae	
vendor/sony/lib/libNcAsmService.so	file	0o755	59484	f5f74cee3a99285306cee3590c917c1c4c800700dcdcef393922fe42928f7085	
vendor/sony/lib/libNcService.so	file	0o755	55388	a6790cc93305125c24493f820eb30c46035a191b641f8b7b273ffdaff7b92ae4	
vendor/sony/lib/libNcServiceFw.so	file	0o755	178268	a1d2d27822c42a5ff1d98bcd197d622ffcfdc457c8283c13dc98d17413604f9b	
vendor/sony/lib/libNfcService.so	file	0o755	43052	5138dfc1362d9430caf9a2880c30a4b0587270df2e7700dc946e11e11d6f6a23	
vendor/sony/lib/libOneTrackPlayerService.so	file	0o755	3631580	7b7297293e3b236c92dacc585da04dad62ee5ad096c338f1d711f0bc410d8cf8	
vendor/sony/lib/libOneTrackPlayerServiceClient.so	file	0o755	14380	d4e56d0c7f9e964b027dd9e833151de9fc27e38d616d643d50acce068564db5f	
vendor/sony/lib/libPathMgrService.so	file	0o755	55388	507b57e9d5c0e9e68ba281d4f762293c3e93952ed92f65db2c115040ef7a96c9	
vendor/sony/lib/libPathMgrServiceFw.so	file	0o755	75868	adcbb6475b7b2f3c48c7208c660b3316a6c8e39d67e636cd34b28805e43172e2	
vendor/sony/lib/libPlayerService.so	file	0o755	3758540	c879767a022fa66b7b250d43e6752ba5c3b8cf68234e8869c0525822a354b6bb	
vendor/sony/lib/libPlayerServiceClient.so	file	0o755	22572	c0f93b60ed5c8318fed4315145e9ec5abde607d125b52addf1a9425e350a4bef	
vendor/sony/lib/libPlayerServiceClientUtil.so	file	0o755	102776	6e04e2d2a5cba6bbdf2deb79554706ff170cd138477f333aa91b4a55f4fb14bd	
vendor/sony/lib/libPowerMgrServiceClient.so	file	0o755	22620	923cc3c6db261c997a5949e4ecf89ac5f64acb9426fa83e2abff7d6300c546de	
vendor/sony/lib/libPowerMgrServiceFw.so	file	0o755	145500	a72dca261df53bc54b3d9deb440ed277023d50e4e4b335c54a518afea6d339df	
vendor/sony/lib/libPowerService.so	file	0o755	100444	518481e970538a01f7548e3983818737b38819284ba7fd28c10f1e9e4ec46516	
vendor/sony/lib/libQt5Core.so.5	file	0o755	4079672	75f5aa5ad59f72df0a01384f88edaf923aa4f37b131b0ce4565a7af47895f229	
vendor/sony/lib/libQt5Gui.so.5	file	0o755	3222248	a6b901864fbc31a371c3f6c69a0be87a7bdaaae9f86f4b63f54b9503cac14841	
vendor/sony/lib/libQt5Network.so.5	file	0o755	907268	c4317be8e6fff20dd73035d7b697ecb38f1a631e3ec82a874903f2d6f5bc1d59	
vendor/sony/lib/libQt5Qml.so.5	file	0o755	2725760	276e5bdf83cbc34c077c40c8e04921a8701d309fa018645db9ffb2d518a34af4	
vendor/sony/lib/libQt5Quick.so.5	file	0o755	2353896	c1a785ef393c6a237f7e23a6db06b0b3f3e90a49bd6437762d5f364835b6a6a5	
vendor/sony/lib/libQt5QuickParticles.so.5	file	0o755	374848	ac1788a21a9511bea13fa268861822b7338d2b12c247d7db1ae7fcff7fdd6956	
vendor/sony/lib/libQt5QuickWidgets.so.5	file	0o755	43000	da9f1d269e08b657e017fedca2ffb0069a2b4eb1ab21c1dca642fcfc4371171c	
vendor/sony/lib/libQt5Widgets.so.5	file	0o755	4237380	62b4edcc985d02a364f41973de2ac20f0890e0016b811b9da56ecdd446806d60	
vendor/sony/lib/libRecFileEditUtil.so	file	0o755	18524	1fca217f3a5cf3598e238fad43584e557da2bbb79e5cebe96bf3245c736b2025	
vendor/sony/lib/libRecorderService.so	file	0o755	3364184	069228c3714443dd18e15a3756f3bd21498f533c3ca40f8f3b4584c36401e243	
vendor/sony/lib/libRecorderServiceClient.so	file	0o755	18476	db29700d197db0b543fd7e1e01620af7873b78782c7c92c8dfe5d7bb439ee98a	
vendor/sony/lib/libRemoteCmdInjCtrlDaemon.so	file	0o755	34908	28dd95ee7cd9448d094ac6a65a144ce929e218f2a8ddd19d179446d6a7d845a9	
vendor/sony/lib/libScreenshotShared.so	file	0o755	10180	3445840e5801dbd3deaaa3dd611b9b1ef1358509ec7dc6f4924383fb3d3f94a0	
vendor/sony/lib/libSoundService.so	file	0o755	149596	92eaf7203248349cdc0813ecb1be29fca271a5e3f4dfd456d37c58b6bf1a7e48	
vendor/sony/lib/libSoundServiceFw.so	file	0o755	3347828	2f4110acb2175c09c3cba62cda0cc7f588169bf8a434a53157e5668819806204	
vendor/sony/lib/libSoundServiceSettingsDmp.so	file	0o755	55388	e3846789238a3cfe2d6ebbb254a8be367ab369124c893415ee315b8cef6327d4	
vendor/sony/lib/libStorageMgrService.so	file	0o755	63580	b4366a0d5a27863acd8990ab39fbfc9b186ceeaecb8328f9d8d0c7c8a016b23f	
vendor/sony/lib/libStorageMgrServiceFw.so	file	0o755	215132	86847d8f242ce2fdddb598af2010a355218ec09af157f0baa6466a4952c673e3	
vendor/sony/lib/libTimerService.so	file	0o755	120900	97e0e6e1069264dc1e0e9ada7c4a415f1758638f83b2178ae46737952dfce49c	
vendor/sony/lib/libTunerPlayerService.so	file	0o755	96308	3b6dab1133bf51ccaf0a4d9d6938a89018ade34142077d380b3c7bd1e6e078d1	
vendor/sony/lib/libUpdateService.so	file	0o755	120876	5af3c5e977ef38c49b78c2027c058c063575e0bf453002f940d54d00c1022792	
vendor/sony/lib/libUsbDeviceAudioPlayerService.so	file	0o755	225012	74104e607680c709de853e61765aa2e1d2b1ac48db44c916733944bf2123f756	
vendor/sony/lib/libUsbDeviceConnectionService.so	file	0o755	79964	22c7d5bc15a020771bc8c2ce2ccaca8c2824ff664f43820158eadcb89bc9a1b8	
vendor/sony/lib/libUsbHostConnectionService.so	file	0o755	92204	a9a864a69bb41ebb2ad6d8e2f3aec485c6717e32f74e7d9fbc68df50dac1c6b4	
vendor/sony/lib/libUsbMgrService.so	file	0o755	55388	3f503341bef2f375346c785fc8d66df97a607f2482a437e2d92000b1b7d5a547	
vendor/sony/lib/libUsbMgrServiceFw.so	file	0o755	116828	f7198e0125cc33d0fe2a7d2011c2b4322707005bb2e46ea51ac26067ef156636	
vendor/sony/lib/libVolumeGlue.so	file	0o755	34908	dbe4507ca75d871047795b7914282b24a800fcde0b8c4c9cd98b75e546eec441	
vendor/sony/lib/libVolumeService.so	file	0o755	63580	24785dde8ac13dd5b6ff13274a37d5599697f5f9363df9dd7677e11e9f1bd160	
vendor/sony/lib/libVolumeServiceFw.so	file	0o755	194652	2d2beb8563c7618e1ee74fd2c40da00c14f24dafe8da02d7df7606f81265d323	
vendor/sony/lib/libWMPortService.so	file	0o755	38964	386bcfe421f942fb3edba4b5e8e6079249108cb1128e0804f7d8a6e33a580300	
vendor/sony/lib/libWiredHpService.so	file	0o755	55388	c10ced00b6a028f3a85cc35f537bf526fede43e7a9c67bb064f10eb9bde61895	
vendor/sony/lib/libWiredHpServiceFw.so	file	0o755	67676	502583873125391f85ebdbce7776596d68b9bd6df2ed50de6f99e6a11e5dc7b6	
vendor/sony/lib/libappmgrservice.so	file	0o755	145500	d686d091e886088e782a3e1bd80ffab344761afffd7a91b004001d88e3f1858e	
vendor/sony/lib/libaudiohal-a2dpsnksingletrack.so	file	0o755	200080	d59ee212b286b055085a06c029bbdd428effe69f42344e6c9c4e8a7b65fcf46f	
vendor/sony/lib/libaudiohal-adleralsa.so	file	0o755	155068	a5e6ba1e28dd8955ba94e47651f2ef357d6153a47337f55313a5268b0a7bfcf7	
vendor/sony/lib/libaudiohal-analyzer.so	file	0o755	129116	54fd4874a3e451d94cbc166677ccdf45cb5976739ad4214e31cc61b073343c00	
vendor/sony/lib/libaudiohal-dualtrackmixalsa.so	file	0o755	234548	d71e08a406802a0098226685dbfb532e2e7f26977020b88438357081bc5abe3b	
vendor/sony/lib/libaudiohal-genericalsa.so	file	0o755	30812	83f3580f44a61cbcbe1b9b53131a2d5621ddb3dacfcc8639ee17e51c4a319994	
vendor/sony/lib/libaudiohal-listener.so	file	0o755	18524	827bef0312959bda91e6ee9fc97eb34486a17e4ba7935e96ca87b7fb96576fee	
vendor/sony/lib/libaudiohal-uacalsasingletrack.so	file	0o755	172056	dbe29ca1f1a9943015bc86986b422addac1ffa1301253117784ede3537516406	
vendor/sony/lib/libcnpysort.so	file	0o755	526836	247a2c8ec449118b57458cb880be3c4e869c3ddbacf4b6a460f347afee5c98eb	
vendor/sony/lib/libcrypto.so.1.1	file	0o755	1716312	ab56efd6640c78fd78be63c3220209fb7aa78da1dd7e63e954c325621fcabac4	
vendor/sony/lib/libcurl.so.4	file	0o755	239808	837a06b7c03c159e4e7d380eaf715a8be55cf38ee8fa876c3f8dac11d0200328	
vendor/sony/lib/libeaselcore.so	file	0o755	38956	ebd29ed88bb62710b3025121ecf76f92861832a7479f328fee08f49afb31a384	
vendor/sony/lib/libeaselcui.so	file	0o755	18476	ba00245983b33fb612091e9c7b390bf4334fa977d4e4ae2f7291a8ab46074127	
vendor/sony/lib/libeaselqt.so	file	0o755	10236	b9b786ae14fef65bbcdd27ff49296cc4f28942d3cfbd169d34c557130d7f617f	
vendor/sony/lib/libharfbuzz.so.0	file	0o755	695176	d6c3dc463009ced117f66b84aebde28e0547caf2f1f52ca92b89e12430b358d4	
vendor/sony/lib/libicudata.so.61	file	0o755	26890836	ea6d453f3d8f98b9304a1f85d6a3a852e886ab5be7ee25867576028b2e56b11a	
vendor/sony/lib/libicui18n.so.61	file	0o755	2091212	910a33c40ad077fb7ca72870d94c6df906b35b58323877a9496db7b5e844431b	
vendor/sony/lib/libicuuc.so.61	file	0o755	1304620	54d6ef2e8723fb8591afe4e342a86708bc75e056555d859bf5fb3c70e1945778	
vendor/sony/lib/libjson.so	file	0o755	182316	540813c4f0991f9e981f45cabf7978f01b7ca2c65877e3d62ba6338db84b8c79	
vendor/sony/lib/libpstcore.so	file	0o755	325724	07f97cc50b71fbc99317d459c14b54216541d0ca8b5f85585060fb3c0ad460cf	
vendor/sony/lib/libpstmach_.so	file	0o755	26668	9d0b4c4b4e6bd4bdcb11951d52dbe164fe91058d4e12d0a15481394875364c39	
vendor/sony/lib/libssl.so.1.1	file	0o755	286560	b0f7f60e71cdd210b069a71f7628f7242a50507e8b32e4c33c2976cedf50988d	
vendor/sony/lib/fonts/DFGothicPW5-BIG5HK-SONY-20131004part.ttf	file	0o755	1436532	184e080d58e5c4a9bd80cbc127042f4b0716c35f714e1f6ca35191b0d435015b	
vendor/sony/lib/fonts/DFHeiW5-A-SONY-CTC.ttf	file	0o755	7941932	4b746bf9ae78a2a4b102d72a0ed8bf6f1b545a2d344b0da27bdba1a8f43b3b06	
vendor/sony/lib/fonts/DFPGothicPW5-BIG5HK-SONY-20140613.ttf	file	0o755	10087540	6d8589ea77e1e24fcae6a4604b14abc9ca6c13934c9fc7ed226703749fda458a	
vendor/sony/lib/fonts/NotoSansKR-Bold.otf	file	0o755	4723052	d76eeeb8c4869dcc23537dc6ea2e85393596932f5e901d7625198b46ef947838	
vendor/sony/lib/fonts/NotoSansKR-Light.otf	file	0o755	4517908	99cdc4651ddecc9799594c57856cb512cb4c2b43c97c75162b1eb47cdb467863	
vendor/sony/lib/fonts/NotoSansKR-Regular.otf	file	0o755	4559524	b21817200abcb37a8ee865befce588d65babd1c35c2c4d32d3cd3f5b4780a7a3	
vendor/sony/lib/fonts/NotoSansThai-Bold.ttf	file	0o755	28864	7a02539ec6603924e1463427cffd7210f5ade8809b2fb89dbbf9d90b859a4a37	
vendor/sony/lib/fonts/NotoSansThai-Regular.ttf	file	0o755	33872	055d1d6a5a6b0407b3be31ddb2bd88cfc4377877a7d7b6fbb84eee7a1a89868d	
vendor/sony/lib/fonts/SST-Bold.otf	file	0o755	89308	6687316d7be5b27a49f0e9922d9a1c0244be04e7ae23268421f3db074dcfd797	
vendor/sony/lib/fonts/SST-Light.otf	file	0o755	87960	73df24073c6cf1afe3f78cb0cf934322a24508c2d2c16bdafda96f042625316a	
vendor/sony/lib/fonts/SST-Roman.otf	file	0o755	87272	0be4eae51aac3329b433669c5b0ce241d58d6667332ea144466eddb3e0cc6833	
vendor/sony/lib/fonts/SSTJpPro-Bold.otf	file	0o755	3005640	9b410ce8c04d58152725ce64d719275f6e4223a3f8923038056d051337bf179a	
vendor/sony/lib/fonts/SSTJpPro-Light.otf	file	0o755	2930228	261ef4d908e0da08b510064ffd5a995111bc107e8eed26335d1f5f3a2f411e31	
vendor/sony/lib/fonts/SSTJpPro-Regular.otf	file	0o755	2942704	472a3fa8d5f2962bd5c526e74a3e92af8892b64dfc6483ef474a6b96445a4b1c	
vendor/sony/lib/fonts/SSTUI-Bold.ttf	file	0o755	495760	69b51199bd7e2d9e16879da76da79c3fe813f786e4e7fdf37707196f927c3cba	
vendor/sony/lib/fonts/SSTUI-Light.ttf	file	0o755	470928	86a7528f9d61af8a29fed757835806a87a323b290c9f7b091a17e71dccad4c44	
vendor/sony/lib/fonts/SSTUI-Roman.ttf	file	0o755	492684	d8580578f063308994543ec73815446fac05f57a4a36b9ed13acde069b36e13a	
vendor/sony/plugins/imageformats	dir	0o755			
vendor/sony/plugins/platforminputcontexts	dir	0o755			
vendor/sony/plugins/platforms	dir	0o755			
vendor/sony/plugins/imageformats/libqjpeg.so	file	0o644	232324	74c2a63c46afc0a47a9bb9c8085921a8c62793847d38398b57d4228122e0c2ad	
vendor/sony/plugins/platforminputcontexts/libCangjieSwkb.so	file	0o644	882640	00ec543a579ef1852cf0d5818956c9fdd3f61bae8deed81a103eae4c536c7d55	
vendor/sony/plugins/platforminputcontexts/libPinyinSwkb.so	file	0o644	853968	71b16924165f7537b8dbc5ae35479e76008e422bb8fa57a8226482c0f570d194	
vendor/sony/plugins/platforminputcontexts/libinputcontextproxyplugin.so	file	0o644	59488	438217f06a5ea1841f196cb8465b5a9f7bcd75ea7208d1bed82c7c60955c75e9	
vendor/sony/plugins/platforminputcontexts/libsw12keyboardplugin.so	file	0o644	3902712	c40f951d483e7f93dae200d83c58fb72e1f2d97249fb46c8904f9c02c9c83e8a	
vendor/sony/plugins/platforms/libqeglfs.so	file	0o644	608400	3940ef4396467148d5f10f9ae6ae083e1d77d3d66c568ef9bb52cb94878a08f7	
vendor/sony/qml/QtGraphicalEffects	dir	0o755			
vendor/sony/qml/QtQml	dir	0o755			
vendor/sony/qml/QtQuick	dir	0o755			
vendor/sony/qml/QtQuick.2	dir	0o755			
vendor/sony/qml/QtGraphicalEffects/Blend.qml	file	0o644	18966	874d80261f4803681ea8a74734582005d6bd840b5f4749a41864ac5a20dc0897	
vendor/sony/qml/QtGraphicalEffects/BrightnessContrast.qml	file	0o644	7043	bf056bb0afda3ed5d165735215b65a98edb6a3379a9b3f77a8a614576ac0f582	
vendor/sony/qml/QtGraphicalEffects/ColorOverlay.qml	file	0o644	5228	7bf0ae68cbe890a84908b76cbfb60128aceaf19c4579ed0fcea35a849e80b4c5	
vendor/sony/qml/QtGraphicalEffects/Colorize.qml	file	0o644	9685	dab37f2bc9105526d51052520b65f92e960a98051fd0392c5e3bda88159637ac	
vendor/sony/qml/QtGraphicalEffects/ConicalGradient.qml	file	0o644	11005	6e90b3b796a11c831b5cedd8f354396a9ad0a2abf77e6fe31f6685c92e566344	
vendor/sony/qml/QtGraphicalEffects/Desaturate.qml	file	0o644	5267	dbd4b8844bf55d4a90e7b596f717f4fbddcadbac9b738fdd0e65b2f560d71c53	
vendor/sony/qml/QtGraphicalEffects/DirectionalBlur.qml	file	0o644	10492	c1856cf24798b2606b5f50d3f51e937df622745c39ee7d466ba7fd8d00a1190b	
vendor/sony/qml/QtGraphicalEffects/Displace.qml	file	0o644	8224	5199078d07bbcf18993bddb0802053f6faaecd6a46f95f59f69989175f0ccb8f	
vendor/sony/qml/QtGraphicalEffects/DropShadow.qml	file	0o644	12893	bda2fe209501830f712285b841321ee27ef6dc13f6a2b9223747dec7c00aef75	
vendor/sony/qml/QtGraphicalEffects/FastBlur.qml	file	0o644	15615	cb166782c03c90efab6d2dc34d4ce36da9c619430c725c9f6553c4864fcfcb6e	
vendor/sony/qml/QtGraphicalEffects/GammaAdjust.qml	file	0o644	6436	3ca11ce47461512aaffa5186d5eefac2a57124b1e65a8b5b82e197ea5fc669f2	
vendor/sony/qml/QtGraphicalEffects/GaussianBlur.qml	file	0o644	10328	5d8dbf3165085519d3fbf188a873d60cc443daceacbdf23ea7c945a73673f3d6	
vendor/sony/qml/QtGraphicalEffects/Glow.qml	file	0o644	9793	a62a7597967e7f1b22b44420ebe362db166b0333b901756d1c9d00cc671a7d9e	
vendor/sony/qml/QtGraphicalEffects/HueSaturation.qml	file	0o644	9988	5c1cb7d828a9d5cd115162110b82d01a594aad626613aeb4273bb5a45faced83	
vendor/sony/qml/QtGraphicalEffects/InnerShadow.qml	file	0o644	12473	301c275d8ec409b95cccfe8e8249a56d76a35585d247f51d7846d272bad45e30	
vendor/sony/qml/QtGraphicalEffects/LevelAdjust.qml	file	0o644	17094	8ab030bf14e4335f375169aa302d42f6d0503061775452c90c1f1fd4031cf6f0	
vendor/sony/qml/QtGraphicalEffects/LinearGradient.qml	file	0o644	11639	a8406e1f5e244f7a9a6c8954487d8658ac2320f352dd6b31d3bb1e5d111901ae	
vendor/sony/qml/QtGraphicalEffects/MaskedBlur.qml	file	0o644	9804	87e34e2f37b154abc02487517c2e2ed0b414287964034660084c2f3aaef04d16	
vendor/sony/qml/QtGraphicalEffects/OpacityMask.qml	file	0o644	5142	91030f12388da1697a18ffec1856c1edb75a95b63785720bc83637fdfd504ee1	
vendor/sony/qml/QtGraphicalEffects/RadialBlur.qml	file	0o644	11786	74bd57aa2a443fbad5b37ff81e2ca1ce04e428c67cb7d371b69b878aa9621782	
vendor/sony/qml/QtGraphicalEffects/RadialGradient.qml	file	0o644	14838	797beaaeb34c0a9cc7415fb656c2c1587fbe28e84fd0d05333f5290eda3a8d84	
vendor/sony/qml/QtGraphicalEffects/RectangularGlow.qml	file	0o644	9821	68b0a12863a6bb76c02f602494b647c2b94fa313365be592eef5beea85271fc1	
vendor/sony/qml/QtGraphicalEffects/RecursiveBlur.qml	file	0o644	12056	b2c50585f0ac0c5520c5df77aa1c0b9a9300f5ebaef9a98f16bee27a82185f40	
vendor/sony/qml/QtGraphicalEffects/ThresholdMask.qml	file	0o644	7799	858c8800ffa62a7326c41816e5376af37e014b48567b8dcd6a8b264dcfa14bde	
vendor/sony/qml/QtGraphicalEffects/ZoomBlur.qml	file	0o644	11211	c5ec7ecc61841aba9c61391159165e867d6f55c0827b183dc7e22bf695e2ec50	
vendor/sony/qml/QtGraphicalEffects/private	dir	0o755			
vendor/sony/qml/QtGraphicalEffects/qmldir	file	0o644	808	0095c55d2d23407b4c065ebdedf1af8e0af9d760e1a8114dd468d3b377f82167	
vendor/sony/qml/QtGraphicalEffects/private/FastGlow.qml	file	0o644	12181	9c6afb34450777800a2c185093fedfa8e31a6d493142ca5fcf0cf8e15366bf03	
vendor/sony/qml/QtGraphicalEffects/private/FastInnerShadow.qml	file	0o644	13093	a4b27daf523f9a959639490b5f2f042827f771e2bd2ee66bdb7b38421fe6214a	
vendor/sony/qml/QtGraphicalEffects/private/FastMaskedBlur.qml	file	0o644	10943	d70d7cb75d8028f6767354568d93d9f056a1373dab61feaea72254cfc5c852f6	
vendor/sony/qml/QtGraphicalEffects/private/GaussianDirectionalBlur.qml	file	0o644	12257	873f3c5f0cff34b990b636e3c55244502033596c555b9083826bcf4662bd914e	
vendor/sony/qml/QtGraphicalEffects/private/GaussianGlow.qml	file	0o644	3764	f77c23b0c7ca3d552e917085b43f7e3a40d8ffd54c2571fa2ef3d2abfad4728c	
vendor/sony/qml/QtGraphicalEffects/private/GaussianInnerShadow.qml	file	0o644	5611	acc0df7f0fb94c07cc6e63242c04b4b3b10e3b5ec3bc82220430ead8b99346ff	
vendor/sony/qml/QtGraphicalEffects/private/GaussianMaskedBlur.qml	file	0o644	3976	4c567dd93b39bf1fa404a4f2c7c9a28173ab9cc8251981ed715d9f8f92a786cf	
vendor/sony/qml/QtGraphicalEffects/private/SourceProxy.qml	file	0o644	4800	1c3cd687e65c046003eadb4152bfb385ed1df2cbd963188e45bb5ed165b0fb69	
vendor/sony/qml/QtQml/Models.2	dir	0o755			
vendor/sony/qml/QtQml/Models.2/libmodelsplugin.so	file	0o644	10284	7873dcc64ac539f8ca3ca33475cc4dc433beb365bb4a75f17d4986c305f63e23	
vendor/sony/qml/QtQml/Models.2/qmldir	file	0o644	68	18c3444f288437c9d4777d91911c82f26dd74a30fc126ebbddf65f8241650107	
vendor/sony/qml/QtQuick/Controls	dir	0o755			
vendor/sony/qml/QtQuick/Dialogs	dir	0o755			
vendor/sony/qml/QtQuick/Layouts	dir	0o755			
vendor/sony/qml/QtQuick/Particles.2	dir	0o755			
vendor/sony/qml/QtQuick/PrivateWidgets	dir	0o755			
vendor/sony/qml/QtQuick/Window.2	dir	0o755			
vendor/sony/qml/QtQuick/Controls/libqtquickcontrolsplugin.so	file	0o644	751660	8b32ff0d1e1c9e8840eef730ad0e6c3466cac16ba4cfd3c86573605bb8dd3957	
vendor/sony/qml/QtQuick/Controls/qmldir	file	0o644	111	466747470cd96d65293b03675c577b87cd6987a6229252517ec7f90258aa3a4d	
vendor/sony/qml/QtQuick/Dialogs/Private	dir	0o755			
vendor/sony/qml/QtQuick/Dialogs/libdialogplugin.so	file	0o644	145452	a42db64a2fe7d4e163fa12de1aaf5140a18969525d20f0c3245fb82b2bd0118c	
vendor/sony/qml/QtQuick/Dialogs/qmldir	file	0o644	101	afd4155217551619e663a098cc3a17e80a33826e611ca9da5170a69af9e381b4	
vendor/sony/qml/QtQuick/Dialogs/Private/libdialogsprivateplugin.so	file	0o644	34860	0a9512f4f0dccadda4466bbdf90ac2800f36ff8c1a03d2bb1433909d927ac1cc	
vendor/sony/qml/QtQuick/Dialogs/Private/qmldir	file	0o644	124	b6b579118fa80f97cd0c5631adb4fa0337d64666fbde4bf7210e71943262c55f	
vendor/sony/qml/QtQuick/Layouts/libqquicklayoutsplugin.so	file	0o644	55344	05c9f3bed6e450925e6478a211797b130cc665a4c67f7e5dbdb60eda1ce99a75	
vendor/sony/qml/QtQuick/Layouts/qmldir	file	0o644	107	832b82fa895e82f178c33db0e16c633a3a3fba002ab3dc5dbf9358e6ddd1895d	
vendor/sony/qml/QtQuick/Particles.2/libparticlesplugin.so	file	0o644	10284	0fa0c6dbf609ee5c78bb16f43998d2852cfa120b55ea9d8f775cd58eb3d4e1a6	
vendor/sony/qml/QtQuick/Particles.2/qmldir	file	0o644	108	908b604beaa23968c5baf9facc7d27978d9d2b6f459349c25afb9fed906273bd	
vendor/sony/qml/QtQuick/PrivateWidgets/libwidgetsplugin.so	file	0o644	84012	c3e4dcbd0f7477062601a1b7eb5ad792b1f2d603da673988a7dfc6da848c190f	
vendor/sony/qml/QtQuick/PrivateWidgets/qmldir	file	0o644	116	992990c38a03588c80ae4616d415c555bb39967ee5ae25823a492a59db065e08	
vendor/sony/qml/QtQuick/Window.2/libwindowplugin.so	file	0o644	10284	fbb9b896ff5882741a84f1ebfd5974e60751905b5711b33172b86eee8f7e081f	
vendor/sony/qml/QtQuick/Window.2/qmldir	file	0o644	99	c1c0bfdebdf18164a28522f0194b125eca1af6a1b6533ae3d5540296acef60c2	
vendor/sony/qml/QtQuick.2/libqtquick2plugin.so	file	0o644	10284	fc3149df33ab7bf2b71396177c637ff376f8f58969da11060a7a313d1e3f6155	
vendor/sony/qml/QtQuick.2/qmldir	file	0o644	88	bf6669db3b22544c579a8c1ffc47cd66757a66996ab4a5705a682641fc1d3592	
vendor/sony/translations/HgrmMediaPlayerApp_de_DE.qm	file	0o644	115530	6048bbdfdf556ee90c2c75764df2a2354f4221dc0d3f9d233f8e72d2f2e01421	
vendor/sony/translations/HgrmMediaPlayerApp_en_US.qm	file	0o644	105300	633d14c6318e689f454abdd4fcd0d073b251dfd0b50e3aee51b3d6bbb753ca51	
vendor/sony/translations/HgrmMediaPlayerApp_es_ES.qm	file	0o644	115276	73b567dc49701502a2d8641c6e407f70209b342ec8a92f504f4bb254dc01d033	
vendor/sony/translations/HgrmMediaPlayerApp_fr_FR.qm	file	0o644	116148	92138b232fe03f3269f61d2516e09cd0ce14eb94d18cd6732dcc9fcf43650e11	
vendor/sony/translations/HgrmMediaPlayerApp_it_IT.qm	file	0o644	114910	84b97725f8fd11cf7171b956e44a632290aea4091b4d682ed306d6391362f083	
vendor/sony/translations/HgrmMediaPlayerApp_ja_JP.qm	file	0o644	83063	664003dd21db3279a8eef19e45815f067e6168871578ccc79051d7adf58006ef	
vendor/sony/translations/HgrmMediaPlayerApp_ko_KR.qm	file	0o644	82979	a7a19f9bd81d341e6d38f00254ff16d740b12325b56209248692cec44722841c	
vendor/sony/translations/HgrmMediaPlayerApp_pl_PL.qm	file	0o644	110908	42d213b65083692d4f7b54c8d2ed38a8bb3f294fbef62b8ae95341a06ea4c27b	
vendor/sony/translations/HgrmMediaPlayerApp_pr_PR.qm	file	0o644	116727	625eb9a5ef5680b4414e051a1fdc9e59617d50e7f023a61cce248237e8961a25	
vendor/sony/translations/HgrmMediaPlayerApp_ru_RU.qm	file	0o644	109995	13afb92c114788d140f313dbb6be312559d83cb4341c26309793ae04b8cc5605	
vendor/sony/translations/HgrmMediaPlayerApp_tr_TR.qm	file	0o644	108055	0214d794c32192ab32181cbbebdd6cf4213ed981424c883950dbddd0a0a465ad	
vendor/sony/translations/HgrmMediaPlayerApp_zh_CN.qm	file	0o644	74733	1671e330352ce920e84fb6cc1420caac35611bbfa3f1bba3fe0a50ee6122ed5d	
vendor/sony/translations/HgrmMediaPlayerApp_zh_HK.qm	file	0o644	75229	705514ec42bb0a4d71c5d6e5ddbab6693ba225a837fd1d5a0294e24b192a9c18	
xbin/[	link	0o777			busybox
xbin/[[	link	0o777			busybox
xbin/ad_key_ioctl	file	0o755	7180	b587190ddd1caca23c6b88836ccfaa716b4306404937aa745b62a6ceb3a50ca5	
xbin/ar	link	0o777			busybox
xbin/arp	link	0o777			busybox
xbin/arping	link	0o777			busybox
xbin/awk	link	0o777			busybox
xbin/basename	link	0o777			busybox
xbin/blkid	link	0o777			busybox
xbin/bunzip2	link	0o777			busybox
xbin/busybox	file	0o755	715616	662be9356f538c6acb8152cd4fa98f5283bff1517d9a0507c38fda74c7632750	
xbin/bzip2	link	0o777			busybox
xbin/card_ioctl	file	0o755	11272	5c9c1fb6deaaabb05976c485ebd5fa13fd2805fd710ad1d0d3565adda4fc06ef	
xbin/carddettest	file	0o755	11320	3e741cce5e755c27d6dc51b1189059c8669b01392b2a89c30664f9939f281447	
xbin/cmp	link	0o777			busybox
xbin/cp	link	0o777			busybox
xbin/cpio	link	0o777			busybox
xbin/cradle_conn	file	0o755	11280	bda208b2070d1e5f78d468affb32f0aa324fef17ab695e8ad595a5d6dac79a22	
xbin/cut	link	0o777			busybox
xbin/cxd224x_test	file	0o755	11276	050b9cf02ffaa3b2fdd753a247ed928fcf5ab2ca48b805b3c8403d134e789e16	
xbin/dc	link	0o777			busybox
xbin/diag_main	file	0o755	250860	1e5c0388e182a6d3b8e86a97c3bddfb2dd7003f3626930ae3f0b74c6209322dd	
xbin/diff	link	0o777			busybox
xbin/dirname	link	0o777			busybox
xbin/dsf_player	file	0o755	19512	f3fa47158d3127ba7b99e9dee7a87cb85683b697e3befc55d5495dc5cdd7dc55	
xbin/dsf_recorder	file	0o755	19516	6821c25c0d5cc0cc0244874b0526af301094f9f96ff5392f012382e21ad0e34b	
xbin/ed	link	0o777			busybox
xbin/egl_test	file	0o755	15416	9f44980bbf1c269ea025a1c577be5478345838e69db9add8e78556fcf335cbd9	
xbin/ether-wake	link	0o777			busybox
xbin/expand	link	0o777			busybox
xbin/expr	link	0o777			busybox
xbin/fatattr	link	0o777			busybox
xbin/fatdump	file	0o755	39988	2998763db54d4963715cc88aae8f77b789e661f5af6dbb397a8ed9117ed0424f	
xbin/fdisk	link	0o777			busybox
xbin/find	link	0o777			busybox
xbin/findfs	link	0o777			busybox
xbin/fm_tuner	file	0o755	19752	c0909bca110df084e4278dc52e18e8c59c9540f0982f2b3ef257e9496d455e5a	
xbin/fpregbreak	file	0o755	27772	31a73139e8e141d4919ebeca00f17bb857815c805407d44c6a421effea02c9f4	
xbin/fstrim	link	0o777			busybox
xbin/getopt	link	0o777			busybox
xbin/getpid	file	0o755	7172	9b7bfa6fe0b715875bfc83e6d404090c281b200b930916985850ccf4c3b5cf60	
xbin/getty	link	0o777			busybox
xbin/gunzip	link	0o777			busybox
xbin/gzip	link	0o777			busybox
xbin/head	link	0o777			busybox
xbin/hexdump	link	0o777			busybox
xbin/i2cdetect	file	0o755	15472	2ab0be518e1c63a811f343deb2161f59a96ea8af2127f9051ba312ed1bf2b7a1	
xbin/i2cdump	file	0o755	19564	818b7979874aacffe1008814cc9a9de3a8c5fa8b79e5695dcf82a3541186dc8c	
xbin/i2cget	file	0o755	15468	8c906d5367bc48969c7b1b2b65ad1d9c5c5cb8dad9b1e05bc8c78fe81d48fb4f	
xbin/i2cset	file	0o755	19564	cce9e1b3aee8dc73adb5aaa91bb2e8ce063b293bc7bc60c5eae0f0e2007caf91	
xbin/icx_bootanimation	file	0o755	15424	544ed0baace78a20d17dffbc5557d17f5420b7f2cad7f671cd40363a84ab7825	
xbin/icx_hdump_log	file	0o755	11356	a859709ed521767877362fef8f135acda56e612df679fb963322025b07a72d4d	
xbin/icx_key	file	0o755	11372	3b860c479b385ab522678dad4f8760518616043fed3560ec7aa6682a0c310d5a	
xbin/icx_syslog	file	0o755	11272	6e9405cd37bbb13a48ce982313b7c093c2ce1832199605bc3dbf71214e4cd6d6	
xbin/icx_usbscsi_test	file	0o755	15424	793b76fa0251f8e637220f98a2a6348003f7164ccb1b0dcb2d0d8504ab7a165f	
xbin/ifdown	link	0o777			busybox
xbin/ifup	link	0o777			busybox
xbin/iostat	link	0o777			busybox
xbin/iozone	file	0o755	319936	1530d51e5383a7cd16f53ed358ebac342f9393e96a397e3e624c6f49c5abc635	
xbin/ipaddr	link	0o777			busybox
xbin/ipcalc	link	0o777			busybox
xbin/ipcrm	link	0o777			busybox
xbin/ipcs	link	0o777			busybox
xbin/iplink	link	0o777			busybox
xbin/iproute	link	0o777			busybox
xbin/iprule	link	0o777			busybox
xbin/iptunnel	link	0o777			busybox
xbin/killall	link	0o777			busybox
xbin/killall5	link	0o777			busybox
xbin/less	link	0o777			busybox
xbin/login	link	0o777			busybox
xbin/losetup	link	0o777			busybox
xbin/lsof	link	0o777			busybox
xbin/md5sum	link	0o777			busybox
xbin/memasrc_wavconv	file	0o755	40104	2b6045426c16e1fbebe3dc6d93cec9503b1bd7d4226ecd76a0b1d546f020cb2b	
xbin/microcom	link	0o777			busybox
xbin/mkdosfs	link	0o777			busybox
xbin/mkfifo	link	0o777			busybox
xbin/mkfs.vfat	link	0o777			busybox
xbin/nc	link	0o777			busybox
xbin/nohup	link	0o777			busybox
xbin/od	link	0o777			busybox
xbin/passwd	link	0o777			busybox
xbin/patch	link	0o777			busybox
xbin/pgrep	link	0o777			busybox
xbin/pkill	link	0o777			busybox
xbin/printf	link	0o777			busybox
xbin/procrank	file	0o755	13876	5c729af810c6e2d155d49473d087a3f2e7743e1b623a4c5cbd3a35bec7310733	
xbin/readlink	link	0o777			busybox
xbin/realpath	link	0o777			busybox
xbin/regmon	file	0o755	19508	b13c4d35402f8e0552b757150f21c0ac80ed6eb10d906249d8c51af379c87cb7	
xbin/reset	link	0o777			busybox
xbin/rev	link	0o777			busybox
xbin/rfkill	link	0o777			busybox
xbin/route	link	0o777			busybox
xbin/rtcwake	link	0o777			busybox
xbin/rw_align_speed_mem_measure	file	0o755	11324	613c81570a9b4cf3a2437dde40350584315aa7fc3d3ac284fcace737e7988055	
xbin/sed	link	0o777			busybox
xbin/seq	link	0o777			busybox
xbin/setserial	link	0o777			busybox
xbin/sin_maker	file	0o755	23608	446ce282622e94b558724643073ed570b3b42d045911171b26dd6f3d6bf98142	
xbin/sort	link	0o777			busybox
xbin/split	link	0o777			busybox
xbin/strace	file	0o755	272024	8b56bec07d16e71de8793f6877a741da30eb417a3aeef1d566b0e6a1c5cc8b1d	
xbin/stty	link	0o777			busybox
xbin/tac	link	0o777			busybox
xbin/tail	link	0o777			busybox
xbin/tar	link	0o777			busybox
xbin/test	link	0o777			busybox
xbin/test_fb	file	0o755	11268	0ebc6987f8d89522f4c29fa97770391622e1a70435d28387018e124dea80d827	
xbin/test_ts	file	0o755	11380	4e465f826fc54ac8089981f7318dd8a8c5995d794a36c85e9d6fe4bd24c37d50	
xbin/tr	link	0o777			busybox
xbin/ueventshow	file	0o755	11324	db4919761a500de73a22a4dd6b9d323d7097e1e0d9bfb2b6fb5e428f81860307	
xbin/unexpand	link	0o777			busybox
xbin/uniq	link	0o777			busybox
xbin/unzip	link	0o777			busybox
xbin/usbah_event	file	0o755	7224	8d7465fb62a7c9ea5bafe7c06404be7c9bd344ff4ec137ed7dd6ca6c8bab66d8	
xbin/usbconn_test	file	0o755	11276	d97b716ad477d64acabecb45e9c3a066087e3304a3efd790c0cf6df3596b9395	
xbin/usbtrns_test	file	0o755	7180	efd8dc905e1b48fc3b5578a3c85ea6407554bd68d70833fe0c4cd51076002902	
xbin/usleep	link	0o777			busybox
xbin/vi	link	0o777			busybox
xbin/wc	link	0o777			busybox
xbin/wplayer	file	0o755	15364	0d15bfa4534a3ae7a957b0af39aa9bf6621535f936f57783ee7869adb2a0b67b	
xbin/wrecorder	file	0o755	15368	9104d6b2d5bcb8ba5e91b9e80cb01f6627fd6fca10a734787c4a9ba9e91a52b3	
xbin/xargs	link	0o777			busybox
xbin/yes	link	0o777			busybox
xbin/zcat	link	0o777			busybox
