path	type	mode	size	sha256	link_target
allcontents	dir	0o755			
bin	link	0o777			devel/bin
contents	dir	0o755			
db	dir	0o755			
dev	dir	0o755			
devel	dir	0o755			
etc	dir	0o755			
home	dir	0o755			
init	link	0o777			etc/rc.d/icx_init
install_script	dir	0o755			
lib	link	0o777			devel/lib
linuxrc	link	0o777			etc/rc.d/icx_init
mnt	dir	0o755			
proc	dir	0o755			
root	dir	0o755			
sbin	link	0o777			devel/sbin
sys	dir	0o755			
tmp	dir	0o755			
usr	link	0o777			devel/usr
var	dir	0o755			
allcontents/ext	link	0o777			../mnt/media
allcontents/int	link	0o777			../contents
devel/bin	dir	0o755			
devel/etc	dir	0o755			
devel/lib	dir	0o755			
devel/sbin	dir	0o755			
devel/usr	dir	0o755			
devel/var	dir	0o755			
devel/bin/addgroup	link	0o777			busybox
devel/bin/adduser	link	0o777			busybox
devel/bin/ash	link	0o777			busybox
devel/bin/base64	link	0o777			busybox
devel/bin/bash	link	0o777			../usr/bin/bash
devel/bin/busybox	file	0o755	904580	a10f4da4d64fbc68823ae88b21001fa9e718e77ec76f884d172d50216069b955	
devel/bin/cat	link	0o777			busybox
devel/bin/catv	link	0o777			busybox
devel/bin/chattr	link	0o777			busybox
devel/bin/chgrp	link	0o777			busybox
devel/bin/chmod	link	0o777			busybox
devel/bin/chown	link	0o777			busybox
devel/bin/cp	link	0o777			busybox
devel/bin/cpio	link	0o777			busybox
devel/bin/cttyhack	link	0o777			busybox
devel/bin/date	link	0o777			busybox
devel/bin/dd	link	0o777			busybox
devel/bin/delgroup	link	0o777			busybox
devel/bin/deluser	link	0o777			busybox
devel/bin/df	link	0o777			busybox
devel/bin/dmesg	link	0o777			busybox
devel/bin/dnsdomainname	link	0o777			busybox
devel/bin/dumpkmap	link	0o777			busybox
devel/bin/echo	link	0o777			busybox
devel/bin/ed	link	0o777			busybox
devel/bin/egrep	link	0o777			busybox
devel/bin/false	link	0o777			busybox
devel/bin/fdflush	link	0o777			busybox
devel/bin/fgrep	link	0o777			busybox
devel/bin/fsync	link	0o777			busybox
devel/bin/getopt	link	0o777			busybox
devel/bin/grep	link	0o777			busybox
devel/bin/gunzip	link	0o777			busybox
devel/bin/gzip	link	0o777			busybox
devel/bin/hostname	link	0o777			busybox
devel/bin/hush	link	0o777			busybox
devel/bin/ionice	link	0o777			busybox
devel/bin/iostat	link	0o777			busybox
devel/bin/ip	link	0o777			busybox
devel/bin/ipaddr	link	0o777			busybox
devel/bin/ipcalc	link	0o777			busybox
devel/bin/iplink	link	0o777			busybox
devel/bin/iproute	link	0o777			busybox
devel/bin/iprule	link	0o777			busybox
devel/bin/iptunnel	link	0o777			busybox
devel/bin/kill	link	0o777			busybox
devel/bin/linux32	link	0o777			busybox
devel/bin/linux64	link	0o777			busybox
devel/bin/ln	link	0o777			busybox
devel/bin/login	link	0o777			busybox
devel/bin/ls	link	0o777			busybox
devel/bin/lsattr	link	0o777			busybox
devel/bin/lzop	link	0o777			busybox
devel/bin/makemime	link	0o777			busybox
devel/bin/mkdir	link	0o777			busybox
devel/bin/mknod	link	0o777			busybox
devel/bin/mktemp	link	0o777			busybox
devel/bin/more	link	0o777			busybox
devel/bin/mount	link	0o777			busybox
devel/bin/mountpoint	link	0o777			busybox
devel/bin/mpstat	link	0o777			busybox
devel/bin/mt	link	0o777			busybox
devel/bin/mv	link	0o777			busybox
devel/bin/netstat	link	0o777			busybox
devel/bin/nice	link	0o777			busybox
devel/bin/pidof	link	0o777			busybox
devel/bin/ping	link	0o777			busybox
devel/bin/ping6	link	0o777			busybox
devel/bin/pipe_progress	link	0o777			busybox
devel/bin/powertop	link	0o777			busybox
devel/bin/printenv	link	0o777			busybox
devel/bin/ps	link	0o777			busybox
devel/bin/pwd	link	0o777			busybox
devel/bin/reformime	link	0o777			busybox
devel/bin/rev	link	0o777			busybox
devel/bin/rm	link	0o777			busybox
devel/bin/rmdir	link	0o777			busybox
devel/bin/rpm	link	0o777			busybox
devel/bin/run-parts	link	0o777			busybox
devel/bin/scriptreplay	link	0o777			busybox
devel/bin/sed	link	0o777			busybox
devel/bin/setarch	link	0o777			busybox
devel/bin/setserial	link	0o777			busybox
devel/bin/sh	link	0o777			busybox
devel/bin/sleep	link	0o777			busybox
devel/bin/stat	link	0o777			busybox
devel/bin/stty	link	0o777			busybox
devel/bin/su	link	0o777			busybox
devel/bin/sync	link	0o777			busybox
devel/bin/tar	link	0o777			busybox
devel/bin/touch	link	0o777			busybox
devel/bin/true	link	0o777			busybox
devel/bin/umount	link	0o777			busybox
devel/bin/uname	link	0o777			busybox
devel/bin/usleep	link	0o777			busybox
devel/bin/vi	link	0o777			busybox
devel/bin/watch	link	0o777			busybox
devel/bin/zcat	link	0o777			busybox
devel/etc/ld.so.cache	file	0o644	6998	657d1c10e1bcdb421c49fe4bd9e51fe58a7153217fffc967f5891269c944d875	
devel/etc/ld.so.conf	file	0o644	42	16e4d1b13e3af97fb25d637b84b79c8d3d515bcb6a6fca368fdc736e5124595e	
devel/etc/motd	file	0o644	59	1f65808462afc82e833c434e7ae132716141fb6c1f9eedef9602ed46890493c6	
devel/etc/rc.local.sample	file	0o644	7279	00d32484b92f487179f0a726dec8320724ae416b1379d1b5fc0a40549cc1b4c5	
devel/etc/rpc	file	0o644	1615	990b547bc1bf0b1042d6ed34dba6ea8c512e8f0cd2bc322833f74371f7f6a6f9	
devel/lib/ld-2.11.2.so	file	0o755	130408	2e558f85e11d6c88786ecd8412839ec2cb1cbeba23c9eba51923e89a47db0806	
devel/lib/ld-linux.so.3	link	0o777			ld-2.11.2.so
devel/lib/libBrokenLocale-2.11.2.so	file	0o755	13888	a4578759e6386011c3d4e73fa832734961c5bf7d455a76f4236ccc008cf35e86	
devel/lib/libBrokenLocale.so.1	link	0o777			libBrokenLocale-2.11.2.so
devel/lib/libSegFault.so	file	0o755	18012	7ea6fa6da8572b325dd88a4ceba956d4345e79be49a9e8ee2e710b32ccaa88ee	
devel/lib/libanl-2.11.2.so	file	0o755	18220	29d1842351f68ed1d1eb69c455eba6e60fe05417756de2f640a7f684bf881a46	
devel/lib/libanl.so.1	link	0o777			libanl-2.11.2.so
devel/lib/libc-2.11.2.so	file	0o755	1279204	51e673a55308cdd7c2dc5d596b1b19e9e8f92f23e98fc0624c9f114b93295819	
devel/lib/libc.so.6	link	0o777			libc-2.11.2.so
devel/lib/libcrypt-2.11.2.so	file	0o755	46724	d878690b863861210261be73456c67e4425981d0ab31171d8b64147b78c44b07	
devel/lib/libcrypt.so.1	link	0o777			libcrypt-2.11.2.so
devel/lib/libdl-2.11.2.so	file	0o755	18072	baaae9e05b56fa1c8e235b270b507667f3e622e19811b5200bc016a9f17e6c14	
devel/lib/libdl.so.2	link	0o777			libdl-2.11.2.so
devel/lib/libm-2.11.2.so	file	0o755	456372	1c2615dc34ef372fc5258c1ea1740d1472dcef573148d0949c5f7a65c4937258	
devel/lib/libm.so.6	link	0o777			libm-2.11.2.so
devel/lib/libmemusage.so	file	0o755	26268	8ebb8569e2f2d152160d66ec4f765670335540545dff30638e8420b09daf1213	
devel/lib/libnsl-2.11.2.so	file	0o755	88080	98ad555ceae82b02f8e5012b3c5d4d505f7a0eb72d8975142983d9eb45e5719a	
devel/lib/libnsl.so.1	link	0o777			libnsl-2.11.2.so
devel/lib/libnss_compat-2.11.2.so	file	0o755	34732	566b6475e84ddce0b9d9b74b638a30f46620e13d2612b14c512f92f536bac5eb	
devel/lib/libnss_compat.so.2	link	0o777			libnss_compat-2.11.2.so
devel/lib/libnss_dns-2.11.2.so	file	0o755	26288	7b4c1090abc082afd686cdc8a5dedd9eb25b90d8210a81dd7d7a6d89c08a94b1	
devel/lib/libnss_dns.so.2	link	0o777			libnss_dns-2.11.2.so
devel/lib/libnss_files-2.11.2.so	file	0o755	50932	64b597dcfa78ae735f099f21e52188250086fb3cc79f5dd35fc4c463e5537ff8	
devel/lib/libnss_files.so.2	link	0o777			libnss_files-2.11.2.so
devel/lib/libnss_hesiod-2.11.2.so	file	0o755	22204	4853de7de3ec077adbdd4de5f7a0b598f6066702e9615f761a6215794752a6ba	
devel/lib/libnss_hesiod.so.2	link	0o777			libnss_hesiod-2.11.2.so
devel/lib/libnss_nis-2.11.2.so	file	0o755	46860	ce8026bbddeb76364f9ed7c89a99d688ebf853223883e7cf312738a977ee7b37	
devel/lib/libnss_nis.so.2	link	0o777			libnss_nis-2.11.2.so
devel/lib/libnss_nisplus-2.11.2.so	file	0o755	55036	0122cbdfc338c27af27ae210fbedda29c99736e2fa02e9370a5b29d57eaf198c	
devel/lib/libnss_nisplus.so.2	link	0o777			libnss_nisplus-2.11.2.so
devel/lib/libpcprofile.so	file	0o755	13848	bfcf1e12a332ad4f84cfd1aed7063f2c2bbd674131f81cca690c80464dd25863	
devel/lib/libproc-3.2.7.so	file	0o755	50136	45e3f7b3753588ea19bf82168c8bdedcb9c13895b9f4379ff58464b5d3b134ee	
devel/lib/libpthread-2.11.2.so	file	0o755	88476	a4b977f9552cd91a50d9246057a1d1c537bb194a5d0d6f331f655a4dca1f6cea	
devel/lib/libpthread.so.0	link	0o777			libpthread-2.11.2.so
devel/lib/libresolv-2.11.2.so	file	0o755	83872	5345c087874ccd7efb18e54bdee2058d368d3c943597b9d488fa744d6bb4ea42	
devel/lib/libresolv.so.2	link	0o777			libresolv-2.11.2.so
devel/lib/librt-2.11.2.so	file	0o755	30660	dd6f21ae8caba23ab84fc8bda3aa08bdb74445667e5268c59541dbd31ec2efbf	
devel/lib/librt.so.1	link	0o777			librt-2.11.2.so
devel/lib/libthread_db-1.0.so	file	0o755	34660	e24813f317942c804cf97ea80b09db3d44a00f067d01f29ee67c75ab6b5fe7dd	
devel/lib/libthread_db.so.1	link	0o777			libthread_db-1.0.so
devel/lib/libutil-2.11.2.so	file	0o755	18104	89a9227a9f95f70c4a2d9e5f28e4060a9b1fd2ca905f27788bfd6cd07e10c4b2	
devel/lib/libutil.so.1	link	0o777			libutil-2.11.2.so
devel/lib/lsb	dir	0o755			
devel/lib/modules	dir	0o755			
devel/lib/udev	dir	0o755			
devel/lib/lsb/init-functions	file	0o644	7690	dc2f798146e7747217e3f73cf1e0b181378c41f4e8fec750e62e1e0355291193	
devel/lib/modules/2.6.35.14_nl	dir	0o755			
devel/lib/modules/2.6.35.7	dir	0o755			
devel/lib/modules/cs47L01_a.ko	file	0o644	412904	739050dcefd2f10cf7edce0c33387e59d40f3aec49df21e5810377a157076dae	
devel/lib/modules/cs47L01_d.ko	file	0o644	558935	8bd871a6a7ecd8afc5080f9efdca3e5a56574e3fadb03c56d2bf9e3f29fb7ef2	
devel/lib/modules/cxd3774gf_d.ko	file	0o644	1229971	050b915deed96fa5c55d60969850411138d3ca40c12a7238ba9984d4f02ea695	
devel/lib/modules/ehci-hcd.ko	file	0o644	376082	98661ee64c2f7fa1114325dc8e27ce347e41a191be24c6c712a59147aea9ee08	
devel/lib/modules/em_ave.ko	file	0o644	302115	0e0687927fb566b014ce7291f6b17cef5264c153a02150ecf3b8cfddc8363a81	
devel/lib/modules/emxx_udc.ko	file	0o644	274908	4ee4498fb2d44130a64998f2a8a64bbb615dc423a27654b81b196ef7e5b4f3dd	
devel/lib/modules/ev0regs.ko	file	0o644	114309	f1fa9315576bb7866ac3868f9403d94556d7d5d75566e37e89af50e6831e4c96	
devel/lib/modules/g_nwm.ko	file	0o644	160028	179855626ef23285b7b4b0b2d3cced78c98778289606b59f67bb2257795d0798	
devel/lib/modules/g_nwm_msc.ko	file	0o644	336860	b83e8004ad553e8c954fc8a742479141883395bfedb058c8ed92a1af570ca7b1	
devel/lib/modules/g_nwm_mtp.ko	file	0o644	180232	dd3b2dc8dad86706af9a2462f52e7d2fc120287d267a06ac4a62d23acd53b869	
devel/lib/modules/icx_bt.ko	file	0o644	142131	bd4cd48a2bee3114eac89a0a7317f04b3237d8dc17ccf7172dc0b3e4b1716cc4	
devel/lib/modules/icx_carddet.ko	file	0o644	144325	9a6fbc458fc7e20d22e43bd2e68f27454be289628bc263590874195927012f68	
devel/lib/modules/icx_ml86v76580.ko	file	0o644	145430	6a64614869b5ab10cef9bd5c3534ed8f80ee114c1c01621f523386c9bec83c57	
devel/lib/modules/icx_noican_cmn.ko	file	0o644	124382	7f9a637b16bed38814ff62c118c208e1d87f7b9addba0a8fc1e0198a97f1ad00	
devel/lib/modules/icx_nvp_emmc.ko	file	0o644	193505	7b30cf6ed65b37205e890f0d4cd207d6ca1d734a64e6e3c27746e72d4a83d8fb	
devel/lib/modules/icx_rtc_extend.ko	file	0o644	88096	5dd5f23ae77f440db56a93101095a2b5e42aee030cfb061d4fd99843fe604856	
devel/lib/modules/icx_si470x_radio_tuner.ko	file	0o644	161701	6b769d7b48b9e8802323b14021c754ed4e1f3c0adba77f1df1e985e8abc4180c	
devel/lib/modules/icx_touch_screen.ko	file	0o644	141086	c593197940881b3c944dbf6d13d61b4077c6a93c8d4a13f7d3d6aefd7b47f208	
devel/lib/modules/icx_usbconn.ko	file	0o644	118775	dd7e5b7a96ab73d06098a94d563c7561b69d509c813cf16597e59005c3a6d9e9	
devel/lib/modules/inter_dsp.ko	file	0o644	256230	bce356cf99cef81e9627195502c98b814e2d0c75affcc45ac5d607dc678b1d03	
devel/lib/modules/mg.ko	file	0o644	438070	0ad7240dfb0d09bc735dda206dc23ddff6d8f1c7d10e5229eae2e79771638617	
devel/lib/modules/mgscc.ko	file	0o644	140498	3b3d1581045b1f1c20008ece64ce6dff6576bb4eaca654dcc1013e84ea68ebbc	
devel/lib/modules/mgscsi.ko	file	0o644	603719	51453d85f22c61e1c17ecf31af009199f204921b4153415648cb9372e05f86d8	
devel/lib/modules/modules.builtin	file	0o644	6027	2b3626dfc3e40cc7ca7629e7ea2546e4b07fbc3ff644b14c31e028716cca8dbe	
devel/lib/modules/modules.order	file	0o644	598	f34854096cf8de413e264f163683e26f6b19baf3d99bbb39eb7140fe2fac8d43	
devel/lib/modules/ohci-hcd.ko	file	0o644	252360	ff2a66a4f6bd3cb9c3cca1836672148075a55a7a7e57737039438482132d0938	
devel/lib/modules/regmon.ko	file	0o644	102134	23a83c68842b486f2ef042d350c8851767fe1723a3c183d36d9bbc407ab5bf60	
devel/lib/modules/scsi_mod.ko	file	0o644	1827797	3e4e4838ceaab3976cdcac158b0603f2512d6fd0aab0ee4b84e9e10aca462945	
devel/lib/modules/scsi_wait_scan.ko	file	0o644	59050	92cab5b4f665abf637a9ae5835d6143e37fd71cdf9aa34f28d9c620aaf6ee4fd	
devel/lib/modules/sd_mod.ko	file	0o644	255287	0eac0147cf79a081be40718c98689b493f2521362b0921ceaa312915372b9799	
devel/lib/modules/sg.ko	file	0o644	263325	29aba0c2aec8d25eeaa22d49b3be63da97d6db84373b1f4c655c99608e02f62a	
devel/lib/modules/snd-rawmidi.ko	file	0o644	209144	784f94288c63642a30c7319152869499afb3f53a3f37839b7054cd737dd99b66	
devel/lib/modules/snd-usb-audio.ko	file	0o644	1335701	5e71ffa06015aa1e8988ced9b27343841a8c15c30ec07e312eff745c96197932	
devel/lib/modules/snd-usbmidi-lib.ko	file	0o644	178816	a1003c5db5e3a296a842f1a8fbcee0436c91df74d5914ec46d8c55781dcdfa4f	
devel/lib/modules/tp2016_d.ko	file	0o644	84071	0fc321e45f6653cd7a0226d0bae4ff1334adc7f5b03dc6d3b12eecf22da38922	
devel/lib/modules/usb-storage.ko	file	0o644	1021083	4f75d3167f50df5c7476626292724b002c4ef623454cfe6669ae705081af9c18	
devel/lib/modules/usbhid.ko	file	0o644	280494	84b6389c81dbe468390eea03d9ba6612a4a9289488034e779c993faae1edcea1	
devel/lib/modules/wm_key.ko	file	0o644	117902	d05deb3d20c1551cf405480e3f41b5f5b5e5ce2f15ffb85d5e92d1663a034280	
devel/lib/modules/wm_power.ko	file	0o644	282156	ff9166bb536fbb66f50cbb533a9a2ad4b6b00f9d4b4d18d14efd4bf0597c8155	
devel/lib/modules/2.6.35.14_nl/modules.dep.bb	file	0o644	0	e3b0c44298fc1c149afbf4c8996fb92427ae41e4649b934ca495991b7852b855	
devel/lib/modules/2.6.35.7/modules.dep.bb	file	0o644	0	e3b0c44298fc1c149afbf4c8996fb92427ae41e4649b934ca495991b7852b855	
devel/lib/udev/devices	dir	0o755			
devel/lib/udev/rules.d	dir	0o755			
devel/sbin/MAKEDEV	file	0o755	38815	1fbd2eed7206d4583b96d1007e79bfc07320d654ca5b7093e80e4d2dcbd6fe98	
devel/sbin/acpid	link	0o777			../bin/busybox
devel/sbin/adjtimex	link	0o777			../bin/busybox
devel/sbin/arp	link	0o777			../bin/busybox
devel/sbin/blkid	link	0o777			../bin/busybox
devel/sbin/blockdev	link	0o777			../bin/busybox
devel/sbin/bootchartd	link	0o777			../bin/busybox
devel/sbin/depmod	link	0o777			../bin/busybox
devel/sbin/devmem	link	0o777			../bin/busybox
devel/sbin/e2fsck	file	0o755	210908	2da676a1d249822a22457da464db1dc7050fd04feea0e30f29d451fb4ef68dc5	
devel/sbin/fbsplash	link	0o777			../bin/busybox
devel/sbin/fdisk	link	0o777			../bin/busybox
devel/sbin/findfs	link	0o777			../bin/busybox
devel/sbin/freeramdisk	link	0o777			../bin/busybox
devel/sbin/fsck	link	0o777			../bin/busybox
devel/sbin/fsck.minix	link	0o777			../bin/busybox
devel/sbin/getty	link	0o777			../bin/busybox
devel/sbin/halt	link	0o777			../bin/busybox
devel/sbin/hdparm	link	0o777			../bin/busybox
devel/sbin/hwclock	link	0o777			../bin/busybox
devel/sbin/ifconfig	link	0o777			../bin/busybox
devel/sbin/ifdown	link	0o777			../bin/busybox
devel/sbin/ifenslave	link	0o777			../bin/busybox
devel/sbin/ifup	link	0o777			../bin/busybox
devel/sbin/init	link	0o777			../bin/busybox
devel/sbin/insmod	link	0o777			../bin/busybox
devel/sbin/klogd	link	0o777			../bin/busybox
devel/sbin/loadkmap	link	0o777			../bin/busybox
devel/sbin/logread	link	0o777			../bin/busybox
devel/sbin/losetup	link	0o777			../bin/busybox
devel/sbin/lsmod	link	0o777			../bin/busybox
devel/sbin/makedevs	link	0o777			../bin/busybox
devel/sbin/man	link	0o777			../bin/busybox
devel/sbin/mdadm	file	0o755	222301	21526d7b33c85f19d60e448e3c854f516952e7971ab061a6b7a5e83aa15b2059	
devel/sbin/mdev	link	0o777			../bin/busybox
devel/sbin/mkdosfs	file	0o755	2915	8b428b88a5dc906833f88b34445b5e1b50d70312531d09421c4326dad914c5b0	
devel/sbin/mkdosfs.org	file	0o755	50230	103d861c9d7589c4e7283811c3090b0b565633d9a47b65a67feb8b21ae7db41d	
devel/sbin/mke2fs	link	0o777			../bin/busybox
devel/sbin/mkfs.ext2	link	0o777			../bin/busybox
devel/sbin/mkfs.ext4	file	0o755	80908	7f045ee0b666bacb5394b693bae7087ccc517fd367c38ce47f3d14b270261ea6	
devel/sbin/mkfs.minix	link	0o777			../bin/busybox
devel/sbin/mkfs.vfat	link	0o777			../bin/busybox
devel/sbin/mkswap	link	0o777			../bin/busybox
devel/sbin/modinfo	link	0o777			../bin/busybox
devel/sbin/modprobe	link	0o777			../bin/busybox
devel/sbin/mount.exfat	file	0o755	3475	dc7c6cd5b59a5b85e7ce3dd1ce1c4eae47874f0e5aa8e078706274a20c87d50e	
devel/sbin/nameif	link	0o777			../bin/busybox
devel/sbin/pivot_root	link	0o777			../bin/busybox
devel/sbin/poweroff	link	0o777			../bin/busybox
devel/sbin/raidautorun	link	0o777			../bin/busybox
devel/sbin/reboot	link	0o777			../bin/busybox
devel/sbin/rmmod	link	0o777			../bin/busybox
devel/sbin/route	link	0o777			../bin/busybox
devel/sbin/runlevel	link	0o777			../bin/busybox
devel/sbin/setconsole	link	0o777			../bin/busybox
devel/sbin/slattach	link	0o777			../bin/busybox
devel/sbin/start-stop-daemon	link	0o777			../bin/busybox
devel/sbin/sulogin	link	0o777			../bin/busybox
devel/sbin/swapoff	link	0o777			../bin/busybox
devel/sbin/swapon	link	0o777			../bin/busybox
devel/sbin/switch_root	link	0o777			../bin/busybox
devel/sbin/sysctl	link	0o777			../bin/busybox
devel/sbin/syslogd	link	0o777			../bin/busybox
devel/sbin/tunctl	link	0o777			../bin/busybox
devel/sbin/udevcontrol	file	0o755	9180	67d0e041d3c43c84133111e4bacafce329608faa4df85057ecf0392106878e35	
devel/sbin/udevd	file	0o755	52156	600727374e1fd1bde94f21dced992af7f0362ebdad088f790a386b4b3ce90e65	
devel/sbin/udevsettle	file	0o755	14668	29a866c3e4fb10acc8a891c20ea61fa154cf17946046e066def21375dfc46599	
devel/sbin/udevstart	file	0o755	43040	320b0225d0f47607b15754c9632ffeff972e84909d987765032a4776e543404c	
devel/sbin/udevtrigger	file	0o755	18380	219bda268a0cf2ae8e1c866cdf083ad3104849d61315310264b689b6339e8b11	
devel/sbin/udhcpc	link	0o777			../bin/busybox
devel/sbin/umount.exfat	file	0o755	29	289741063ade129f808f7284dd3436a56d0c599930a2fb283edacc350024dd1a	
devel/sbin/vconfig	link	0o777			../bin/busybox
devel/sbin/watchdog	link	0o777			../bin/busybox
devel/sbin/zcip	link	0o777			../bin/busybox
devel/usr/bin	dir	0o755			
devel/usr/lib	dir	0o755			
devel/usr/libexec	dir	0o755			
devel/usr/local	dir	0o755			
devel/usr/sbin	dir	0o755			
devel/usr/share	dir	0o755			
devel/usr/bin/[	link	0o777			../../bin/busybox
devel/usr/bin/[[	link	0o777			../../bin/busybox
devel/usr/bin/add-shell	link	0o777			../../bin/busybox
devel/usr/bin/amixer	file	0o755	44024	7c3f8985b8dfaaf7d36b584f0e3c455e9e9c461288cf4c09e27b09cec51781fa	
devel/usr/bin/aplay	file	0o755	52080	74e0dbdcf1be5f08f6126b8e0d9286564df83eb6213dcc18c2c914f9e0fbd366	
devel/usr/bin/arecord	link	0o777			aplay
devel/usr/bin/arping	link	0o777			../../bin/busybox
devel/usr/bin/awk	link	0o777			../../bin/busybox
devel/usr/bin/basename	link	0o777			../../bin/busybox
devel/usr/bin/beep	link	0o777			../../bin/busybox
devel/usr/bin/bunzip2	link	0o777			../../bin/busybox
devel/usr/bin/bzcat	link	0o777			../../bin/busybox
devel/usr/bin/bzip2	link	0o777			../../bin/busybox
devel/usr/bin/cal	link	0o777			../../bin/busybox
devel/usr/bin/chat	link	0o777			../../bin/busybox
devel/usr/bin/chpst	link	0o777			../../bin/busybox
devel/usr/bin/chrt	link	0o777			../../bin/busybox
devel/usr/bin/chvt	link	0o777			../../bin/busybox
devel/usr/bin/cksum	link	0o777			../../bin/busybox
devel/usr/bin/clear	link	0o777			../../bin/busybox
devel/usr/bin/cmp	link	0o777			../../bin/busybox
devel/usr/bin/comm	link	0o777			../../bin/busybox
devel/usr/bin/crontab	link	0o777			../../bin/busybox
devel/usr/bin/cryptpw	link	0o777			../../bin/busybox
devel/usr/bin/cut	link	0o777			../../bin/busybox
devel/usr/bin/dc	link	0o777			../../bin/busybox
devel/usr/bin/deallocvt	link	0o777			../../bin/busybox
devel/usr/bin/diff	link	0o777			../../bin/busybox
devel/usr/bin/dirname	link	0o777			../../bin/busybox
devel/usr/bin/dos2unix	link	0o777			../../bin/busybox
devel/usr/bin/du	link	0o777			../../bin/busybox
devel/usr/bin/dumpleases	link	0o777			../../bin/busybox
devel/usr/bin/eject	link	0o777			../../bin/busybox
devel/usr/bin/env	link	0o777			../../bin/busybox
devel/usr/bin/envdir	link	0o777			../../bin/busybox
devel/usr/bin/envuidgid	link	0o777			../../bin/busybox
devel/usr/bin/ether-wake	link	0o777			../../bin/busybox
devel/usr/bin/exfatfsck	file	0o755	55926	f71d50105302bf0cc61a6ad79e137a95cc781fc967411c79e105b1f8fd50bf35	
devel/usr/bin/exfatfuse	file	0o755	460313	79244bdc0a1e12e3603058f10867e37445b7564f7484facc022dc72dedecb42d	
devel/usr/bin/exfatidentify	file	0o755	9789	a5e4ccf93074e95ae47153e1966f1051817ed8b12b25cb30ec25bd2d95ee7a89	
devel/usr/bin/expand	link	0o777			../../bin/busybox
devel/usr/bin/expr	link	0o777			../../bin/busybox
devel/usr/bin/fdformat	link	0o777			../../bin/busybox
devel/usr/bin/fgconsole	link	0o777			../../bin/busybox
devel/usr/bin/find	link	0o777			../../bin/busybox
devel/usr/bin/flock	link	0o777			../../bin/busybox
devel/usr/bin/fold	link	0o777			../../bin/busybox
devel/usr/bin/free	link	0o777			../../bin/busybox
devel/usr/bin/ftpget	link	0o777			../../bin/busybox
devel/usr/bin/ftpput	link	0o777			../../bin/busybox
devel/usr/bin/fuser	link	0o777			../../bin/busybox
devel/usr/bin/fusermount	file	0o755	22660	d78434369e8d535daaf589c1e6071e10a823889156aa98949163a9b0daeb0e92	
devel/usr/bin/groups	link	0o777			../../bin/busybox
devel/usr/bin/hd	link	0o777			../../bin/busybox
devel/usr/bin/head	link	0o777			../../bin/busybox
devel/usr/bin/hexdump	link	0o777			../../bin/busybox
devel/usr/bin/hostid	link	0o777			../../bin/busybox
devel/usr/bin/id	link	0o777			../../bin/busybox
devel/usr/bin/ifplugd	link	0o777			../../bin/busybox
devel/usr/bin/install	link	0o777			../../bin/busybox
devel/usr/bin/ipcrm	link	0o777			../../bin/busybox
devel/usr/bin/ipcs	link	0o777			../../bin/busybox
devel/usr/bin/kbd_mode	link	0o777			../../bin/busybox
devel/usr/bin/killall	link	0o777			../../bin/busybox
devel/usr/bin/killall5	link	0o777			../../bin/busybox
devel/usr/bin/last	link	0o777			../../bin/busybox
devel/usr/bin/less	link	0o777			../../bin/busybox
devel/usr/bin/logger	link	0o777			../../bin/busybox
devel/usr/bin/logname	link	0o777			../../bin/busybox
devel/usr/bin/lpq	link	0o777			../../bin/busybox
devel/usr/bin/lpr	link	0o777			../../bin/busybox
devel/usr/bin/lspci	link	0o777			../../bin/busybox
devel/usr/bin/lsusb	link	0o777			../../bin/busybox
devel/usr/bin/lzcat	link	0o777			../../bin/busybox
devel/usr/bin/lzma	link	0o777			../../bin/busybox
devel/usr/bin/lzopcat	link	0o777			../../bin/busybox
devel/usr/bin/md5sum	link	0o777			../../bin/busybox
devel/usr/bin/mesg	link	0o777			../../bin/busybox
devel/usr/bin/microcom	link	0o777			../../bin/busybox
devel/usr/bin/mkexfatfs	file	0o755	54109	3db8da1329d2e14c6c2da4154ea8862bf3467f6470294a461341415aafae7a0d	
devel/usr/bin/mkfifo	link	0o777			../../bin/busybox
devel/usr/bin/mkpasswd	link	0o777			../../bin/busybox
devel/usr/bin/nc	link	0o777			../../bin/busybox
devel/usr/bin/nmeter	link	0o777			../../bin/busybox
devel/usr/bin/nohup	link	0o777			../../bin/busybox
devel/usr/bin/nslookup	link	0o777			../../bin/busybox
devel/usr/bin/od	link	0o777			../../bin/busybox
devel/usr/bin/openvt	link	0o777			../../bin/busybox
devel/usr/bin/passwd	link	0o777			../../bin/busybox
devel/usr/bin/patch	link	0o777			../../bin/busybox
devel/usr/bin/pgrep	link	0o777			../../bin/busybox
devel/usr/bin/pkill	link	0o777			../../bin/busybox
devel/usr/bin/pmap	link	0o777			../../bin/busybox
devel/usr/bin/printf	link	0o777			../../bin/busybox
devel/usr/bin/pscan	link	0o777			../../bin/busybox
devel/usr/bin/pstree	link	0o777			../../bin/busybox
devel/usr/bin/pwdx	link	0o777			../../bin/busybox
devel/usr/bin/readahead	link	0o777			../../bin/busybox
devel/usr/bin/readlink	link	0o777			../../bin/busybox
devel/usr/bin/realpath	link	0o777			../../bin/busybox
devel/usr/bin/remove-shell	link	0o777			../../bin/busybox
devel/usr/bin/renice	link	0o777			../../bin/busybox
devel/usr/bin/reset	link	0o777			../../bin/busybox
devel/usr/bin/resize	link	0o777			../../bin/busybox
devel/usr/bin/rpm2cpio	link	0o777			../../bin/busybox
devel/usr/bin/rtcwake	link	0o777			../../bin/busybox
devel/usr/bin/runsv	link	0o777			../../bin/busybox
devel/usr/bin/runsvdir	link	0o777			../../bin/busybox
devel/usr/bin/rx	link	0o777			../../bin/busybox
devel/usr/bin/script	link	0o777			../../bin/busybox
devel/usr/bin/seq	link	0o777			../../bin/busybox
devel/usr/bin/setkeycodes	link	0o777			../../bin/busybox
devel/usr/bin/setsid	link	0o777			../../bin/busybox
devel/usr/bin/setuidgid	link	0o777			../../bin/busybox
devel/usr/bin/sha1sum	link	0o777			../../bin/busybox
devel/usr/bin/sha256sum	link	0o777			../../bin/busybox
devel/usr/bin/sha512sum	link	0o777			../../bin/busybox
devel/usr/bin/showkey	link	0o777			../../bin/busybox
devel/usr/bin/smemcap	link	0o777			../../bin/busybox
devel/usr/bin/softlimit	link	0o777			../../bin/busybox
devel/usr/bin/sort	link	0o777			../../bin/busybox
devel/usr/bin/split	link	0o777			../../bin/busybox
devel/usr/bin/strings	link	0o777			../../bin/busybox
devel/usr/bin/sum	link	0o777			../../bin/busybox
devel/usr/bin/sv	link	0o777			../../bin/busybox
devel/usr/bin/tac	link	0o777			../../bin/busybox
devel/usr/bin/tail	link	0o777			../../bin/busybox
devel/usr/bin/tcpsvd	link	0o777			../../bin/busybox
devel/usr/bin/tee	link	0o777			../../bin/busybox
devel/usr/bin/telnet	link	0o777			../../bin/busybox
devel/usr/bin/test	link	0o777			../../bin/busybox
devel/usr/bin/tftp	link	0o777			../../bin/busybox
devel/usr/bin/tftpd	link	0o777			../../bin/busybox
devel/usr/bin/time	link	0o777			../../bin/busybox
devel/usr/bin/timeout	link	0o777			../../bin/busybox
devel/usr/bin/top	link	0o777			../../bin/busybox
devel/usr/bin/tr	link	0o777			../../bin/busybox
devel/usr/bin/traceroute	link	0o777			../../bin/busybox
devel/usr/bin/traceroute6	link	0o777			../../bin/busybox
devel/usr/bin/tty	link	0o777			../../bin/busybox
devel/usr/bin/ttysize	link	0o777			../../bin/busybox
devel/usr/bin/udevinfo	file	0o755	44140	cfc86b8ef1d5905c184bd3f22daef40218b4af6117b6591a524f0bc9b3b18a6f	
devel/usr/bin/udevtest	file	0o755	43024	c6241f6b4a04db5fa2751232b08924c5443fdaee4ed12b46030a3841cad24efb	
devel/usr/bin/udpsvd	link	0o777			../../bin/busybox
devel/usr/bin/ulockmgr_server	file	0o755	8684	7208f3122a2bac04a447c474a7e421519df6958fd153bc06d62a719f2bb1c439	
devel/usr/bin/unexpand	link	0o777			../../bin/busybox
devel/usr/bin/uniq	link	0o777			../../bin/busybox
devel/usr/bin/unix2dos	link	0o777			../../bin/busybox
devel/usr/bin/unlzma	link	0o777			../../bin/busybox
devel/usr/bin/unlzop	link	0o777			../../bin/busybox
devel/usr/bin/unxz	link	0o777			../../bin/busybox
devel/usr/bin/unzip	link	0o777			../../bin/busybox
devel/usr/bin/uptime	link	0o777			../../bin/busybox
devel/usr/bin/users	link	0o777			../../bin/busybox
devel/usr/bin/uudecode	link	0o777			../../bin/busybox
devel/usr/bin/uuencode	link	0o777			../../bin/busybox
devel/usr/bin/vlock	link	0o777			../../bin/busybox
devel/usr/bin/vmstat	file	0o755	19588	93ca2a3673fcc48880da44fb8e95da7878b0d304334b5d9c58bae0eca87a60ea	
devel/usr/bin/volname	link	0o777			../../bin/busybox
devel/usr/bin/wall	link	0o777			../../bin/busybox
devel/usr/bin/wc	link	0o777			../../bin/busybox
devel/usr/bin/wget	link	0o777			../../bin/busybox
devel/usr/bin/which	link	0o777			../../bin/busybox
devel/usr/bin/who	link	0o777			../../bin/busybox
devel/usr/bin/whoami	link	0o777			../../bin/busybox
devel/usr/bin/whois	link	0o777			../../bin/busybox
devel/usr/bin/xargs	link	0o777			../../bin/busybox
devel/usr/bin/xz	link	0o777			../../bin/busybox
devel/usr/bin/xzcat	link	0o777			../../bin/busybox
devel/usr/bin/yes	link	0o777			../../bin/busybox
devel/usr/lib/alsa-lib	dir	0o755			
devel/usr/lib/libBrokenLocale.so	link	0o777			../../lib/libBrokenLocale.so.1
devel/usr/lib/libanl.so	link	0o777			../../lib/libanl.so.1
devel/usr/lib/libasound.so	link	0o777			libasound.so.2.0.0
devel/usr/lib/libasound.so.2	link	0o777			libasound.so.2.0.0
devel/usr/lib/libasound.so.2.0.0	file	0o755	802724	7ac4602582b2326b0baea88f3702d00ca72536f3d11039377d0c9a330cae6b11	
devel/usr/lib/libblkid.so	link	0o777			libblkid.so.1.1.0
devel/usr/lib/libblkid.so.1	link	0o777			libblkid.so.1.1.0
devel/usr/lib/libblkid.so.1.0	file	0o755	66301	d42033d2909b11fcfc91bdf45f8228f51b248954803e8e19fd429367817e3e61	
devel/usr/lib/libblkid.so.1.1.0	file	0o755	275836	1913e009aa7216618f21e73db131934126e6e92b4e30abf077fd743ad2e625a6	
devel/usr/lib/libbt-aptx.so	file	0o755	23772	10df4e52c24a021c85577517158332a79d5bafa51f0685af8794c396de3bc783	
devel/usr/lib/libbtsdk.so	file	0o755	4060772	98ec270c68416476765546b8c7f78c33b395b123b88e8c9263ed3578eab00e46	
devel/usr/lib/libc.so	file	0o644	224	429358bd70fc14a42db270b59ef6cf4a6b5e85515e855cdee1f71684aadaf36b	
devel/usr/lib/libcom_err.so	link	0o777			libcom_err.so.2
devel/usr/lib/libcom_err.so.2	link	0o777			libcom_err.so.2.1
devel/usr/lib/libcom_err.so.2.1	file	0o755	9108	ba274047b7b9b132c44b0bb38526b3185e07ad0f5846e797063c5f00dba2b94d	
devel/usr/lib/libcrypt.so	link	0o777			../../lib/libcrypt.so.1
devel/usr/lib/libcrypto.so	link	0o777			libcrypto.so.0.9.8
devel/usr/lib/libcrypto.so.0	link	0o777			libcrypto.so.0.9.8
devel/usr/lib/libcrypto.so.0.9.8	file	0o644	5391863	e2aab0a747d03bbbe04e6a6b1a15e47badc8afc0b8f6a0c7b9ab71aed3829c9c	
devel/usr/lib/libdl.so	link	0o777			../../lib/libdl.so.2
devel/usr/lib/libe2p.so	link	0o777			libe2p.so.2
devel/usr/lib/libe2p.so.2	link	0o777			libe2p.so.2.3
devel/usr/lib/libe2p.so.2.3	file	0o755	24048	0d61f390e886f68c4620ab19f0ab2d0ef39fc54f64e3022a2a24e97e846db3a6	
devel/usr/lib/libexpat.so	link	0o777			libexpat.so.1.5.2
devel/usr/lib/libexpat.so.0	link	0o777			libexpat.so.1.5.2
devel/usr/lib/libexpat.so.1	link	0o777			libexpat.so.1.5.2
devel/usr/lib/libexpat.so.1.5.2	file	0o755	375798	db2d7a05859b75bf58e2dd47a3301af7669766deeb1750ab759173d558b97bf3	
devel/usr/lib/libext2fs.so	link	0o777			libext2fs.so.2
devel/usr/lib/libext2fs.so.2	link	0o777			libext2fs.so.2.4
devel/usr/lib/libext2fs.so.2.4	file	0o755	222020	629c0b6679078ffdaf7881ed6da3070c87462a2fb1e1c300f51ca4f23b35a760	
devel/usr/lib/libfuse.so	link	0o777			libfuse.so.2.9.3
devel/usr/lib/libfuse.so.2	link	0o777			libfuse.so.2.9.3
devel/usr/lib/libfuse.so.2.9.3	file	0o755	164764	e7b9bbbfe4cc9a1f0a70cb3aab28e24c657f80e7bd26e6fe969dab74d3e3fcd5	
devel/usr/lib/libgcc_s.so	file	0o644	135	8ecba4e125a2ce55a56ce526fa9096fefe92d841ab62dbde606ba56b5c833554	
devel/usr/lib/libgcc_s.so.1	file	0o644	259303	af881951bb51eca24ff4c78d5be2c151293c0e4ed5b400136e720a0a2c129a5e	
devel/usr/lib/libjpeg-turbo.so	link	0o777			libjpeg-turbo.so.62.0.0
devel/usr/lib/libjpeg-turbo.so.6	link	0o777			libjpeg-turbo.so.62.0.0
devel/usr/lib/libjpeg-turbo.so.62	link	0o777			libjpeg-turbo.so.62.0.0
devel/usr/lib/libjpeg-turbo.so.62.0.0	file	0o644	284611	9891cb0e99d949dcbb4da61a5b1c48787b193bfac32cc6574b8668c1b9897288	
devel/usr/lib/libjpeg.so	link	0o777			libjpeg.so.62.0.0
devel/usr/lib/libjpeg.so.62	link	0o777			libjpeg.so.62.0.0
devel/usr/lib/libjpeg.so.62.0.0	file	0o644	185338	fd9b725570fbbb927751426b3ee4753c86a5168c0fa9af0bd9aac0abd1cf04df	
devel/usr/lib/libjpeg.so.8	link	0o777			libjpeg.so.8.3.0
devel/usr/lib/libjpeg.so.8.3.0	file	0o644	316322	a0c54edb190003d8da4364dbfa0254912424bd821fb26f4919ff355a162755f0	
devel/usr/lib/libjskncnv.so	file	0o644	15580	e09178cacdbe90a1d44e9f49e7c7a37dbd6d9447a3e500025445d7a90be8b387	
devel/usr/lib/libjsmmrp.so	file	0o644	1261744	10b122a5793b02e6e094e49b679cf50c7c919b05c68074681c7be0471418a2c0	
devel/usr/lib/libl10n.so	link	0o777			libl10n.so.7.0
devel/usr/lib/libl10n.so.7	link	0o777			libl10n.so.7.0
devel/usr/lib/libl10n.so.7.0	file	0o755	250808	fc9898201b13355f2e63d98d0084f62e95850bb3bd263b66215801351bf0bffd	
devel/usr/lib/libldacBT_enc.so	file	0o755	50204	c08cadbd2693b686869151e3b9a4f577a64664918e59a0ad342c54a29beb8bb2	
devel/usr/lib/libm.so	link	0o777			../../lib/libm.so.6
devel/usr/lib/libmemcpy_lesspld.so	file	0o755	4408	5905ba89f06a8f369d7c87c28a06dfaaccd95f928364d5ed640e82eb94f712a2	
devel/usr/lib/libncurses.so	link	0o777			libncurses.so.5
devel/usr/lib/libncurses.so.5	link	0o777			libncurses.so.5.7
devel/usr/lib/libncurses.so.5.7	file	0o755	268024	5256f1e4b2bd859fe73974039704df75cc5fd26b45cfc61af15c6c6bc83416a8	
devel/usr/lib/libnfc.so	file	0o755	295056	8db643dc119dba6e00b1ac4a4e451777243797b77321aec44863dad4aa6ed81f	
devel/usr/lib/libnfcsdk.so	file	0o755	34084	a87a8a7d3d22d46b2b0a813ee966833a72f9b9ae9d5e4cd6c0aa705d73fbd837	
devel/usr/lib/libnsl.so	link	0o777			../../lib/libnsl.so.1
devel/usr/lib/libnss_compat.so	link	0o777			../../lib/libnss_compat.so.2
devel/usr/lib/libnss_dns.so	link	0o777			../../lib/libnss_dns.so.2
devel/usr/lib/libnss_files.so	link	0o777			../../lib/libnss_files.so.2
devel/usr/lib/libnss_hesiod.so	link	0o777			../../lib/libnss_hesiod.so.2
devel/usr/lib/libnss_nis.so	link	0o777			../../lib/libnss_nis.so.2
devel/usr/lib/libnss_nisplus.so	link	0o777			../../lib/libnss_nisplus.so.2
devel/usr/lib/libpcs.so	link	0o777			libpcs.so.0
devel/usr/lib/libpcs.so.0	link	0o777			libpcs.so.0.0
devel/usr/lib/libpcs.so.0.0	file	0o755	96246	ffcefa2a67ed49c99be769d61c8149e50dda08fcd7467c85d6e3a0f5090bef93	
devel/usr/lib/libpng.so	link	0o777			libpng12.so
devel/usr/lib/libpng.so.0	link	0o777			libpng.so.0.1.2.44
devel/usr/lib/libpng.so.0.1.2.44	file	0o755	171396	85d393b4f408842be44a993df514660a84b76b26adfd52fd043db8f3cf50888c	
devel/usr/lib/libpng.so.14	link	0o777			libpng.so.14.8
devel/usr/lib/libpng.so.14.8	file	0o755	170688	5ce76fe006ad5c19f281ce2ce929cac1341c6896d8e99a6a053ee40f76d11027	
devel/usr/lib/libpng12.so	link	0o777			libpng12.so.0.52.0
devel/usr/lib/libpng12.so.0	link	0o777			libpng12.so.0.52.0
devel/usr/lib/libpng12.so.0.52.0	file	0o755	538973	63e40072856541de400b0e0b182d431f76075f0a8538f421231932736594ecb8	
devel/usr/lib/libpodcastdb.so	file	0o755	33111	8f0f13b0ff5b8b326065fd9cf6b7c3354f3ebfacddad80dbabbf551ac8d42e7b	
devel/usr/lib/libpthread.so	file	0o644	207	af3b56cd61611028a03f0d532a8bacd1de3ccd1e715064715a3e157b097ba663	
devel/usr/lib/libresolv.so	link	0o777			../../lib/libresolv.so.2
devel/usr/lib/librt.so	link	0o777			../../lib/librt.so.1
devel/usr/lib/libsqlite3.so	link	0o777			libsqlite3.so.0.8.6
devel/usr/lib/libsqlite3.so.0	link	0o777			libsqlite3.so.0.8.6
devel/usr/lib/libsqlite3.so.0.8.6	file	0o755	686532	f92362fa9fd660ef045d257fbd1235685e007deff4f0f267c77f67a044d8467b	
devel/usr/lib/libss.so	link	0o777			libss.so.2
devel/usr/lib/libss.so.2	link	0o777			libss.so.2.0
devel/usr/lib/libss.so.2.0	file	0o755	18724	ff8274ac2f0713b447f0195d9138122995252953d42f3d6ee986c69ed2ef5b31	
devel/usr/lib/libssl.so	link	0o777			libssl.so.0.9.8
devel/usr/lib/libssl.so.0	link	0o777			libssl.so.0.9.8
devel/usr/lib/libssl.so.0.9.8	file	0o644	1485272	d30aaffd99f376b2938a52112e990cabd6d666925106e24797ae45898234b0a1	
devel/usr/lib/libstdc++.so	link	0o777			libstdc++.so.6.0.14
devel/usr/lib/libstdc++.so.6	link	0o777			libstdc++.so.6.0.14
devel/usr/lib/libstdc++.so.6.0.14	file	0o755	812792	377dbae749757c20a8f33c7e3152746a3c21caee89cf61b6f240f4e21405b865	
devel/usr/lib/libstdc++.so.6.0.14-gdb.py	file	0o644	2319	0b709fd32a329e09c6120bad10cb7785d37746507250cba2243de88745504635	
devel/usr/lib/libsys_image.so	link	0o777			libsys_image.so.1.0.0
devel/usr/lib/libsys_image.so.1	link	0o777			libsys_image.so.1.0.0
devel/usr/lib/libsys_image.so.1.0.0	file	0o755	12545	6f9b2b45d1f80c08eb21bc13df76c2a32b0f1a2e2e1ca7c04f439e615626d47b	
devel/usr/lib/libthread_db.so	link	0o777			../../lib/libthread_db.so.1
devel/usr/lib/libulockmgr.so	link	0o777			libulockmgr.so.1.0.1
devel/usr/lib/libulockmgr.so.1	link	0o777			libulockmgr.so.1.0.1
devel/usr/lib/libulockmgr.so.1.0.1	file	0o755	7464	fedbdf8e9fe9d689f904747762985caa87de30b9222b8557cf5af5fe1664c1a7	
devel/usr/lib/libusbaudio.so	file	0o755	77120	4424b6caa4ef6d5f11c27fc2550fb9cd8f07891a605681280c682a1825d5a13f	
devel/usr/lib/libutil.so	link	0o777			../../lib/libutil.so.1
devel/usr/lib/libuuid.so	link	0o777			libuuid.so.1.3.0
devel/usr/lib/libuuid.so.1	link	0o777			libuuid.so.1.3.0
devel/usr/lib/libuuid.so.1.2	file	0o755	37593	64ee1e9952a525774b05cfac82bc1c794669e2c347c5ffe88c38789c12eeab02	
devel/usr/lib/libuuid.so.1.3.0	file	0o755	36734	5dbda5c4d345c1c40e5931ee06ad1c9a8cf1e61ea0b8c3c3c1aec2f984a3e988	
devel/usr/lib/libz.so	link	0o777			libz.so.1.2.3
devel/usr/lib/libz.so.1	link	0o777			libz.so.1.2.3
devel/usr/lib/libz.so.1.2.3	file	0o755	115281	49809459f83189d683ca4951496c47ac5c31e0525c923a6df563b83be6cf820c	
devel/usr/lib/omf	dir	0o755			
devel/usr/lib/alsa-lib/smixer	dir	0o755			
devel/usr/lib/alsa-lib/smixer/smixer-ac97.a	file	0o644	23376	8ff04377ea57a1010fe8fbfa36cd015df67580a94d968061ae5e7ed3f0b29d4c	
devel/usr/lib/alsa-lib/smixer/smixer-ac97.la	file	0o755	881	72767c83719da7a68502bfd49bf41734ca089f7e01085140cdaca58958f13059	
devel/usr/lib/alsa-lib/smixer/smixer-ac97.so	file	0o755	5840	92fb32cab81c5933a1f2e0f1a803a821c7416624a4ca7cba218df17ae78956cd	
devel/usr/lib/alsa-lib/smixer/smixer-hda.a	file	0o644	23372	546db94a49f09dbcb4d7103e9e59f21efa6e2f3e78604715029512f3958afc57	
devel/usr/lib/alsa-lib/smixer/smixer-hda.la	file	0o755	874	5c0fec6f9425727f272eb24535962f09a561de8687cd8a787a6108f393f17986	
devel/usr/lib/alsa-lib/smixer/smixer-hda.so	file	0o755	5840	c79dea0ac5cf0a86d469bcd16354c6bccb82b2cecc374755f16dd941965db179	
devel/usr/lib/alsa-lib/smixer/smixer-python.a	file	0o644	20140	1f4a0adf2e4d714236bc9b4607c99e0ef46eff87c2f9e54df3f73e5c651f8e2e	
devel/usr/lib/alsa-lib/smixer/smixer-python.la	file	0o755	914	dab3011f6585b57f2bc88a5e8177f90ef27ff70a6812cb225fe6c84d3ca8106e	
devel/usr/lib/alsa-lib/smixer/smixer-python.so	file	0o755	19256	4ce614086e2e6a924cec2314833adebb2937ebc17fa6b06dbf57b2643882b02d	
devel/usr/lib/alsa-lib/smixer/smixer-sbase.a	file	0o644	30874	b281fe5212fd657848b1298ac35891d0c34a52caad903f1b9e231383dd6cb018	
devel/usr/lib/alsa-lib/smixer/smixer-sbase.la	file	0o755	888	a83580dafcef9eecbfcbea1cc780a07045ddac3d22658ccc6993bad47bfa1f9b	
devel/usr/lib/alsa-lib/smixer/smixer-sbase.so	file	0o755	8240	bf4f8e856eef0d60037dbb4dc4998628e002324e3c445352baea773b34153961	
devel/usr/lib/omf/dspfw	dir	0o755			
devel/usr/lib/omf/libomf_me_framework.so	file	0o644	12072	b9338e2b080e0c8a1401c83059ad67f5d700ecce1432049bd74a4a0fa1b67337	
devel/usr/lib/omf/libomx_core.so	file	0o644	56432	52479b8eba0ef8f0c38c058415acd0524031684b063091ef02fd535188657902	
devel/usr/lib/omf/omf_mc_aacd.so	file	0o644	74808	155221ba92f3c888191924266d4beb320a1b836aff0b3742407a795baadbb03b	
devel/usr/lib/omf/omf_mc_aacdH.so	file	0o644	77336	ce25a4f689955dc4fb87a72dae05235a30e1744fdaeef8a47fde1a41df6b3558	
devel/usr/lib/omf/omf_mc_aace.so	file	0o644	73588	9fc201d02e17d6e558150f33135dc48194bd1c637cdd5a2ec47a4edb11c944c1	
devel/usr/lib/omf/omf_mc_aacr.so	file	0o644	78400	5fda78c85bd769f8efdfb1fbe042ab3396ca8021a78931f96535c4c8eead16ec	
devel/usr/lib/omf/omf_mc_aald.so	file	0o644	77332	3f1c271c38b720f7f958aa266e2d25953214f8d3369b404bad0d1a03799d0a4d	
devel/usr/lib/omf/omf_mc_aalr.so	file	0o644	77328	a83eb87c055977cf6ebf661f194767bbc7e9e2bb496a3733c280670b83d83073	
devel/usr/lib/omf/omf_mc_at3d.so	file	0o644	77332	75c90e4a7c52c60138fadc0835dee6901d01ac0c092671fffe144f390b4cc4e4	
devel/usr/lib/omf/omf_mc_at3r.so	file	0o644	74752	d1589abb967f63d16822d7766aeb32b7d36f15614b9ae2ef3826f6cd2b8e3d38	
devel/usr/lib/omf/omf_mc_atxd.so	file	0o644	77332	95a356262b5899bdbb42ffd036b8a3aea1893bd2c6602acedf2a094a76925442	
devel/usr/lib/omf/omf_mc_atxe.so	file	0o644	73216	9d82b029c6053da1d180b704869906ec5126508150820ed499ba264f51650953	
devel/usr/lib/omf/omf_mc_atxr.so	file	0o644	77328	b5aa65d281189429f4b02777fc501ec7f1215ee61e3d34e4714b60d99755526b	
devel/usr/lib/omf/omf_mc_h264d.so	file	0o644	130712	a6ac591161e425c54941c7123f7c95c99faffb2c3c6afb98c3b43cdfd94c1e38	
devel/usr/lib/omf/omf_mc_m4vd.so	file	0o644	122512	f4a0aa1a1e5d8ebef8f2335d9bed7d07b6f6725139deea6c33380036e6e571f5	
devel/usr/lib/omf/omf_mc_mp3d.so	file	0o644	74780	d0b4392dbc937204637e9b93ac403404e71c5af288bd4b58e2e4d6a4712ee05f	
devel/usr/lib/omf/omf_mc_mp3e.so	file	0o644	73368	8f1e1e282bb60616cb14854d213088a6273763b1c84d841b0faf05f30422d258	
devel/usr/lib/omf/omf_mc_mp3r.so	file	0o644	73924	8675677b4155fded5529d3f73059104f5abc31390eb7ac085d5efcb9322b54f7	
devel/usr/lib/omf/omf_mc_pcmd.so	file	0o644	74548	af209374c2b18c4020811c71162e9284bc599d334d6ca85b13d808d05b06b250	
devel/usr/lib/omf/omf_mc_pcmr.so	file	0o644	73944	fbb569c49146cd8599fe64e758c0014f78209c14367aa8da2f305bb82540b669	
devel/usr/lib/omf/omf_mc_vc1d.so	file	0o644	122828	f38746a38d62e87b51bb930a3ae1848a5ec2df93c4728835eb7f577d863d94ef	
devel/usr/lib/omf/omf_mc_wmad.so	file	0o644	73872	adccc33522a2c01eb61db25b4bec8aa6f7f6da1a180fadbcfa24f5f4e8d8d5e8	
devel/usr/lib/omf/omf_mc_wmadH.so	file	0o644	77336	5d864b865141547b0eab0e7f29793c6c779233cdf47fd3f69095b1fcc4284117	
devel/usr/lib/omf/omf_mc_wmar.so	file	0o644	74688	b681d80c140ae6c70c16ba98eb2bcb2baddefae42e5cd706f8f3bd538e3ea904	
devel/usr/lib/omf/omx_sony_audiod.cfg	file	0o644	3448	6842c563fa078aa3e24638d21f49773fe99239062bafbedb692787ce76292a32	
devel/usr/lib/omf/omx_sony_audioe.cfg	file	0o644	1744	a49ebd4027299a0e56a3abe0c0ff11994da8524a1f20a36b613d0c0abf98ad37	
devel/usr/lib/omf/omx_sony_audior.cfg	file	0o644	3392	0e49ce354dbb3d45dd230788a5331b1904efba5c5b2e8f6f1e1b4a2add5f4771	
devel/usr/lib/omf/omx_sony_videod_audiod.cfg	file	0o644	2524	cb95a513b6e77db42d92059a94125ce1e918e6adcb2e1e638cf4096d1dc1a8fc	
devel/usr/lib/omf/omx_sony_videod_audior.cfg	file	0o644	2536	2acf82c03c79e959b838e9adcc78c4b691ff2f409128c8927d44e103c3a9af65	
devel/usr/lib/omf/dspfw/decoder	dir	0o755			
devel/usr/lib/omf/dspfw/decoder_video	dir	0o755			
devel/usr/lib/omf/dspfw/encoder	dir	0o755			
devel/usr/lib/omf/dspfw/renderer	dir	0o755			
devel/usr/lib/omf/dspfw/renderer_video	dir	0o755			
devel/usr/lib/omf/dspfw/decoder/omf_dsp_manager.em-ev0	file	0o644	2748960	73b674344049e3b3bd95395705c5ca6b09483da03787fc1b4048eab710fc9d6d	
devel/usr/lib/omf/dspfw/decoder/omf_me_aacd.em-ev0	file	0o644	3440	df1e7c47a61bb7dc7c0ae5700628c3ecd5fa5edaac95b09bb71d64e2a9606f2b	
devel/usr/lib/omf/dspfw/decoder/omf_me_aald.em-ev0	file	0o644	3428	899f90a8d34a7acd993fe2ac87a4a891c5ca9b40edafcbdd2c2bb10c9e7438f5	
devel/usr/lib/omf/dspfw/decoder/omf_me_at3d.em-ev0	file	0o644	3428	f6573cdb524be69224a2a67d72d6008a36fd41ac9e4b9bfd69c6e87cfc1670e2	
devel/usr/lib/omf/dspfw/decoder/omf_me_atxd.em-ev0	file	0o644	3428	dedb7b130f6833f227ea54bac691e14073bffdb30fb7b4ada95d589708121a35	
devel/usr/lib/omf/dspfw/decoder/omf_me_lpcmd.em-ev0	file	0o644	3428	9bc1db283a12d8a3974bb980858fe64357b91acdc14f33d1c858d10f13ae1df7	
devel/usr/lib/omf/dspfw/decoder/omf_me_mp3d.em-ev0	file	0o644	3428	4c57f2820857ebeff665a5bea928c381ba33c148733b66398b39ec82c3e7e1bf	
devel/usr/lib/omf/dspfw/decoder/omf_me_wmad.em-ev0	file	0o644	3440	3f1f51ecceb537c79efee1129ea08521008465734bd5dabe6d8a1e546713cfcb	
devel/usr/lib/omf/dspfw/decoder_video/omf_dsp_manager.em-ev0	file	0o644	642144	5803ca50a416288f802be17d2004b999a592e7779456a4e208817d28ad25e539	
devel/usr/lib/omf/dspfw/decoder_video/omf_me_aacd.em-ev0	file	0o644	2192	9f0bda66f8e750d9dc83ed0ea66f7278dd4a77e1a7dfdf2af121ee29b6854653	
devel/usr/lib/omf/dspfw/decoder_video/omf_me_wmad.em-ev0	file	0o644	2192	efa9b2a8344568b982ab4568f3aa7d3171b391436cfb1ea814670be4811e6a53	
devel/usr/lib/omf/dspfw/encoder/omf_dsp_manager.em-ev0	file	0o644	1530324	fc1624ace33279cb4bf49c62420e78ed8a49688b553270e2702fd89199cf1d6f	
devel/usr/lib/omf/dspfw/encoder/omf_me_aacd.em-ev0	file	0o644	5024	77ff4c7c9c20f2b8d841ce87a46ec4dd8946dfa1439d67bbd4c3b540a0ec7af3	
devel/usr/lib/omf/dspfw/encoder/omf_me_aace.em-ev0	file	0o644	5044	43e2229277bdde4e84dd88156bcf5649a4ebb6b2e4823cdb82ee7a23e857b34e	
devel/usr/lib/omf/dspfw/encoder/omf_me_aald.em-ev0	file	0o644	5012	60d9face4cc02327e89c0233bf49fb474aefc233f4b36a31b3609343d4a2899f	
devel/usr/lib/omf/dspfw/encoder/omf_me_at3d.em-ev0	file	0o644	5012	f82ca4b818b5dac8c72363e7b259102b4e8b5fec5445c89820b2b384e4b97936	
devel/usr/lib/omf/dspfw/encoder/omf_me_atxd.em-ev0	file	0o644	5012	cb82326bfe71ee6a41bccf5d0a1ef58ea46983e70e6a65dbff5d0b36c880688e	
devel/usr/lib/omf/dspfw/encoder/omf_me_atxe.em-ev0	file	0o644	5032	dfcb0474f2f7889d12b9cd6028274876a06d3f6d9650176306099d3b38a34252	
devel/usr/lib/omf/dspfw/encoder/omf_me_lpcmd.em-ev0	file	0o644	5012	21d8309b2222bd222bdc4736403f08d0d2bf94b5b82b1e17b58ff837d3796a3b	
devel/usr/lib/omf/dspfw/encoder/omf_me_mp3d.em-ev0	file	0o644	5012	6e16e5688afb5cdc9ad4d6fe431c0c3303b9e16b840e900c23bec4f5691c0cc4	
devel/usr/lib/omf/dspfw/encoder/omf_me_mp3e.em-ev0	file	0o644	5032	c00d502805dfeaf3d2d5d7f8c4a1149ff91d8b6f902afe7e38106a540c125b71	
devel/usr/lib/omf/dspfw/encoder/omf_me_wmad.em-ev0	file	0o644	5024	8d96717b929bf5407959295334f5fdc0b9a1c80d33f211536a925983e388987c	
devel/usr/lib/omf/dspfw/renderer/omf_dsp_manager.em-ev0	file	0o644	3041860	a19aa25262348884cc41bdd256f4f465cb9805ef67adc869d848683f3b1a09ba	
devel/usr/lib/omf/dspfw/renderer/omf_me_aacr.em-ev0	file	0o644	3644	a94c882a0d7f4499cf30a20f0a020782256a313bdfad99b4c9288d82e716b194	
devel/usr/lib/omf/dspfw/renderer/omf_me_aalr.em-ev0	file	0o644	3632	7a386dc6c40813fe432b7b1304a3537d5ad4a6c301dafe863e07a3855f366f71	
devel/usr/lib/omf/dspfw/renderer/omf_me_at3r.em-ev0	file	0o644	3632	d1fcaa6d9fdf5e572c5befbcb82121378e724faa01e6e06df8c4b150f6bc4697	
devel/usr/lib/omf/dspfw/renderer/omf_me_atxr.em-ev0	file	0o644	3632	42b67a8eab02185d946aedf06e899e5329149ba05a68896be596128d814f501a	
devel/usr/lib/omf/dspfw/renderer/omf_me_lpcmr.em-ev0	file	0o644	3648	7b323eebfafbefc829bcb5494d4be18ca30405696e559d78bb8e8efe7bbbd267	
devel/usr/lib/omf/dspfw/renderer/omf_me_mp3r.em-ev0	file	0o644	3644	f3539d7f15e0e42d351aee411b8fde69c02b8cdb6be0f6d25b5b1bb6eccd9ee8	
devel/usr/lib/omf/dspfw/renderer/omf_me_wmar.em-ev0	file	0o644	3644	a81c33ef5ebc0242f8efe1b33ba740779fded2acce2bcbfe235e93b67611e76a	
devel/usr/lib/omf/dspfw/renderer_video/omf_dsp_manager.em-ev0	file	0o644	872324	8785b909cca60d7bde329548c48785e6356a05bb47bbca21e800063f5206d650	
devel/usr/lib/omf/dspfw/renderer_video/omf_me_aacr.em-ev0	file	0o644	2252	67ebad2f5b799780f9fe584c5c48bb26570916f847e5d0744d80411c408c44c3	
devel/usr/lib/omf/dspfw/renderer_video/omf_me_wmar.em-ev0	file	0o644	2252	22778cc3d5d52c881a7dfc15a091cb599de7fa030e9ae16b3b9511fdcba6a3bf	
devel/usr/libexec/getconf	dir	0o755			
devel/usr/libexec/pt_chown	file	0o644	25468	be8dc74ddb8b45f5ba1a9203d3b83d0bdcde3f764689be5f34af893cea4ca78f	
devel/usr/local/bin	dir	0o755			
devel/usr/local/share	dir	0o755			
devel/usr/local/test	dir	0o755			
devel/usr/local/bin/Responder	file	0o755	4397032	ab0ac3eec3b7f9afcedea78c90e1f00119454bde3013aa01d20ea655294876e8	
devel/usr/local/bin/SpiderApp	file	0o755	9934560	887b14d4f440a82d82829fae757d1025a96b8da92f88165a665b96affa62ced8	
devel/usr/local/bin/apfconf	file	0o755	92792	8d6a1fb04934532e5716fdba2803f3d8a5dce2058058df3a7f1beeed6a6fb124	
devel/usr/local/bin/apfflag	file	0o755	33392	fc9f30cec6bcf13e8dd3285632a78b5136f8fd8836728b251f5475222948fb43	
devel/usr/local/bin/apl_conn	file	0o755	14887	94cf4fc5ccc88651c2a80617ca0a5e6e43b75734cd606511013be01a44d70b0d	
devel/usr/local/bin/appproxy	file	0o755	59920	4b8df5b09ef9d62d7f88e2fe75c185135e2405d0fea1570f22063f802e894f25	
devel/usr/local/bin/bomberman	file	0o755	59896	34db9753ab58151e0574e0a2472afa4ac309bf5bf0b90e276981b06f8b50b01b	
devel/usr/local/bin/btlog	file	0o755	7363	fa228d42bd0e9d8a9947dc18bd7cd9d7552dac8807b73ad432b82f26caecd224	
devel/usr/local/bin/card_det	file	0o755	6699	9bd8b79fe8a6a73deed90944e715d146c154770664f6d3d9f0f872ab60edd560	
devel/usr/local/bin/dacdat	file	0o755	6383	8c7be5b4ef04a20e793ba630d4f3c2bd366ea77a1c572518cafeca5f3fc9417e	
devel/usr/local/bin/dmesg_log	file	0o755	8883	aed2d9bf6156efb241e0890c384b6b4a2dfd06523768c123d331ac5e7510992e	
devel/usr/local/bin/emuctrl	file	0o755	24696	385ea8cb7c0974bbe8901276c9ae6e08b6e98fb16ff9ba8c683512ad5c4fded6	
devel/usr/local/bin/emurunner	file	0o755	26736	8edd8bb162ae3d20e853aa1c6d71f6bfa696bbc9e93f95cdbd2d99611793d2d8	
devel/usr/local/bin/fatdump	file	0o755	51323	e3a6592c5eea5baf70664dd17da09bb9402890a5ce0ab94aa194d2087a58e4cd	
devel/usr/local/bin/font_08x12.bmp	file	0o644	36918	0da8ce8c306df24a9cc00bfce8dd87c1291a1fed77e46780233ef01e9c310c05	
devel/usr/local/bin/font_14x24.bmp	file	0o644	129078	1f269a42369ccc7e0bf75d8761c25ed16d031fb5db91e7369b090cd6b0837236	
devel/usr/local/bin/glogctl	file	0o755	6200	fb1f6eea9ddf6efe7b05b6d7328e426122e04fa1861ba83e003351ae9fdbfb97	
devel/usr/local/bin/glogd	file	0o755	28468	019164e29663430fa9196c40bb9e8751635a83ba0428aab112e0ad656ca52561	
devel/usr/local/bin/icx_dest	file	0o755	4507	caa9d074a00a5c2f94386689d13177cb250b277e3c9e61027a641fe38e67b608	
devel/usr/local/bin/icx_discard	file	0o755	3987	ed79bb657045cce48e2c6abda09f0ad2e8366e042639ff40175fc25425756448	
devel/usr/local/bin/icx_fatparam	file	0o755	7547	79d47c647e7cacb865d0a42853e88cb9c58570a72a388257f2d9168f0157038d	
devel/usr/local/bin/icx_mkfs.ext4	file	0o755	140	c8890c3f45f8727642cb06a18bc58565aa5164cee990aef2abaceb57592e3354	
devel/usr/local/bin/icx_mknod	file	0o755	5615	48a9a80d428979d8bbe6c3819d28268f9405f843fafb853b6c3309688353352c	
devel/usr/local/bin/icx_mount	file	0o755	3087	7c55f5fcb21c036777673c8c298d729b702c6442cf18c5ef1177a1f50e24f3cf	
devel/usr/local/bin/icx_mount.ext4	file	0o755	92	4946e4739afb8f95677d18436dbb3db8a4c4d4b33ed09828e561a69b4e58b3d6	
devel/usr/local/bin/icx_syslog	file	0o755	10563	186383773433d97946356879c1451e379448d3d7bbe7cd948bdb2857d1118b00	
devel/usr/local/bin/icx_umount	file	0o755	392	c8c2d99d3bd5c233fdb091cfdb18997a7e055b53287a49087ad8e79653fda5af	
devel/usr/local/bin/lcdmsg	file	0o755	30575	c9fbd951d8b137014676412ee074b2d0d87b824af8ddcc745828baf86f06c1cf	
devel/usr/local/bin/lct	file	0o755	191	c68633daedc763af257c4e233b9184196ec8cd08f6f56194d1d1ccf4fec73e96	
devel/usr/local/bin/load_mg	file	0o755	115	bb1034a6cfce87a2c1925eccca50918d4d7e845fc5ea007e5950063f041f0fb7	
devel/usr/local/bin/load_usb	file	0o755	3593	c4f2be9d762c3dce49676e91f98b0651c20658ee8faae5936108f7896ad479fd	
devel/usr/local/bin/mgscc_test_ioctl	file	0o755	15909	59f39e5d5030e3d210f5b26ce2d7d80be68a3d6c981ec552ec49114c7c5778be	
devel/usr/local/bin/mgscc_test_lib	file	0o755	8620	eca26fa7b45e02f02dd008d0d6709c95986a40145357903d7e693e78a5fe7e4b	
devel/usr/local/bin/mgscsi_test_ioctl	file	0o755	43327	aa4d8391ca960c79f1cc62a0227b74f43a712c968e8a4ae3b54c908c39d207cb	
devel/usr/local/bin/mkstoragedev	file	0o755	1056	3474009c55c2f4799ecd3b4d3462b89e37c47b0e6c937b5105044a78610434b6	
devel/usr/local/bin/mmixer	file	0o755	2487	da39f73bdbc13680f3a8bdaa1661f75ef523e71c14dd8cfede8b8ce25b8491bd	
devel/usr/local/bin/moc_repairer.sh	file	0o755	65	d61ef696d71403bc45c074937c6b7a4e12f5f779d3c272c46b5d429b8802ca34	
devel/usr/local/bin/mptapp	file	0o755	2140596	7531fe2ecd39df1d16d803b3f3ffdd33c17b476da321fd084da32004e024773f	
devel/usr/local/bin/nvp	file	0o755	14847	61ff403f975ab4770d6e7d6b9e643b3b0428200639cc02a9da3b5a65336348c8	
devel/usr/local/bin/nvpflag	file	0o755	10519	c8e37576d46d493b982e5428fbb610c49a99e7832058ce615a156e6d5ea4f233	
devel/usr/local/bin/nvpinfo	file	0o755	6779	f7ccd03b016013563f7cc19c60719cb99cc57daba5dab8ad2d32ab133ac6678e	
devel/usr/local/bin/nvpstr	file	0o755	5279	cb82b750d210715c4398d4dca91ea89ff676bae8b64d7d7b654599c5c9f8f3ae	
devel/usr/local/bin/panic_log	file	0o755	7727	db50100ba24eb07142810760e653615c48d0fe93432b0606e81ccd3d93d8a948	
devel/usr/local/bin/partinfo	file	0o755	1888	641fe94883c88e5b1999f4022db837c3c1b98d154fe71284523b782951517403	
devel/usr/local/bin/pminfo_tool	file	0o755	6739	769aed3cd398f371ca69cac7dee547e889a6430223eb65dbe01c725fabbeb8d1	
devel/usr/local/bin/reboot.sh	file	0o755	1470	6e1c38dd11ef3afe4afd7340b69f1450fa4ce9e16f7d8011b6f6672115b42175	
devel/usr/local/bin/sysinfo	file	0o755	10943	91f23a721d917e2ef8dd3e803b64ba32338d04122d024090df750547300e291d	
devel/usr/local/bin/sysmgr.sh	file	0o755	137	ead31279bf9a76b74999840ebd7053a71ba33eb21be7fda9ec544b15e5f00263	
devel/usr/local/bin/sysmgrd	file	0o755	170976	5bf05661cb4d86e6d9338bb68b837b007ad05c8817ca684828e71c04fcb86f97	
devel/usr/local/bin/sysmgrd_emu	file	0o755	165588	0bb24372131ab5c271f7dc0d0e0e75d13fda287625a4301a3144c6f2fbc8152a	
devel/usr/local/bin/tsubasa.sh	file	0o755	1726	5c55e27bed9ae40f115d405a3711f212b7de54c39c107d17c376e53f38411446	
devel/usr/local/bin/usbalog	file	0o755	4515	0c4da8dc3399b9b6d4129385efc2eef6845c7ef964dfba0da9477100916db77e	
devel/usr/local/bin/usbaudioconn_udev	file	0o755	18883	aa95a80f5857917a881ddd26f49d52c3485284da92a72bc9814c40182c3044bd	
devel/usr/local/bin/watchdog	file	0o755	4415	a742578acabbfc98d4a0a2c52572372180835750457b5928c75ad8cf13b40a57	
devel/usr/local/bin/watchman	file	0o755	8623	13b03caa10ca916ddf45a902ecfbee875a67f3568726ca63a6ff445bedcbd214	
devel/usr/local/share/GUI	dir	0o755			
devel/usr/local/share/ICX1269	dir	0o755			
devel/usr/local/share/audio	dir	0o755			
devel/usr/local/share/dic	dir	0o755			
devel/usr/local/share/gemini	dir	0o755			
devel/usr/local/share/genesys	dir	0o755			
devel/usr/local/share/genova_version	file	0o644	246	223c0b763549b7a48aee415b9388860f0db22bca4d5fce924584cef5fb6c2c65	
devel/usr/local/share/kncnv	dir	0o755			
devel/usr/local/share/mptapp	dir	0o755			
devel/usr/local/share/GUI/skinRom	dir	0o755			
devel/usr/local/share/GUI/style.dat	file	0o644	1510244	7c4b9e839d4a8c5a2b9292dd22cc09e89fbfdf76e3a7d2120fb7b98d1fe5fb97	
devel/usr/local/share/GUI/skinRom/TTLB_CTRL.tgp	file	0o644	55840	d08cce87f3cc6a0a99312b02a958d46bcd150c6bee3dba85bd9e7f2bf43e50b2	
devel/usr/local/share/GUI/skinRom/boot.tgp	file	0o644	810608	6864aa50565648ba4ebad8c84e0a7f64d3317749f280507c432614fe3f799b28	
devel/usr/local/share/GUI/skinRom/browser.tgp	file	0o644	3728400	5c3d4971f2c3a94d46e315d08760cdaaeab824d5f59d1ee95cefbe08ad090271	
devel/usr/local/share/GUI/skinRom/browser_common.tgp	file	0o644	1040	268a2e3923d0a8e3dfadd15bd12997a633502628790a72957dfea9b17655eeae	
devel/usr/local/share/GUI/skinRom/bt_common.tgp	file	0o644	1834208	9bf43c43eb41755f804df04584df06007ac3d1784d5b09f268931a91669eecd4	
devel/usr/local/share/GUI/skinRom/buttonctrl.tgp	file	0o644	416	16d2c330c519f324db1353628fcfcdd502b8d3e67a47b2cb7095df641cc453fc	
devel/usr/local/share/GUI/skinRom/channellist_common_fullscreen.tgp	file	0o644	2383024	6e57abdb9c290d034a26f51c75810aa9c8c25a7991847d11e1834dada5eabefc	
devel/usr/local/share/GUI/skinRom/channellist_common_large.tgp	file	0o644	1122016	0f5821ea0c672688f43320666aa23303de58c7f987177caf215736aadb5a731f	
devel/usr/local/share/GUI/skinRom/channellist_common_normal.tgp	file	0o644	893536	7591cf9c868756e4af0abb7f83b45dac8f16552513337d6db42fdf8a38d5c677	
devel/usr/local/share/GUI/skinRom/channellist_text_chs.tgp	file	0o644	538080	70d66d5f1a805cc7ba3bd5a5b1df2f0ff2321e4693466151c9b43b37485f49ca	
devel/usr/local/share/GUI/skinRom/channellist_text_cht.tgp	file	0o644	538080	586132de0a033d3a3ec083d1a213c19087ef9e9e4b7d975cb4e5aa7949306986	
devel/usr/local/share/GUI/skinRom/channellist_text_common.tgp	file	0o644	1952448	5e971c94aad51f76cddcddf02d514d73ce5f5bef084b259dfb97d28d362a1fa9	
devel/usr/local/share/GUI/skinRom/channellist_text_eng.tgp	file	0o644	538080	9c6bcddb026a3ac2e115957e457eb64a4c6b0eb8860b726d57aa238e17521719	
devel/usr/local/share/GUI/skinRom/channellist_text_esp.tgp	file	0o644	538080	643d6548980a037c17d75adee067e5cfb96fae77baaa6f340d6b6890594df122	
devel/usr/local/share/GUI/skinRom/channellist_text_fre.tgp	file	0o644	538080	24461a95d15f8ca498973acb148f86611dcc1165715fec0fa3f1c5dd43a9fe97	
devel/usr/local/share/GUI/skinRom/channellist_text_ger.tgp	file	0o644	538080	7b032c108a3b8c522496a9f5e00c75bb1a0ab567bbb4d427dc42103352652d88	
devel/usr/local/share/GUI/skinRom/channellist_text_ita.tgp	file	0o644	538080	5f1b0b2d91e83d96278ca45ea1e53cf85850a18d34808f8282ad589675f28357	
devel/usr/local/share/GUI/skinRom/channellist_text_jpn.tgp	file	0o644	538080	5c6bb0c9ca3fb3073e99b71da8b12aae979018433ebae722b74ff59328210c2b	
devel/usr/local/share/GUI/skinRom/channellist_text_kor.tgp	file	0o644	538080	4c03520ccfe75eda293e060d2fe1c2c38f85188254c0dbc0df359127a441813d	
devel/usr/local/share/GUI/skinRom/channellist_text_pol.tgp	file	0o644	538080	0be767f22c145888f299bb4fd83223f8ba3c332343eb370c9f7ac513f7d56a80	
devel/usr/local/share/GUI/skinRom/channellist_text_por.tgp	file	0o644	538080	419e243adc83eb3b3a6263e5e85f4267b7cbe3ff9998174ec970a608c54b30d0	
devel/usr/local/share/GUI/skinRom/channellist_text_rus.tgp	file	0o644	538080	a0cebad97b26bcbe53dbadbf71f515cdae613311ecbd52a71ab7f2b4a0e15ca6	
devel/usr/local/share/GUI/skinRom/channellist_text_tur.tgp	file	0o644	538080	e031b976bbc8a900e16904d936b27633273f5d7c71014561a924e28e83550eb1	
devel/usr/local/share/GUI/skinRom/chapterseekctrl_hwkey_chs.tgp	file	0o644	11072	87178735136b77db29bcfbe5e26a61c7ecd299c0566e84ba501fd0dfde7cda76	
devel/usr/local/share/GUI/skinRom/chapterseekctrl_hwkey_cht.tgp	file	0o644	11072	6e48c15a742ad9267cc6d8415d2affed10d98b97459e82ae696a92142b0e038b	
devel/usr/local/share/GUI/skinRom/chapterseekctrl_hwkey_common.tgp	file	0o644	9120	e5d6d1dbb034e64c614eb7c829249b577d8bfa6cb05d6a24c79112118a064e05	
devel/usr/local/share/GUI/skinRom/chapterseekctrl_hwkey_eng.tgp	file	0o644	11072	8755ef6ab8af17cb0636ae968932e2af72e08b7598ab396ed6567885ec75a9b4	
devel/usr/local/share/GUI/skinRom/chapterseekctrl_hwkey_esp.tgp	file	0o644	11072	9bc949f3d2d6ec4de368039c2269f3d5089b612988853a05cbef72c13a20b029	
devel/usr/local/share/GUI/skinRom/chapterseekctrl_hwkey_fre.tgp	file	0o644	11072	1e9d2eac9c4e1c030bf44a8a7b08fc24fd231ceed306dba2a0c12b23be760d07	
devel/usr/local/share/GUI/skinRom/chapterseekctrl_hwkey_ger.tgp	file	0o644	11072	1fe0503356088417f01c453a87c463b71828cf8d93324e65036f15b82b172027	
devel/usr/local/share/GUI/skinRom/chapterseekctrl_hwkey_ita.tgp	file	0o644	11072	e643b77da2eb313537d140566dadf348ba339210c547894305a70429fe137e7b	
devel/usr/local/share/GUI/skinRom/chapterseekctrl_hwkey_jpn.tgp	file	0o644	11072	7f13472bd125a62acd12ae93af2c35e09fa0bf9ed19e898c0ecf807ca302a0af	
devel/usr/local/share/GUI/skinRom/chapterseekctrl_hwkey_kor.tgp	file	0o644	11072	6155e8e08fa092465050e8d15b9a2f85ef7545e98a81eae4a0767029860d180a	
devel/usr/local/share/GUI/skinRom/chapterseekctrl_hwkey_pol.tgp	file	0o644	11072	9673766b9786d0bed4d28c9129a707f0e99e1e841516f745cc43b008015d0ee1	
devel/usr/local/share/GUI/skinRom/chapterseekctrl_hwkey_por.tgp	file	0o644	11072	3944eb49cdf39377059c10e037145dea3a02792dd7d39c77ace442184f087a66	
devel/usr/local/share/GUI/skinRom/chapterseekctrl_hwkey_rus.tgp	file	0o644	11072	39a0f2b7a5444534f5edc81047d4f26cc07d782ab047bad79ab82fd224d37a22	
devel/usr/local/share/GUI/skinRom/chapterseekctrl_hwkey_tur.tgp	file	0o644	11072	ab6cdf1480f3f24c2351188ee1be5ac7c1317f7dfafc6ee57d751092b12ba86f	
devel/usr/local/share/GUI/skinRom/chapterseekctrl_tpl.tgp	file	0o644	28896	db2103576434f6717fb5f3c1a0ec9b33a119e0a9b83d7fa1f9ea671af4680e6b	
devel/usr/local/share/GUI/skinRom/common.tgp	file	0o644	7046576	2476a6ddb10f3a28e8e7ccc80dc29714273785575f588a7681b06217831c7e0e	
devel/usr/local/share/GUI/skinRom/core.tgp	file	0o644	537568	43cfe70d7708edd7d159387e0e385edd43d76230a62be64db880a0f51f0866d7	
devel/usr/local/share/GUI/skinRom/demo	dir	0o755			
devel/usr/local/share/GUI/skinRom/dialogctrl.tgp	file	0o644	971472	8bd0c013b41e4592823c84d088327f0d6f4fe50062a0f700ad7073cf695b75c7	
devel/usr/local/share/GUI/skinRom/directrecstatusctrl.tgp	file	0o644	427920	4af6392c7dfb94b63066be1df810c063819397c7ae20999ad87370156b50739f	
devel/usr/local/share/GUI/skinRom/guidectrl.tgp	file	0o644	276416	4909bca129794df588d0063c1d6dda819636d5791f36b3792cc28b359f9de452	
devel/usr/local/share/GUI/skinRom/homemenuctrl.tgp	file	0o755	5792	b7a98c9bf61a9b6e8ae4fe283706744a00911c2199e87cc26b2dfa64c2ee23b5	
devel/usr/local/share/GUI/skinRom/imagectrl.tgp	file	0o644	32	e514d7cdfa842a1d24a846f5743461fa9ee2c79df23d9ee5ded6c8192b17e900	
devel/usr/local/share/GUI/skinRom/indexjumpctrl.tgp	file	0o644	163024	9520a64ec959b3fb12f24a49e35575a46d21bd2ffc6a7d902448f5bbb579de48	
devel/usr/local/share/GUI/skinRom/indexjumpkeyctrl.tgp	file	0o644	34080	c144828c78c1f0d1da6487c98276dd328d248c7b1a47330efcd72697bcf52279	
devel/usr/local/share/GUI/skinRom/info.tgp	file	0o644	427808	e71a4bcc657ee4c256f0a0e15b62b82d9c746a1f946d6cf163881a389763a94a	
devel/usr/local/share/GUI/skinRom/init_common.tgp	file	0o644	883728	44ec97323d03593942cbdfd53c1ef291fc76bc7517c912cf16418eddfb5e5f6e	
devel/usr/local/share/GUI/skinRom/init_ft_ready.tgp	file	0o644	921056	b44d4073e678167c8c94b6c426be1c160f9a4eeb5d01a6686cea451b0659f65e	
devel/usr/local/share/GUI/skinRom/init_ft_trans_qvga.tgp	file	0o644	3301632	42388a0ac9c89fbf350849c9f779bf858fdfb9c9993a81905ea6103d991a7682	
devel/usr/local/share/GUI/skinRom/init_ft_trans_wqvga.tgp	file	0o644	4841632	e5ea3ee403891c8693fd86f44fa294f6ca1ea26878e18b132e23ede4c45d755f	
devel/usr/local/share/GUI/skinRom/keyboard_chs.tgp	file	0o644	560	1ade64485847bd270d10ee2cf2e0deb9498e480cdcbe7704022bc3c6b136f050	
devel/usr/local/share/GUI/skinRom/keyboard_cht.tgp	file	0o644	1040	a0d70d940b16ec8c881e2a1dd2b26c5572fbc13304213140061ed520a3074a86	
devel/usr/local/share/GUI/skinRom/keyboard_common.tgp	file	0o644	446912	ad62098b8a80d5f0ee374697d11996e3663bbd4e3943dbb0eb502d7fea6b9d05	
devel/usr/local/share/GUI/skinRom/keyboard_eng.tgp	file	0o644	416	0148ee7dca144970e72ba20dd7a3cf91c5778971b6c60d59ed44ab7a321371b6	
devel/usr/local/share/GUI/skinRom/keyboard_esp.tgp	file	0o644	320	27b72ee9d816ae99333b2afe15155c46b1e43bc17a6425c0565da3c5ea288add	
devel/usr/local/share/GUI/skinRom/keyboard_fre.tgp	file	0o644	320	27b72ee9d816ae99333b2afe15155c46b1e43bc17a6425c0565da3c5ea288add	
devel/usr/local/share/GUI/skinRom/keyboard_ger.tgp	file	0o644	320	27b72ee9d816ae99333b2afe15155c46b1e43bc17a6425c0565da3c5ea288add	
devel/usr/local/share/GUI/skinRom/keyboard_ita.tgp	file	0o644	320	27b72ee9d816ae99333b2afe15155c46b1e43bc17a6425c0565da3c5ea288add	
devel/usr/local/share/GUI/skinRom/keyboard_jpn.tgp	file	0o644	1808	7edc8035c7b646209b7f6acd337054083a7e619f447c732ef38c12cd9bb81a2e	
devel/usr/local/share/GUI/skinRom/keyboard_por.tgp	file	0o644	320	27b72ee9d816ae99333b2afe15155c46b1e43bc17a6425c0565da3c5ea288add	
devel/usr/local/share/GUI/skinRom/keyboard_rus.tgp	file	0o644	896	2c1bae02fa8656d07d25dee71cca3d43e5747b3c12ad901e5f454cce84ac762b	
devel/usr/local/share/GUI/skinRom/lyricsctrl.tgp	file	0o644	108640	5e82507172722fdda32c04a45a97129a58453f3a9d14eb710ca952691b1ad782	
devel/usr/local/share/GUI/skinRom/mediactrl.tgp	file	0o644	1389456	4694f5ed2ca8afad1d2a148d332eb41a67d3142d63aa3e479d199218628bb799	
devel/usr/local/share/GUI/skinRom/optionctrl.tgp	file	0o644	505424	03b5cfe73082d140bf55e0115d5474d10d708a48a932e08dd5d59b19caba2a53	
devel/usr/local/share/GUI/skinRom/playstatusctrl.tgp	file	0o644	891072	0dbaa420837c84b41309f1827337ee1a723714694d92766a2c361726bb915c3a	
devel/usr/local/share/GUI/skinRom/respanimctrl.tgp	file	0o644	1621280	c1b1b5f6bcf38ff1292f0463f972a6d250f44c38364499c8350efd52f6e46bb7	
devel/usr/local/share/GUI/skinRom/seekctrl.tgp	file	0o644	56976	6090b4efa51f48e407d2b64ff2d8f0d52ba448d1cbe43bec7f3f90ae6234479a	
devel/usr/local/share/GUI/skinRom/stsctrl.tgp	file	0o644	75328	0002fe60152bd59e5ed353856126fa3d0c079874e0e92152a63435004f91937d	
devel/usr/local/share/GUI/skinRom/demo/default	dir	0o755			
devel/usr/local/share/GUI/skinRom/demo/default/CMMN_HOME_DEMO_BG_FL.bmp	file	0o755	192072	d3ba01c26560a3863ffbe026ac150a52802b342715373ee766dede87f9e3cbe7	
devel/usr/local/share/GUI/skinRom/demo/default/CMMN_HOME_DEMO_BG_SW.bmp	file	0o755	153666	c825789809a6310986f6aadc1029b3ee1036ed2bacc5065cd7b3770130aa62f8	
devel/usr/local/share/ICX1269/J	dir	0o755			
devel/usr/local/share/ICX1269/WW	dir	0o755			
devel/usr/local/share/ICX1269/J/DevIcon.fil	file	0o644	76174	bcdac177ec8ca4f69d150acf5d8287eacef3a9dc2f7c91f8e838cc4a2cafd89b	
devel/usr/local/share/ICX1269/J/DevLogo.fil	file	0o644	1027	24e6e1f55118c3b995d1890799a3c4e2388c654ad99d3d52f2d3f46fd4f934e8	
devel/usr/local/share/ICX1269/J/capability_00.xml	file	0o644	8270	bf08a5ba141ad880eb83a298ea2becf7cba1f6a787d0541ce23b737cb9b312a4	
devel/usr/local/share/ICX1269/J/capability_00_sd.xml	file	0o644	8270	bf08a5ba141ad880eb83a298ea2becf7cba1f6a787d0541ce23b737cb9b312a4	
devel/usr/local/share/ICX1269/J/default-capability.xml	file	0o644	3466	79172be1de5397057197bf04bf0233029e39c89764e6d966cbb7ce6740a6a0de	
devel/usr/local/share/ICX1269/J/default-capability_sd.xml	file	0o644	3462	61fc2d8589bda18400d9a87fd36bf7c3f1bdc18cd97d453abf38911b743dd5b9	
devel/usr/local/share/ICX1269/J/hp_01_176.cps	file	0o644	32932	4c450d78453ab0271b3457d7ab5dd56e2761d3a0818516d9cb197a7603e17eab	
devel/usr/local/share/ICX1269/J/hp_01_192.cps	file	0o644	32932	f7ce996c038095736787cac8f9d96048f004bc7147a8947b0a0cffe962e1c85b	
devel/usr/local/share/ICX1269/J/hp_01__44.cps	file	0o644	8356	89a3cfa051992a6f97cf0c25cca7d2430b67843d278e20cdfdb0a1ffd4094248	
devel/usr/local/share/ICX1269/J/hp_01__48.cps	file	0o644	8356	64c1c1e0b496d49fd129ce10011377bbf90afeced6b52bae6a100eab8c55e78e	
devel/usr/local/share/ICX1269/J/hp_01__88.cps	file	0o644	16548	4e49a2f6e33dc3792052c7bcd376a3b21dc1a203e020f6e8967d3aeb54eb2fad	
devel/usr/local/share/ICX1269/J/hp_01__96.cps	file	0o644	16548	668e5fbddb26595b477608f42963f1f66896b93d93e8ead425c7867cd6003787	
devel/usr/local/share/ICX1269/J/hp_03_176.cps	file	0o644	32932	a6078341c258850e3ecbd6e0001c4d1eafa6b1b80357a1d4d1439a423df393f3	
devel/usr/local/share/ICX1269/J/hp_03_192.cps	file	0o644	32932	01c04114bd11651500eeecc9198f5c4fbb5a590169da8c3d95fb63cfe12a7f80	
devel/usr/local/share/ICX1269/J/hp_03__44.cps	file	0o644	8356	18c85867e55f4d491c1a36cbdd0e3529be5e27a7fd7357a97c48d921922a8069	
devel/usr/local/share/ICX1269/J/hp_03__48.cps	file	0o644	8356	4e00412c9de03d310c0267b0b9f18d2491a28a93986e658ac69b7c9156edab64	
devel/usr/local/share/ICX1269/J/hp_03__88.cps	file	0o644	16548	a4fa524c5e749314a8e28af9bc9c9adf54618c5c8fd25c1ef6df751b27828974	
devel/usr/local/share/ICX1269/J/hp_03__96.cps	file	0o644	16548	1d433173e8d7ac0573737b4db1adcc9a811e011de97bb8fd7a314e6379f94f62	
devel/usr/local/share/ICX1269/J/prm_01.dcfg	file	0o644	20	6c527decee92b6ba27abc91e5da029933080d6fa7001b1ef2417d6a1d7ee210b	
devel/usr/local/share/ICX1269/J/prm_01.dhx	file	0o644	512	1c9cebad949dc487fb49dd330b938d123bcb7536cfd01b46cd979f1ae6853cfc	
devel/usr/local/share/ICX1269/WW/DevIcon.fil	file	0o644	76174	bcdac177ec8ca4f69d150acf5d8287eacef3a9dc2f7c91f8e838cc4a2cafd89b	
devel/usr/local/share/ICX1269/WW/DevLogo.fil	file	0o644	1027	24e6e1f55118c3b995d1890799a3c4e2388c654ad99d3d52f2d3f46fd4f934e8	
devel/usr/local/share/ICX1269/WW/default-capability.xml	file	0o644	3216	ef69123a2f1e0b8e81b61e33f351cbdbf97ec6c66b03c7910e12b76d209f374e	
devel/usr/local/share/ICX1269/WW/default-capability_sd.xml	file	0o644	3212	c72ed9e09f95b11237fb04ded536e448997f947da85846931ae79fb86ed87a03	
devel/usr/local/share/ICX1269/WW/hp_01_176.cps	file	0o644	32932	4c450d78453ab0271b3457d7ab5dd56e2761d3a0818516d9cb197a7603e17eab	
devel/usr/local/share/ICX1269/WW/hp_01_192.cps	file	0o644	32932	f7ce996c038095736787cac8f9d96048f004bc7147a8947b0a0cffe962e1c85b	
devel/usr/local/share/ICX1269/WW/hp_01__44.cps	file	0o644	8356	89a3cfa051992a6f97cf0c25cca7d2430b67843d278e20cdfdb0a1ffd4094248	
devel/usr/local/share/ICX1269/WW/hp_01__48.cps	file	0o644	8356	64c1c1e0b496d49fd129ce10011377bbf90afeced6b52bae6a100eab8c55e78e	
devel/usr/local/share/ICX1269/WW/hp_01__88.cps	file	0o644	16548	4e49a2f6e33dc3792052c7bcd376a3b21dc1a203e020f6e8967d3aeb54eb2fad	
devel/usr/local/share/ICX1269/WW/hp_01__96.cps	file	0o644	16548	668e5fbddb26595b477608f42963f1f66896b93d93e8ead425c7867cd6003787	
devel/usr/local/share/ICX1269/WW/hp_03_176.cps	file	0o644	32932	a6078341c258850e3ecbd6e0001c4d1eafa6b1b80357a1d4d1439a423df393f3	
devel/usr/local/share/ICX1269/WW/hp_03_192.cps	file	0o644	32932	01c04114bd11651500eeecc9198f5c4fbb5a590169da8c3d95fb63cfe12a7f80	
devel/usr/local/share/ICX1269/WW/hp_03__44.cps	file	0o644	8356	18c85867e55f4d491c1a36cbdd0e3529be5e27a7fd7357a97c48d921922a8069	
devel/usr/local/share/ICX1269/WW/hp_03__48.cps	file	0o644	8356	4e00412c9de03d310c0267b0b9f18d2491a28a93986e658ac69b7c9156edab64	
devel/usr/local/share/ICX1269/WW/hp_03__88.cps	file	0o644	16548	a4fa524c5e749314a8e28af9bc9c9adf54618c5c8fd25c1ef6df751b27828974	
devel/usr/local/share/ICX1269/WW/hp_03__96.cps	file	0o644	16548	1d433173e8d7ac0573737b4db1adcc9a811e011de97bb8fd7a314e6379f94f62	
devel/usr/local/share/ICX1269/WW/prm_01.dcfg	file	0o644	20	6c527decee92b6ba27abc91e5da029933080d6fa7001b1ef2417d6a1d7ee210b	
devel/usr/local/share/ICX1269/WW/prm_01.dhx	file	0o644	512	1c9cebad949dc487fb49dd330b938d123bcb7536cfd01b46cd979f1ae6853cfc	
devel/usr/local/share/audio/cs47L01	dir	0o755			
devel/usr/local/share/audio/cstro_param_w	file	0o755	6667	fd36555efd5fccfa2240f3c152895160d9cee91b16243e9e81bac2c2f2ab4c72	
devel/usr/local/share/audio/cxd3774gf	dir	0o755			
devel/usr/local/share/audio/hptbl	file	0o755	4672	36fad1953d7da45b15bce5fc0e641c05a36d747a2bfffab8699f44b26bc98ce8	
devel/usr/local/share/audio/l01_param_w	file	0o755	6871	fea9e48e590f467a44227e24132cac2e93c9d4d0dae67f94bca85c09bdea30b1	
devel/usr/local/share/audio/nc_param_w	file	0o755	6927	e4668256a6a95300cbc379195ab08baf688a61f3d9a7105fbeb9bdf4ef80b8ae	
devel/usr/local/share/audio/sound_param_read	file	0o755	8107	b91a790b78ab32d671ba03dd58fa9c354308dd535264033d2b891960c26b3711	
devel/usr/local/share/audio/cs47L01/CRAM0_ANA.bin	file	0o644	128	89ad14d0a31a41f85950d7a1b760299d7b63c1d126929f6ac8ffa061a8065d10	
devel/usr/local/share/audio/cs47L01/CRAM0_ANA_NWNC200.bin	file	0o644	128	bb097df689c2d8b3d42b8129471a41b86d39b2b8c2867945f79c946613ddaab8	
devel/usr/local/share/audio/cs47L01/CRAM0_SMS.bin	file	0o644	128	8908ad43a9e82d7d9af3be3a7970873f40d629230b3cc691005228d6c7d88f33	
devel/usr/local/share/audio/cs47L01/CRAM1_ANA.bin	file	0o644	128	a5bde0398b41159752ee40206f28ad279ad0381273a52510e81244f24af6f6a8	
devel/usr/local/share/audio/cs47L01/CRAM1_ANA_NWNC200.bin	file	0o644	128	af65d2d66bf37adda6651a415c807a5480100e2779fe1860df3db3a8d10b8f5e	
devel/usr/local/share/audio/cs47L01/CRAM1_SMS.bin	file	0o644	128	5cbccac97daca365daf63d3e9cb073cf2aaba365380cc1043e0a118e97daf368	
devel/usr/local/share/audio/cs47L01/CRAM2_ANA.bin	file	0o644	128	7930054b91949e31131ea1d6a65931279e0402f7292402929d09c6f6cf54a48f	
devel/usr/local/share/audio/cs47L01/CRAM2_ANA_NWNC200.bin	file	0o644	128	d9aa68735c474161fe618a072933cb7e0d7f6ab8b231bbc18e4ee43fbb071d59	
devel/usr/local/share/audio/cs47L01/CRAM2_SMS.bin	file	0o644	128	21c26db11446664c78e4a60fd115eac64d532ab7cd5a49560abc6de60b570444	
devel/usr/local/share/audio/cs47L01/IRAM0.bin	file	0o644	128	25bd0d68dc768645879c897bf08e0cf39e1609a3f07ab9bf5bd17946b551639a	
devel/usr/local/share/audio/cs47L01/IRAM0_NWNC200.bin	file	0o644	128	ca64c0d22a6f7c41cf5f62d150e0ff2df5c344a63d482e12a6a19a82cc682efe	
devel/usr/local/share/audio/cs47L01/IRAM1.bin	file	0o644	128	0a2e4f16f32a13f110cfaac5509172c9efef891fc8319ceca04696b16d04d45f	
devel/usr/local/share/audio/cs47L01/IRAM1_NWNC200.bin	file	0o644	128	99b7f06009546a05f276dd34212471ebd4d21aa7da16f3da2a405b97a02ec5fe	
devel/usr/local/share/audio/cxd3774gf/ainc	file	0o644	17	49102832fc5741d3e7d1a46f0c2483402bef621b69fed55d83ae022c38c71eac	
devel/usr/local/share/audio/cxd3774gf/alc	file	0o644	456	5e30370b819d029668b0c604ddaa0502b1fd72f5afca34427e436e70a1daf5a8	
devel/usr/local/share/audio/cxd3774gf/alc.cew	file	0o644	456	8dd24101c4559be36c65a170cf96066c764fb0b5dd6d2f0219576344fa922ddd	
devel/usr/local/share/audio/cxd3774gf/c033_0	file	0o644	168	b663290e58b0e347861ad4c55c1ea87a30f06a8e3899626d8b5e8987285b9beb	
devel/usr/local/share/audio/cxd3774gf/c033_1	file	0o644	168	9adb5894e2606c2c18b102018ea7a6e74ca01845fef9b6c98cbcce17cb6edfd2	
devel/usr/local/share/audio/cxd3774gf/c033_2	file	0o644	168	f23f5e0bb547b0194d5e04443fa54385246a34131d6f388ab1d853cd2fd3bd5c	
devel/usr/local/share/audio/cxd3774gf/c200_0	file	0o644	168	168adad39948d9372d422513a67669212f0fefc3bc7de5e807d8e69617450677	
devel/usr/local/share/audio/cxd3774gf/c200_1	file	0o644	168	5c04d7b11df432a8e722292635ad281a934d9cf84d40ff3fb9add12ffea88ed1	
devel/usr/local/share/audio/cxd3774gf/c200_2	file	0o644	168	416667d2dcfa732d21466046335fbf0c9a6729ba4f386e05685ab2939a410e50	
devel/usr/local/share/audio/cxd3774gf/cHWM_0	file	0o644	168	9e02743b313797cb94dd02a9d72b52cd13983e96f17bdd5a8af70bb672160263	
devel/usr/local/share/audio/cxd3774gf/cHWM_1	file	0o644	168	896976cc37e32dde933447f4d1a70fc70299941f1d30895c143c770572dea60a	
devel/usr/local/share/audio/cxd3774gf/cHWM_2	file	0o644	168	0a4ebb49223dc9e58b005c27891165b359d08224a7dd33e49c6efb6014ef25a8	
devel/usr/local/share/audio/cxd3774gf/iram	file	0o644	1288	1960b808be5f8317995bf2d1441f30c1c302bd9fb1860bb22ddba00d2de3855e	
devel/usr/local/share/audio/cxd3774gf/lmt	file	0o644	26	d85cff0434bc9a06f3c1395bdd76dd6e78b454b8471ce476de5a6edb3635a46d	
devel/usr/local/share/audio/cxd3774gf/lmt.cew	file	0o644	26	d85cff0434bc9a06f3c1395bdd76dd6e78b454b8471ce476de5a6edb3635a46d	
devel/usr/local/share/audio/cxd3774gf/ovt	file	0o644	13958	0df228c8aefc7965dcd2cd2bef88b9ea805d86f38a03e9b5fe5d7016110885f8	
devel/usr/local/share/audio/cxd3774gf/ovt.cew	file	0o644	13958	9ed87a7a5096af4459af42fbda44c5e39645fb66e64a84cd514027f12295e4a3	
devel/usr/local/share/audio/cxd3774gf/tct	file	0o644	968	d6756e959ba2dad93b8304e2e86ecb46fa607be7a38dabbefa95677ee3eb0168	
devel/usr/local/share/dic/cdic	dir	0o755			
devel/usr/local/share/dic/edic	dir	0o755			
devel/usr/local/share/dic/jdic	dir	0o755			
devel/usr/local/share/dic/kdic	dir	0o755			
devel/usr/local/share/dic/tdic	dir	0o755			
devel/usr/local/share/dic/url	dir	0o755			
devel/usr/local/share/dic/cdic/THOSE_ARE_gb18030_4	file	0o755	0	e3b0c44298fc1c149afbf4c8996fb92427ae41e4649b934ca495991b7852b855	
devel/usr/local/share/dic/cdic/njbase.a	file	0o755	850933	33c98d82d2b4741087a26348efbcec019a72c30b3e66942a7432b583fe960c19	
devel/usr/local/share/dic/cdic/njlearn.a	file	0o755	287034	4b99c20bbce864f15bd51ab3580a5184120b8b3d9c9c58619b0d32f4c768d22c	
devel/usr/local/share/dic/cdic/njtan.a	file	0o755	214054	725ec777750d153843b4dc05743000730c4c9db2602ab4c8ef31f4fcf15f2c5a	
devel/usr/local/share/dic/edic/njlearn.a	file	0o755	42177	3d45e6ec3357254dd80079efa1bbf9b5fca259be1a6e36870f533374ff6139f3	
devel/usr/local/share/dic/edic/njlearnL.a	file	0o755	760483	db9ca615392a00e370ca1c7d9140209e7c9d49a488d59e2f5eabbc73cc7af581	
devel/usr/local/share/dic/edic/njlearnM.a	file	0o755	312412	5bba33858fc45f1f5266fed321dbd524c5f15d3707440c37490d8c08925f6749	
devel/usr/local/share/dic/edic/njrel.a	file	0o755	24230	69763fd0425724e7962a4eedc2bfb0f6a1420bb442a6738a8e8ec54675e6c205	
devel/usr/local/share/dic/edic/njyomi.a	file	0o755	1759	44abbb7a8d78eb485a852d60695d1d893ed7a3b024795aba53937eab202422cb	
devel/usr/local/share/dic/jdic/njbase.a	file	0o755	1662197	bff6b9af5abe8e36fb90a028b9992725b2a399e2a77b686d57bbda5f8948d45e	
devel/usr/local/share/dic/jdic/njcon.a	file	0o755	18817	5242f505cb3dbbc54b9d12167d9b65a590f77cf31383fff9b474ab1337e45715	
devel/usr/local/share/dic/jdic/njlearn.a	file	0o755	51836	7b0e44296bcf374e20f04331590a493a0aadf5cdd7185fb8c0954261b35c3bcf	
devel/usr/local/share/dic/jdic/njlearnL.a	file	0o755	1365246	9a73484d37599e179857c11f92045420e236748bec6daba72b667eda47425437	
devel/usr/local/share/dic/jdic/njrel.a	file	0o755	41363	c276a0df320af6cb107550cd6d62d2b208d7606f10f56e42066b5d519fc1fc87	
devel/usr/local/share/dic/jdic/njtan.a	file	0o755	49027	5b25fd6cb74a8115b29f8980b0f68ae500c66f02549d865941cf1c81cd6441a5	
devel/usr/local/share/dic/kdic/njbase.a	file	0o755	17194	f155d3c06ff01ff4dc0b1f01e33cf18622af493732bf310c7a733d35d4f8f140	
devel/usr/local/share/dic/kdic/njlearn.a	file	0o755	254906	1d4985af703d7ac66ffca3238b44b4711cdeef2a5b8f58e454147577cddcb024	
devel/usr/local/share/dic/kdic/njlearnL.a	file	0o755	241322	f0ab0d7640dc48696aa64b0be052b645b59973c076e1b79ab5102d0244086929	
devel/usr/local/share/dic/kdic/njrel.a	file	0o755	75680	3718a9748a810894b79fe6bcb486c47fe8c9e2266c1aace7e119c70164e74b91	
devel/usr/local/share/dic/kdic/njtan.a	file	0o755	16919	b36fc90a64b170b3b6c5a5ebfc744b4386925663c8bad9942a6540a68f3bfb6b	
devel/usr/local/share/dic/kdic/njyomi.a	file	0o755	931	8de59b49bae410e227db153830a5ec98f34b82f2b0f893cffd32b02acde4bfa5	
devel/usr/local/share/dic/tdic/THOSE_ARE_bopomofo_4	file	0o755	0	e3b0c44298fc1c149afbf4c8996fb92427ae41e4649b934ca495991b7852b855	
devel/usr/local/share/dic/tdic/njbase.a	file	0o755	789960	6125bec527ff2732797b3659e4099e940b1fa902412f858615943683a48f8760	
devel/usr/local/share/dic/tdic/njlearn.a	file	0o755	234902	b297b076c643f55088fb2d2e98dea5c925b1a52b557b54018f36561989098b19	
devel/usr/local/share/dic/tdic/njtan.a	file	0o755	135698	d41ca8c3836b62b48eb853565b89d5f74691049e23e548b9c5b15d4e20597b25	
devel/usr/local/share/dic/url/njurl.a	file	0o755	1324	bc7c24bbf8422dff7ae63b0b6779d89e13271a62d53d345673c1d2104c75d296	
devel/usr/local/share/gemini/res	dir	0o755			
devel/usr/local/share/gemini/res/font	dir	0o755			
devel/usr/local/share/gemini/res/stx	dir	0o755			
devel/usr/local/share/gemini/res/stx-qqvga	dir	0o755			
devel/usr/local/share/gemini/res/swd	dir	0o755			
devel/usr/local/share/gemini/res/font/ucs2-dev-au.auf	file	0o644	0	e3b0c44298fc1c149afbf4c8996fb92427ae41e4649b934ca495991b7852b855	
devel/usr/local/share/gemini/res/font/ucs2-dev-cs-ct.lcf	file	0o644	4231680	6826422a759ec09c1777ead51391667886d6521917d47a147f2930f17787bf46	
devel/usr/local/share/gemini/res/font/ucs2-dev-en-eu-jp-kr.lcf	file	0o644	6076160	8de3355468901696ae4fb9da196e01b90c57bc44abfc58f28e948daa00838f9e	
devel/usr/local/share/gemini/res/stx/ucs2-dev-cs.stx	file	0o755	98224	dbfef2fd3ef345716b5abbbee4215933d431eb3689c100d4f6dbc3e7f0a1416d	
devel/usr/local/share/gemini/res/stx/ucs2-dev-ct.stx	file	0o755	99994	dd4280140fed7768274e6fc26317077c56aa045da1e558bb65634922c7839ec2	
devel/usr/local/share/gemini/res/stx/ucs2-dev-de.stx	file	0o755	179208	657221ce6b6f8b1e023f39379263a0291b7e37efbd6bebecae5cd4cc4c713e5b	
devel/usr/local/share/gemini/res/stx/ucs2-dev-en.stx	file	0o755	162340	c6e140ea26304de5770a869e0f7af9c5ab93528a97765bb7b1425cd940e1cae7	
devel/usr/local/share/gemini/res/stx/ucs2-dev-es.stx	file	0o755	179240	968b449fe3c0efa8c5ebc640385a54cee430d6087fd30953e09d45e23f41ca07	
devel/usr/local/share/gemini/res/stx/ucs2-dev-fr.stx	file	0o755	180534	f631fd8f17a38071804f3d48ddb3b965fc5159adfde46c2dd5d82f893fad1bc3	
devel/usr/local/share/gemini/res/stx/ucs2-dev-it.stx	file	0o755	180716	a77642cf3dadef2649ceca5a6c687a50c4112453a178e9904999aeeff8692c21	
devel/usr/local/share/gemini/res/stx/ucs2-dev-jp.stx	file	0o755	124836	de66cfd011821c4c2fae91efc078a7e5d87d18b2749c46773cfac475bb646528	
devel/usr/local/share/gemini/res/stx/ucs2-dev-kr.stx	file	0o755	116998	6e1eb6d5b71b6b39a9aa9136af7c060243ecb6a9a374247af5db1c34a9dc44e5	
devel/usr/local/share/gemini/res/stx/ucs2-dev-pl.stx	file	0o755	102350	0279d736b72886a65c62246a29bdf3d5eb2288ad2c90628ef3061082014b5a20	
devel/usr/local/share/gemini/res/stx/ucs2-dev-pt.stx	file	0o755	176326	1274662249f02df9f0cd6ccba9f9dcdff5f7c453e18ed4b390b88cf96c1a195d	
devel/usr/local/share/gemini/res/stx/ucs2-dev-ru.stx	file	0o755	166434	8f9e4daa7783e6dbb22d2154e59cdeff4de6c6df7f62cb7e5c2f13d6136ea001	
devel/usr/local/share/gemini/res/stx/ucs2-dev-tr.stx	file	0o755	98602	40e20412e758be21cc9c59e80091bc6b19f304f4bc715e9708c9c69dbc4bd565	
devel/usr/local/share/gemini/res/stx-qqvga/ucs2-dev-cs.stx	file	0o755	96578	69a0f8f4615bd55f68ba112b5fb4b641a8b17a55d856b16d27b1e3c93b568630	
devel/usr/local/share/gemini/res/stx-qqvga/ucs2-dev-ct.stx	file	0o755	98084	6a54f33fb07ab7811110b3c5ed4f2b396aaf4ba088dfae72c0ecb5f05f0d0c79	
devel/usr/local/share/gemini/res/stx-qqvga/ucs2-dev-de.stx	file	0o755	169926	99f51cbc07529e955485abf3b9342eb8e5b475a48fd912edb465413761308445	
devel/usr/local/share/gemini/res/stx-qqvga/ucs2-dev-en.stx	file	0o755	153260	e72a53d0571799aba9edd56528630ff3972c6fb237990642a2f3358fe7c209ea	
devel/usr/local/share/gemini/res/stx-qqvga/ucs2-dev-es.stx	file	0o755	169468	b761484ee4a903eb3d5847a586c10e6c031059a12934cb52bc3d827cb2ab0076	
devel/usr/local/share/gemini/res/stx-qqvga/ucs2-dev-fr.stx	file	0o755	170582	ceab141c64f8670e55bf45b139a137694bd9f084281bb45a69db2c8dce82c347	
devel/usr/local/share/gemini/res/stx-qqvga/ucs2-dev-it.stx	file	0o755	170826	3b17783a2ea6a10b97658137c62f1e87922bbb933d70eb8f4e90f156c8016a5b	
devel/usr/local/share/gemini/res/stx-qqvga/ucs2-dev-jp.stx	file	0o755	122052	ef4e0b81dd561038d798ad2ed15737fe520e8f4e0527d06f4c1b1d553f2a7e56	
devel/usr/local/share/gemini/res/stx-qqvga/ucs2-dev-kr.stx	file	0o755	113222	3e2341317b898de115103e5859fb88bd877ba57f5f9a9681de5854a30217332c	
devel/usr/local/share/gemini/res/stx-qqvga/ucs2-dev-pl.stx	file	0o755	92100	369ec28659de74b912eaf735f0369949f24d0d02a0aebba8578e0558bc35c8b4	
devel/usr/local/share/gemini/res/stx-qqvga/ucs2-dev-pt.stx	file	0o755	165208	73777606392bb046611d666cdbf5495178f0034b63c4df3ff0337aa1553e3bd2	
devel/usr/local/share/gemini/res/stx-qqvga/ucs2-dev-ru.stx	file	0o755	157392	82a9e1041828c3512134a7f4d5ebd789b4fd182e25f15ad32234164b18bf3177	
devel/usr/local/share/gemini/res/stx-qqvga/ucs2-dev-tr.stx	file	0o755	89302	265a15ab13c1c88b926dcae4a0866d98f596230f2e0d7526d3f3cbc44a024a50	
devel/usr/local/share/gemini/res/swd/ucs2-dev-sid-000-10.swd	file	0o755	621	8093456c626f559057afdc07b304815e0cb68080e71061a14e717856c51e572d	
devel/usr/local/share/gemini/res/swd/ucs2-dev-sid-000-11.swd	file	0o755	569	8bb541f9c9ee1ae6ef37391eee484762bf70629daf0cf1931526cb1696ab48ed	
devel/usr/local/share/gemini/res/swd/ucs2-dev-sid-000-12.swd	file	0o755	539	a3646723aa00782ddc92f141ace1b75af7d8df8d626f5e2592eba2248fd32bb1	
devel/usr/local/share/gemini/res/swd/ucs2-dev-sid-000-13.swd	file	0o755	557	bf3ad19f52c14beb97a65b6d28a4c18889c1a858919d33f107362906e5aa6e42	
devel/usr/local/share/gemini/res/swd/ucs2-dev-sid-000-14.swd	file	0o755	514	698ee0acbb2e6d85cecc24ff2f6948098dc28c2f3132770189d0fe96089693c0	
devel/usr/local/share/gemini/res/swd/ucs2-dev-sid-000-15.swd	file	0o755	347	5c1d9568827766a5a341d7ad57aac2eca3cc7aaecea44d289850c65c1c155313	
devel/usr/local/share/gemini/res/swd/ucs2-dev-sid-000-16.swd	file	0o755	584	354484d1f1215473c5db273db5eb2e71c17e2b0ec60b292380911f5819507e72	
devel/usr/local/share/gemini/res/swd/ucs2-dev-sid-000-17.swd	file	0o755	493	5d14725c09cd1791ae72746fc71cde3cc2d74f9d7b86a716308205fc22ac670c	
devel/usr/local/share/gemini/res/swd/ucs2-dev-sid-000-18.swd	file	0o755	535	4315a8e2427ec22fda3c19c91859c700900ee7cfd0b6db73504f3c635158e502	
devel/usr/local/share/gemini/res/swd/ucs2-dev-sid-000-19.swd	file	0o755	400	cb22e2a1d292284da07653fd75c4647b9b8766b29f018aace668dff2a2c1c96d	
devel/usr/local/share/gemini/res/swd/ucs2-dev-sid-000-20.swd	file	0o755	486	d9e35d46706d2669a58715493fe2706d0afa0267874d705314dffa4cf7b774cc	
devel/usr/local/share/gemini/res/swd/ucs2-dev-sid-000-21.swd	file	0o755	327	ad17bb9017f555fa2c3d88e33228abd8cc3cc897b2ebb3405049ceb40b09813a	
devel/usr/local/share/gemini/res/swd/ucs2-dev-sid-000-22.swd	file	0o755	480	4ff0b368f29f36ee0fa77ea03f4d34edd19ee0413adf8e4e99cc8d1e7b2056ed	
devel/usr/local/share/gemini/res/swd/ucs2-dev-sid-000-23.swd	file	0o755	486	d9e35d46706d2669a58715493fe2706d0afa0267874d705314dffa4cf7b774cc	
devel/usr/local/share/gemini/res/swd/ucs2-dev-sid-000-24.swd	file	0o755	524	7500ae8229a59106ea8fe83284cc247e16af38421b4920eb7f109ce9e723cf80	
devel/usr/local/share/gemini/res/swd/ucs2-dev-sid-000-25.swd	file	0o755	623	b8195fb7fe62a7d6c4e1666dacdabcb0635debb2b79843181de5882ed0940fb1	
devel/usr/local/share/gemini/res/swd/ucs2-dev-sid-000-26.swd	file	0o755	518	d5245846b762fb7b75ff80a8ec0e805cf990f21f2a348620adff0191ad12c7e0	
devel/usr/local/share/gemini/res/swd/ucs2-dev-sid-000-27.swd	file	0o755	524	7500ae8229a59106ea8fe83284cc247e16af38421b4920eb7f109ce9e723cf80	
devel/usr/local/share/gemini/res/swd/ucs2-dev-sid-000-28.swd	file	0o755	397	ef2d6e12049c6a62b7f77dbd370ca411e2899bfd1f17e9e5b2ce5be37ee90a23	
devel/usr/local/share/gemini/res/swd/ucs2-dev-sid-000-29.swd	file	0o755	427	0112e1e2efe4ea7d631471065c2d9a89d5a1514049d56f11d8a27acbef8a740c	
devel/usr/local/share/gemini/res/swd/ucs2-dev-sid-001-00.swd	file	0o644	264	5227a1a577af6562dfef60c22b85b8ebc9d3e585857f648c51fc54103582c4f6	
devel/usr/local/share/gemini/res/swd/ucs2-dev-sid-001-01.swd	file	0o644	513	55133f69b32dbc7e59d585fc2850d03320bbd539563ecd5abb892094c3758b96	
devel/usr/local/share/gemini/res/swd/ucs2-dev-sid-001-02.swd	file	0o644	447	6c5fd5f09d3fbe2fb0ca1109126002e4710975b7b6c422932cd81d3275238de8	
devel/usr/local/share/gemini/res/swd/ucs2-dev-sid-001-03.swd	file	0o644	2467	e83912305f16eb14cfbd1de36c899d60a7e887c4c1abd7fe60fb1e5ce144fdd4	
devel/usr/local/share/gemini/res/swd/ucs2-dev-sid-001-07.swd	file	0o644	647	53270f4f357543a74df7c3c4bd5ebe791c4cd54f9060d055c1d1cef946aff771	
devel/usr/local/share/gemini/res/swd/ucs2-dev-sid-001-08.swd	file	0o644	458	089253f098c22674afd56bb43bba35779218f28a59e906bc190301ec4f72f8b8	
devel/usr/local/share/gemini/res/swd/ucs2-dev-sid-001-09.swd	file	0o644	339	4e5a4af90c74841bd006b020fbf0d884bbed6ce22d693eabed9375569303bd0d	
devel/usr/local/share/gemini/res/swd/ucs2-dev-sid-001-10.swd	file	0o644	509	41bd6e65a2ecbe9a7373a7061f664512cb3b936cef9b7dab2edb65957bb2cac8	
devel/usr/local/share/gemini/res/swd/ucs2-dev-sid-001-11.swd	file	0o644	1247	6fa92e0a44a3f4d39877f22d8c9d0b2227f831b973709d6757302f224285f1a5	
devel/usr/local/share/gemini/res/swd/ucs2-dev-sid-001-12.swd	file	0o644	2055	c57226c26cac35ee5e79425999fe75d29b77d19c56afb0058c6dde21c915c885	
devel/usr/local/share/gemini/res/swd/ucs2-dev-sid-001-13.swd	file	0o644	654	38b4e9e971ca75c2b6a8f9f737568cfc78d16eed85f6404ead0c4721cabe3b60	
devel/usr/local/share/gemini/res/swd/ucs2-dev-sid-001-14.swd	file	0o644	562	65be70c09775b915fd81eaef3c072fc6f44de29b78fbbc2c4f0ca833d5b0ada2	
devel/usr/local/share/gemini/res/swd/ucs2-dev-sid-001-15.swd	file	0o644	381	52232b5840cb5099d163609ccad8478ee042c19c462acef91e06943d5b25cc17	
devel/usr/local/share/gemini/res/swd/ucs2-dev-sid-001-16.swd	file	0o644	2388	52055ac243d530948114742f506abe4e27443aa4792d7eb002485503306a443f	
devel/usr/local/share/gemini/res/swd/ucs2-dev-sid-001-17.swd	file	0o644	1244	19c8e307ff282c7dd7fa8ddbf27d1895f68ffc1e5cb7d957b69e0d09231cae6b	
devel/usr/local/share/gemini/res/swd/ucs2-dev-sid-001-18.swd	file	0o644	414	d9debc5fb4954c05188a7b32664facb5837c791da7d5b5afb42a58ac9edb2cb4	
devel/usr/local/share/gemini/res/swd/ucs2-dev-sid-001-19.swd	file	0o755	168	112cbbfabc8f1517243c1ff4438e0d9293b49ca9504c687ec92de3871abe2e08	
devel/usr/local/share/gemini/res/swd/ucs2-dev-sid-001-20.swd	file	0o755	228	a8da0112b8ea2de65e4d56c726283cbd02871f21098b66687aba19aae6577461	
devel/usr/local/share/gemini/res/swd/ucs2-dev-sid-001-21.swd	file	0o755	270	b6c4a3c17cf2eaae62e9699b7ec5b28ebbb8fca0e876caff284d03909cc570db	
devel/usr/local/share/gemini/res/swd/ucs2-dev-sid-001-22.swd	file	0o644	712	d26be90442462e37fd93b69431329ccffdf2635b2c509a417d90ed1014408b29	
devel/usr/local/share/gemini/res/swd/ucs2-dev-sid-001-23.swd	file	0o644	1849	3474558ac8bc3a8f97e3131ba06e11c9061a3758daf7d8362e6ee53a3d68b5a6	
devel/usr/local/share/gemini/res/swd/ucs2-dev-sid-001-24.swd	file	0o755	1899	d66a7cb54cd8bdc13a68757f8103722494fc0f6bd88aafaf329de3bc458e310e	
devel/usr/local/share/gemini/res/swd/ucs2-dev-sid-001-25.swd	file	0o644	1421	a8190dd93a3ad4a65303d71597e1ede41b51e43231de7c46b93ce2d41a1d20ec	
devel/usr/local/share/gemini/res/swd/ucs2-dev-sid-001-26.swd	file	0o644	960	e8e5bd4aecae121b6b57391485f115c76d2d7abb3b97d3a37ad2e364bf62a566	
devel/usr/local/share/gemini/res/swd/ucs2-dev-sid-001-27.swd	file	0o644	498	b0f13fca581c96c9148c718c39e99eea39a8c9e8b2d4677a69cf11f5bf49e7e9	
devel/usr/local/share/gemini/res/swd/ucs2-dev-sid-001-28.swd	file	0o644	655	05c36eb22a1df3394e57c8980df6758387217d8030dd52c6922a8f9f9351d67e	
devel/usr/local/share/gemini/res/swd/ucs2-dev-sid-001-29.swd	file	0o644	441	17e6bcdb7b4c4a38ae7c3664eeda10cdcc50d9c64b8eae4242ef23c968a652c0	
devel/usr/local/share/gemini/res/swd/ucs2-dev-sid-002-00.swd	file	0o644	214	e7deb0994283b460ec35968d38637f7da297174bf6f578cf88839832398b32d2	
devel/usr/local/share/gemini/res/swd/ucs2-dev-sid-003-00.swd	file	0o644	219	8336bab8885ccfc9f529f7b2bf67e40a1c9aa099aa5c4bae5d65be3dfd5a4f7c	
devel/usr/local/share/gemini/res/swd/ucs2-dev-sid-004-00.swd	file	0o644	228	dbc4fa45c364ba12578acca04bdfbe99b55f7d35117685a1d58b4d5d37c72094	
devel/usr/local/share/gemini/res/swd/ucs2-dev-sid-005-00.swd	file	0o644	358	55c53c55ef76413955d0ce2e49776d91a401a8301d9ddc276ea99ad2cf44713c	
devel/usr/local/share/gemini/res/swd/ucs2-dev-sid-006-00.swd	file	0o644	240	5539eb46f5b91d1cf46b2d9bcda6f2a64e9225ae76db36e58ad6eaecea87b785	
devel/usr/local/share/gemini/res/swd/ucs2-dev-sid-007-00.swd	file	0o644	274	e495bcabb70a0749e7fff1ecacc2a45399fd520ab80b8ec7e0a2afd0737cbb8d	
devel/usr/local/share/gemini/res/swd/ucs2-dev-sid-008-00.swd	file	0o644	316	fc0384aadd4ae85ebe711633d381dbef0c54cab495c9cb258f4874ad9b4dd550	
devel/usr/local/share/gemini/res/swd/ucs2-dev-sid-009-00.swd	file	0o644	292	af0f660ce4893c35c1f308ce0bb0296dcd7bc26603dd125763c7fd5a63b4902d	
devel/usr/local/share/gemini/res/swd/ucs2-dev-sid-010-00.swd	file	0o644	234	b566a0c437181b3129571c14e82ced7d167581a63e4c753bf79f156cba60f6ba	
devel/usr/local/share/gemini/res/swd/ucs2-dev-sid-011-00.swd	file	0o644	238	4af62045f7dabd0e3b11f20efcfab3844d76491918175f23d1435c29a1c50748	
devel/usr/local/share/gemini/res/swd/ucs2-dev-sid-012-00.swd	file	0o644	227	68c7b59fbd0c30f0694dabf604758abc24afb0125a1c709cf8746954c638c374	
devel/usr/local/share/gemini/res/swd/ucs2-dev-sid-013-00.swd	file	0o644	285	ad8e96313a3b63b71ddef7e9cce98b29554631bf3cfc2b5a061466308dec342f	
devel/usr/local/share/gemini/res/swd/ucs2-dev-sid-014-00.swd	file	0o644	291	ee226c76c048b686347985145adf1640236d2ea739addb0965277e55dfa846bc	
devel/usr/local/share/gemini/res/swd/ucs2-dev-sid-015-00.swd	file	0o644	246	90bdf1961fb033c9fea5e7031f72791ab5de40722d1c6e593847d186968e4dec	
devel/usr/local/share/gemini/res/swd/ucs2-dev-sid-016-00.swd	file	0o644	281	524b4f5ba5ca14b668c9bb042a4f807baf0436b20e9db2ed8f5b79ec09fa0ef3	
devel/usr/local/share/gemini/res/swd/ucs2-dev-sid-017-00.swd	file	0o644	256	80f65f78b84d059d87dfe9b022674d3497538dc84a880d9568330783241c61c1	
devel/usr/local/share/gemini/res/swd/ucs2-dev-sid-018-00.swd	file	0o644	487	9b0a94892e35e40363fbf8be7239a53d0d899d26329e42a8964051a7270948d4	
devel/usr/local/share/gemini/res/swd/ucs2-dev-sid-019-00.swd	file	0o644	210	11408b33604aeb3495e9adfa56bebf708d98d0a051e9870a02779f6bb6d33225	
devel/usr/local/share/gemini/res/swd/ucs2-dev-sid-020-00.swd	file	0o644	243	59ea6fe45b3bb17d64ff3dbaa84ea851f83d26075f79d6013fc7f24b7b72e6c6	
devel/usr/local/share/gemini/res/swd/ucs2-dev-sid-021-00.swd	file	0o644	256	2659b7c7b25837a23992b6cb5e7a4f488bf01ce5e826aae99ec6b4294451b247	
devel/usr/local/share/gemini/res/swd/ucs2-dev-sid-022-00.swd	file	0o644	220	69b99ef02f3fbdd78410799d7dbd4bf17414a6f4bad2b0a286c9beb73775782d	
devel/usr/local/share/gemini/res/swd/ucs2-dev-sid-023-00.swd	file	0o644	204	5788d142f48347800a40feaa6e19efb30e53bcdd864195d66135a187d267d57e	
devel/usr/local/share/gemini/res/swd/ucs2-dev-sid-023-01.swd	file	0o644	256	8b2e0e90160762b10e7b9300f01be41894addac8f00bd72bb77bdea5c2dc7a7d	
devel/usr/local/share/gemini/res/swd/ucs2-dev-sid-023-02.swd	file	0o644	207	58279d7bece3690a8319a6cdda4cf0a1dcfe66f599cfe1d2e8d17831b10a1757	
devel/usr/local/share/gemini/res/swd/ucs2-dev-sid-023-03.swd	file	0o644	226	98eb0996cb04c580186eff690bcbf96c7ad1bf02436850c562ecb38ce4cad15e	
devel/usr/local/share/gemini/res/swd/ucs2-dev-sid-024-00.swd	file	0o644	273	dc67c4343ac11946309b384a5242bbf09b86cfa979e2ff738b4e15094a232ee7	
devel/usr/local/share/gemini/res/swd/ucs2-dev-sid-025-00.swd	file	0o644	231	1fd29e9563ccb67b22f12446fe7a2547a1c36f31c268d0539d727ff8ffb5b819	
devel/usr/local/share/gemini/res/swd/ucs2-dev-sid-026-00.swd	file	0o644	267	cf003da1b1f3e1b4034ef64258d0883ccdf5a443b1ba0fe3b4fbc7de3658ed0e	
devel/usr/local/share/gemini/res/swd/ucs2-dev-sid-027-00.swd	file	0o644	267	59b0bffc2918dcd48a0368156e0d14989a09ae43bfe4e615c5bd71366416c445	
devel/usr/local/share/gemini/res/swd/ucs2-dev-sid-028-00.swd	file	0o644	242	90ea86005e336359ae7f41d5307e32c2928790bc0c42575daee40db097c66eb5	
devel/usr/local/share/gemini/res/swd/ucs2-dev-sid-029-00.swd	file	0o644	236	04436e68f093b06d213f0cd3a24895c65aae564c6b97f150dc6931039d7447f4	
devel/usr/local/share/gemini/res/swd/ucs2-dev-sid-030-00.swd	file	0o644	275	98a52ca7908ee369b8b6b0babfc103b4c226d54008539eff60f3eccc5f31f3ea	
devel/usr/local/share/gemini/res/swd/ucs2-dev-sid-031-00.swd	file	0o644	262	fd1fe9098f8fd601860961fc6d31b11d219c83b18e70a1b1cf18779c7ad257e1	
devel/usr/local/share/gemini/res/swd/ucs2-dev-sid-032-00.swd	file	0o644	336	ccf9c80cd51b07f6acfcc25b26d985b5b38a3c4aa83adefd066b6c05dedd7728	
devel/usr/local/share/gemini/res/swd/ucs2-dev-sid-033-00.swd	file	0o644	269	b155c4d6a45e82271973e12444e87184e4ab94f35d565b5a3ae74cdc5429eeef	
devel/usr/local/share/gemini/res/swd/ucs2-dev-sid-034-00.swd	file	0o644	310	c272fc96e7263ecef6fcdd549df8c9597e8b0a8c827395d766c1b8a7deee02a0	
devel/usr/local/share/gemini/res/swd/ucs2-dev-sid-035-00.swd	file	0o644	239	ec10db90937a4771077e304dd06a288424e2cfef77869c4095cb16960c427673	
devel/usr/local/share/gemini/res/swd/ucs2-dev-sid-036-00.swd	file	0o644	228	daa764eda755dc8f1e0d7c01fbb1b5c5f97a959031413e6a057d3917fa832a20	
devel/usr/local/share/gemini/res/swd/ucs2-dev-sid-037-00.swd	file	0o644	236	468d66fe04afadc6f675acc6363ecb9fea1c65c3c76f91deeaa34bcfb47edc75	
devel/usr/local/share/gemini/res/swd/ucs2-dev-sid-038-00.swd	file	0o644	261	8f85d5880be36ce06b94ede4aec56a1f1f20fa8588df0fc720d90de6fe1f271c	
devel/usr/local/share/gemini/res/swd/ucs2-dev-sid-039-00.swd	file	0o644	197	1bd09cec336a8f4c9bee1aa48b303ff8a1a0f2688797581f30ab6dcdc88aba12	
devel/usr/local/share/gemini/res/swd/ucs2-dev-sid-040-00.swd	file	0o644	197	f55e51ddef5f926530cb69fb8f85490b74a94e56646d2c8208dd361140386734	
devel/usr/local/share/gemini/res/swd/ucs2-dev-sid-041-00.swd	file	0o644	203	437e9cba806f5be8c15afe6ee6158eba082acc3b958c11bd7badb7913bd23543	
devel/usr/local/share/gemini/res/swd/ucs2-dev-sid-042-00.swd	file	0o644	264	13a267612884e0c0bd00412c403bf7c43f89cdbd5a9900edefa542938b80e363	
devel/usr/local/share/gemini/res/swd/ucs2-dev-sid-043-00.swd	file	0o644	308	2421dfeec237061f1801b91798c93b7a8f40ae5ff6804cadffc1f0777133deee	
devel/usr/local/share/gemini/res/swd/ucs2-dev-sid-044-00.swd	file	0o644	246	36f157b72e0e530b9f8907f4d39fe006790cc532504c8a2473b631c4ceac71ee	
devel/usr/local/share/gemini/res/swd/ucs2-dev-sid-045-00.swd	file	0o644	258	5867150998ec6ba9781fa769558a0aa6581d7fcf4e3e17de50150558638c81a4	
devel/usr/local/share/gemini/res/swd/ucs2-dev-sid-046-00.swd	file	0o644	239	ac7ab84306ede8cff60c51312b425d850dfc701bedc1e889080d9b6e384a8a28	
devel/usr/local/share/gemini/res/swd/ucs2-dev-sid-047-00.swd	file	0o644	242	1c8069856c030f22ca501f402ce088b7f57066e093fd56a8c3abb17d8d25b2c2	
devel/usr/local/share/gemini/res/swd/ucs2-dev-sid-048-00.swd	file	0o644	239	a58bd080834463cf7db2fd76cbc04a4a733398a0a20084d6ca73708f44d4603a	
devel/usr/local/share/gemini/res/swd/ucs2-dev-sid-049-00.swd	file	0o644	239	ee21144b0d7c73e3ee0ffed7fd9266e0f9c981b1ccaab406ce20d64f72933aac	
devel/usr/local/share/gemini/res/swd/ucs2-dev-sid-050-00.swd	file	0o644	1209	0bb126a1109fca9ae630f19d36cc1b092950cb2c561c5f386003a3d49684129f	
devel/usr/local/share/gemini/res/swd/ucs2-dev-sid-050-01.swd	file	0o644	1894	3417e462591140feac4ae8281f1199a82570ca0a82f94d2d311e6a96fe3f3fee	
devel/usr/local/share/gemini/res/swd/ucs2-dev-sid-050-02.swd	file	0o755	809	c0c5ac3cc3ec06341929ef50bc882e1b2bdeecb8fe7ec709041144795f011019	
devel/usr/local/share/gemini/res/swd/ucs2-dev-sid-050-03.swd	file	0o755	1730	147057ab018be812273b317db3b098bcc42456ce40b63cd2739a288c2bad77b4	
devel/usr/local/share/gemini/res/swd/ucs2-dev-sid-050-04.swd	file	0o755	779	40ada65396dc7cc9715f26be835b5311f5e7aa4b4a49b07058859f70a5877b8b	
devel/usr/local/share/gemini/res/swd/ucs2-dev-sid-050-05.swd	file	0o755	633	15d7e2ceb6f73049b2f980182c6b0ea50a194581490066e850da8cf826aa7f2a	
devel/usr/local/share/gemini/res/swd/ucs2-dev-sid-050-06.swd	file	0o755	1918	b3f2891b6fb851e5d3d20ddaaf6409542e06ba5960feff69b552ea1c4abd7cc5	
devel/usr/local/share/gemini/res/swd/ucs2-dev-sid-050-07.swd	file	0o755	1844	7227b48ee09eb773f43d439b7d7a74578ea09194da2be5143f66d3c56a4b28d9	
devel/usr/local/share/gemini/res/swd/ucs2-dev-sid-050-08.swd	file	0o755	702	f95bee028d233248766844eac7007c2e9f1922efda15497d9e6780061ed7d9d6	
devel/usr/local/share/gemini/res/swd/ucs2-dev-sid-050-09.swd	file	0o755	2016	0aab9106a0a7e8f87991dc6fab37ad812aee9326f421f345c5f7e1ca4fa46fd6	
devel/usr/local/share/gemini/res/swd/ucs2-dev-sid-050-10.swd	file	0o644	662	58b095421d0f72083ccbd21340e4959bad36433c3bd6e717a29da8bd391b62b4	
devel/usr/local/share/gemini/res/swd/ucs2-dev-sid-050-11.swd	file	0o644	1875	3068d6340bfbfc6f2e4ee75eee95b4533290dd1849a03936c1e89a13c179ceda	
devel/usr/local/share/gemini/res/swd/ucs2-dev-sid-050-12.swd	file	0o755	771	73fe95da3722a704ae52ce803dec2f429b6de856f851344e238bd1ec159b00b2	
devel/usr/local/share/gemini/res/swd/ucs2-dev-sid-050-13.swd	file	0o755	920	7a7c2ec3f03601122e465826259dffd73a5b474213aa42de7bfffa29ac3c1a90	
devel/usr/local/share/gemini/res/swd/ucs2-dev-sid-051-00.swd	file	0o644	407	ad49839b3a32d1706810b5f7a47a2ee9443bfe5462739666a01c32a1273d112e	
devel/usr/local/share/gemini/res/swd/ucs2-dev-sid-052-00.swd	file	0o644	288	5cc44758dd579177bcab4477604b88940121d59ed56ec3d18671eb71e31954cb	
devel/usr/local/share/gemini/res/swd/ucs2-dev-sid-052-01.swd	file	0o644	131	813a10beaf581116a3cc8e49737e054598c80703e030844c12fad2e9b615399c	
devel/usr/local/share/gemini/res/swd/ucs2-dev-sid-053-00.swd	file	0o644	1192	87531db670a0fddfe0f9aec870c3c3b8d0365c18f538abd354abba1bbf35de48	
devel/usr/local/share/gemini/res/swd/ucs2-dev-sid-053-01.swd	file	0o644	928	e00464ac1cafffc0a5afdb199d0cd1d8a22f73d8331be51e68c07a1fbabb4010	
devel/usr/local/share/gemini/res/swd/ucs2-dev-sid-053-02.swd	file	0o755	1200	8f464ee2e584966bff2be2a28359da2225cea832f825c098d6a483fb9fa84b05	
devel/usr/local/share/gemini/res/swd/ucs2-dev-sid-053-03.swd	file	0o755	1116	64931b1d2d74de7ee2a1e8777d8a2b7416d22e5ec8d5480b5a651d2b1683069d	
devel/usr/local/share/gemini/res/swd/ucs2-dev-sid-053-04.swd	file	0o755	1111	b83f84ff2ba6335ea31a9fb67f3e99e07cd88f8a5d38a40fe6682482daee41f9	
devel/usr/local/share/gemini/res/swd/ucs2-dev-sid-053-05.swd	file	0o755	1097	5897f136bfd1e3b071739f8a59b0cd3529e9dcd09ed1a9a066787ee8b75b6d8c	
devel/usr/local/share/gemini/res/swd/ucs2-dev-sid-053-06.swd	file	0o755	1122	7cc0b0b56ad43374e7bbdb4d6674831bfc44ffc083df9b0b5b618e0a0de52102	
devel/usr/local/share/gemini/res/swd/ucs2-dev-sid-054-00.swd	file	0o644	698	ec956ddf1616eb3c2ea3ab1114dc387b69d7427d061dcb14b3f77335e8931556	
devel/usr/local/share/gemini/res/swd/ucs2-dev-sid-054-01.swd	file	0o644	429	8cc5ec648e147f5f2c59d9201e1647b7377d8dc51a45a52f4b5dc41f43cc44e9	
devel/usr/local/share/gemini/res/swd/ucs2-dev-sid-055-00.swd	file	0o644	250	151068686195d610d328ff5a1a161f5f0012ebbfc8b561598782ae926578d71e	
devel/usr/local/share/gemini/res/swd/ucs2-dev-sid-056-00.swd	file	0o644	304	7903a8a3a5e1695bdb55e4040b748001492867bee669080ace26196324e4809f	
devel/usr/local/share/gemini/res/swd/ucs2-dev-sid-057-00.swd	file	0o644	1579	b17ae884f057ed72f8fe8b6332a3444c0c005cbc927d4ec38a2d60ef07de8642	
devel/usr/local/share/gemini/res/swd/ucs2-dev-sid-057-01.swd	file	0o644	1061	1a052fff77e1049a05c7a7f421af8a37ea7988fb7bfba349cbdfc9d16474c1d7	
devel/usr/local/share/gemini/res/swd/ucs2-dev-sid-057-02.swd	file	0o644	450	741fc2dfa737eb8e1a25899e6e7ddad33b9ecb8ec7d212c8adbf8ebc19d550f7	
devel/usr/local/share/gemini/res/swd/ucs2-dev-sid-057-03.swd	file	0o644	594	30125ef418fc326f5d3f995f28dfe5fbf07ed8ef3902f1bed6d7c015da963ef6	
devel/usr/local/share/gemini/res/swd/ucs2-dev-sid-058-00.swd	file	0o644	492	752d0b9fe4ec750b90c8f3e06908609bbdb0dcc4fad1cc4de7c2a75b2fe70c67	
devel/usr/local/share/gemini/res/swd/ucs2-dev-sid-058-01.swd	file	0o644	353	d9abc328e7ebfe8f5c41dcf41a736ac791329294b6478232a31d4d8e8a6325de	
devel/usr/local/share/gemini/res/swd/ucs2-dev-sid-059-00.swd	file	0o644	259	4c70ce2e822c34f47835d4d0b8deb29858168b7ada7c065abc9c8d8071762705	
devel/usr/local/share/gemini/res/swd/ucs2-dev-sid-060-00.swd	file	0o644	267	a31f43e071ae10ae7023034ee08f36ce26626bc21c32d2a01e59292515131cca	
devel/usr/local/share/gemini/res/swd/ucs2-dev-sid-061-00.swd	file	0o644	250	6db0e8d2e3ca2aa7431b052b6b9569904cfbed2442672625d13bf4aadf9caaa1	
devel/usr/local/share/gemini/res/swd/ucs2-dev-sid-061-01.swd	file	0o755	606	da5f5dabfa8a731c1f4077ed1d9c5e4b9a992cdce5db4f823c35fc7dafa8a9cf	
devel/usr/local/share/gemini/res/swd/ucs2-dev-sid-062-00.swd	file	0o644	256	9acef1398f6ee24d093d467ecc1edac98f07a5ea8c09f98dc0a9f080b141e6d0	
devel/usr/local/share/gemini/res/swd/ucs2-dev-sid-063-00.swd	file	0o644	400	2f55ff53a9bf2aa1d570a1b0a643c45e6ca0927edaebbe96cea57e4246283ceb	
devel/usr/local/share/gemini/res/swd/ucs2-dev-sid-063-01.swd	file	0o755	421	5b6de3a6cd9dca525e2e564b90f63fa66019240ca21389f96e4a9129a6418d85	
devel/usr/local/share/gemini/res/swd/ucs2-dev-sid-063-02.swd	file	0o755	400	b6f5125d40d51a9c5be16a14b05aace19fb6f70dc21f08ac42b1c42d2f4d062e	
devel/usr/local/share/gemini/res/swd/ucs2-dev-sid-063-04.swd	file	0o755	298	050790007d0fb6471f22aeef8bc5dae6f34fbde64a2fe026cf047684851d31f3	
devel/usr/local/share/gemini/res/swd/ucs2-dev-sid-063-05.swd	file	0o755	472	5502663248bc162a7a47274df4339a7c25065b1ee4579c7fd885273f0abe14af	
devel/usr/local/share/gemini/res/swd/ucs2-dev-sid-063-06.swd	file	0o755	421	f5f0d0d570673c0ff5b1ca8d00b4cacb42e3b29a5df4ff8eb4c02bf67bc4a541	
devel/usr/local/share/gemini/res/swd/ucs2-dev-sid-063-07.swd	file	0o755	420	ea5b234e3626b3cfbc4d4d10d84cc86d2b96af1c0ad58dbe7d851a47a440c25d	
devel/usr/local/share/gemini/res/swd/ucs2-dev-sid-064-00.swd	file	0o644	273	762942a97b2cc7b5a748d2579bfbb898fada073e6d4dfc2e38a97fa6f9336ef2	
devel/usr/local/share/gemini/res/swd/ucs2-dev-sid-065-00.swd	file	0o644	264	3965df8b2371de753c3ad9985cda8056919d78eda1ac1a5d16f7c32a7058d072	
devel/usr/local/share/gemini/res/swd/ucs2-dev-sid-066-00.swd	file	0o644	289	0838391404930319bfbf911fc6edfaa3f4c30b90ce221b34565febc4a91cf2e2	
devel/usr/local/share/gemini/res/swd/ucs2-dev-sid-067-00.swd	file	0o644	403	d1d0057ac1acb524f8b59a4ac76ad7f591822bb3641ca69ecdd74703f1a0a004	
devel/usr/local/share/gemini/res/swd/ucs2-dev-sid-068-00.swd	file	0o644	239	248ba1543d0e4aa60f3296c5c06734d92f276151739505dfc8adfcef959253d4	
devel/usr/local/share/gemini/res/swd/ucs2-dev-sid-069-00.swd	file	0o644	365	757b7dd81acd04cb4b034644b966bfb9c111da61b2618d17452d07bbcbbacf7f	
devel/usr/local/share/gemini/res/swd/ucs2-dev-sid-069-01.swd	file	0o644	365	d747370b6c621ca1eab11961943a9c55a06cc12ebdf7458690b58841db44fb58	
devel/usr/local/share/gemini/res/swd/ucs2-dev-sid-070-00.swd	file	0o644	348	5aa71cc09c515d288d626d9c79b968757e11db7d642613ae819ffe98bf6e2b36	
devel/usr/local/share/gemini/res/swd/ucs2-dev-sid-071-00.swd	file	0o644	239	36715d61c1e49cf30d57725ccfbae895d15626b797cdae7e7d2d7fbefd9e58f8	
devel/usr/local/share/gemini/res/swd/ucs2-dev-sid-072-00.swd	file	0o644	225	a3ee671ffc696fcb95bfeeec1885cb64da974593d30829b76498e5764b446b70	
devel/usr/local/share/gemini/res/swd/ucs2-dev-sid-073-00.swd	file	0o644	269	3da19d3de36fb3c2e964895b0da351e8f7991eea9b39fb1cf6d266e619043bff	
devel/usr/local/share/gemini/res/swd/ucs2-dev-sid-074-00.swd	file	0o644	329	3205fde4b40d6a4ff2b3d82e545d9fcf457d0f187df6752dd2eeb6b0ecc61633	
devel/usr/local/share/gemini/res/swd/ucs2-dev-sid-075-00.swd	file	0o644	246	33afe59c1d923fb3b68d11c6e997aed4e9f7233f96f41e0ca32fb65b308505f4	
devel/usr/local/share/gemini/res/swd/ucs2-dev-sid-076-00.swd	file	0o644	253	387a7293a01dfa710130a3d906de542ea322bad6d80ce7a579eff3b01d3eaab1	
devel/usr/local/share/gemini/res/swd/ucs2-dev-sid-077-00.swd	file	0o644	471	256103c91d6fc7a6641f638459cc34e78f25d0fd65cdb685dc3cce419adec67b	
devel/usr/local/share/gemini/res/swd/ucs2-dev-sid-078-00.swd	file	0o644	334	8b8881ff8c335b8e3983ca1bd28476bece58a475fada3f3040defd3d50783a8c	
devel/usr/local/share/gemini/res/swd/ucs2-dev-sid-079-00.swd	file	0o644	299	d793311fbcb20b0b52dc4c23c26563c8e26788df65d8d92f383ee937c9c21d8e	
devel/usr/local/share/gemini/res/swd/ucs2-dev-sid-080-00.swd	file	0o644	1253	695ce27547834971b874e81b847a35ac298b22c9ede8c2ff67a152e605263ea2	
devel/usr/local/share/gemini/res/swd/ucs2-dev-sid-081-00.swd	file	0o644	233	a35920d6e90ae37eedde8516930f99426716700f7145346ff1632712604b8da8	
devel/usr/local/share/gemini/res/swd/ucs2-dev-sid-082-00.swd	file	0o644	234	863b63dba4595ddcec491d47b6744a831507a270235c2b2ea328162527ba8fcb	
devel/usr/local/share/gemini/res/swd/ucs2-dev-sid-083-00.swd	file	0o644	268	4db5460a913fc0936dbfeea3e562e2f72abdd1a14f0cb518bfbfc3f60712d4e5	
devel/usr/local/share/gemini/res/swd/ucs2-dev-sid-083-01.swd	file	0o644	183	a4aa741d99276c0603adb919055880b20ef34ef15403b69bf61a221cf6a5294d	
devel/usr/local/share/gemini/res/swd/ucs2-dev-sid-084-00.swd	file	0o644	235	f418944cef7001ebfbc1b94254a1abc4ebd1084f1554683647df987316aeebe2	
devel/usr/local/share/gemini/res/swd/ucs2-dev-sid-085-00.swd	file	0o644	325	e9e2836aa21cdda4ad61e4b3335f3be654e3b5130bfef6d4acddbde957ab2a1e	
devel/usr/local/share/gemini/res/swd/ucs2-dev-sid-085-01.swd	file	0o755	365	a32243e5b8b1b46aa6a3d35af2ab9c6fa23a5808ba805a544fa3de373f5ec80a	
devel/usr/local/share/gemini/res/swd/ucs2-dev-sid-086-00.swd	file	0o644	239	e8849db6ab791b2aeeeb086cf3e3fe1aec044be36eed7a9021590793fe9763c6	
devel/usr/local/share/gemini/res/swd/ucs2-dev-sid-087-00.swd	file	0o644	353	a1dfeba7345ac7a392cf63ca7d5f25b00e7dcae8f3d00896883f13888c772f2d	
devel/usr/local/share/gemini/res/swd/ucs2-dev-sid-088-00.swd	file	0o644	233	d07a534e6d47a3fb5776115e60bd4e4d806942b30c9e3ec0c617f5e99a006c7e	
devel/usr/local/share/gemini/res/swd/ucs2-dev-sid-089-00.swd	file	0o644	248	7143f842cd2aedf32e7d22e4ba727af2ac3619b202b39a7bad61f4b53e274651	
devel/usr/local/share/gemini/res/swd/ucs2-dev-sid-090-00.swd	file	0o644	248	e4f822c6152f2b477ca147e0c22e3d6d50338a769bfe0df3af37a2016b9b49f9	
devel/usr/local/share/gemini/res/swd/ucs2-dev-sid-091-00.swd	file	0o644	235	74556bd00e37dde76d1b23778d27077eb96bb678e9ccc44e4ab9588f3720b451	
devel/usr/local/share/gemini/res/swd/ucs2-dev-sid-092-00.swd	file	0o644	346	f712f6f26130971577d48189fac1a5103b80067e0341c5cee00dda27c623eb95	
devel/usr/local/share/gemini/res/swd/ucs2-dev-sid-093-00.swd	file	0o644	347	53dce478c2811e1bf28311e4460b72039110578392b0213da834786733c67527	
devel/usr/local/share/gemini/res/swd/ucs2-dev-sid-094-00.swd	file	0o644	416	d9607baee2070a7580560da8903907b32d0754af92997e13a5228c92ebbddf02	
devel/usr/local/share/gemini/res/swd/ucs2-dev-sid-095-00.swd	file	0o644	251	37cc181f66efc1e3a447869c7236f3a795485e01b4cf1c1ae4e5e841a8845439	
devel/usr/local/share/gemini/res/swd/ucs2-dev-sid-096-00.swd	file	0o644	366	25042b9b1cec989ff6583f181975a4e0d675d0ba1286aca6ab0f6b9b0ff8cc5c	
devel/usr/local/share/gemini/res/swd/ucs2-dev-sid-097-00.swd	file	0o644	345	d535f476e6715a97c0de9a892b9369e55865ce4e348264831390300c29000b23	
devel/usr/local/share/gemini/res/swd/ucs2-dev-sid-098-00.swd	file	0o644	221	b9c9f4b80e36c8995aaaefefab04df357f73332cc9e2f703f3876aa3986ad61d	
devel/usr/local/share/gemini/res/swd/ucs2-dev-sid-099-00.swd	file	0o644	281	67fbf79bb1c955f333d566699068b89a641cc1fdc3c974f28e49d490048ad7c0	
devel/usr/local/share/gemini/res/swd/ucs2-dev-sid-100-00.swd	file	0o644	611	567729998f44d73c99d3bf5091e0c9285437022a0a85204475be35f985fead96	
devel/usr/local/share/gemini/res/swd/ucs2-dev-sid-101-00.swd	file	0o644	281	29e556f9e577ded022f59287b7b5223ac9ff9b72b4bbb1c5d3f566e322218ed3	
devel/usr/local/share/gemini/res/swd/ucs2-dev-sid-102-00.swd	file	0o644	395	2c27e755a4d4f9028690f8ac1d19b817b55dbce633bb32c0ca8b4c4c5ff6eba2	
devel/usr/local/share/gemini/res/swd/ucs2-dev-sid-103-00.swd	file	0o644	762	c879a16cb7a9f07ec6c98efcbda99225d03e70f27555663058eeb53a3a2ddb11	
devel/usr/local/share/gemini/res/swd/ucs2-dev-sid-105-00.swd	file	0o644	236	7aff1dd599e92fc00927d5674f0b6aa0a33f3faaa99b1bb4848aab086a4faea3	
devel/usr/local/share/gemini/res/swd/ucs2-dev-sid-105-01.swd	file	0o644	204	ca0e2f2b58e84c7f5be1cc7ddd4f2adf46a6d5d65c8b9f95fddcff2744c245b5	
devel/usr/local/share/gemini/res/swd/ucs2-dev-sid-106-00.swd	file	0o644	343	5ec7826b7504866158b755492cb95ed278afab0918e7003445fb4979a105a9d5	
devel/usr/local/share/gemini/res/swd/ucs2-dev-sid-107-00.swd	file	0o644	364	7baee64c85229bd21b75e2c3d2c89b0960549af804777fa2abba215493b708a1	
devel/usr/local/share/gemini/res/swd/ucs2-dev-sid-108-00.swd	file	0o644	238	412a99073e7c6ac7b21ac66633b745a44b47163bef7d7aa06e3152a6021d8aea	
devel/usr/local/share/gemini/res/swd/ucs2-dev-sid-109-00.swd	file	0o644	235	a4050ae82761691168f2abe43f9004ba2451a25d180831be1a2cca8f8d0c7ed7	
devel/usr/local/share/gemini/res/swd/ucs2-dev-sid-111-00.swd	file	0o644	247	6a51a3d4565ee6e799bd21fe7866de32bbf9a45afefb52c2f4d76326e0e32f6a	
devel/usr/local/share/gemini/res/swd/ucs2-dev-sid-112-00.swd	file	0o644	237	422511a96e657a36e1879327798a8cbfcb44e620897eab9624b7e4aafd8e75e6	
devel/usr/local/share/gemini/res/swd/ucs2-dev-sid-113-00.swd	file	0o644	243	8770cf4440c510944c86b2a0f97ed737bc69ab894661ba97ea2eab3b528d29a5	
devel/usr/local/share/gemini/res/swd/ucs2-dev-sid-114-00.swd	file	0o644	348	c0cf000956dafa77199c4332385d4427333ecf6fbf4636c25a67c72cd398f5ea	
devel/usr/local/share/gemini/res/swd/ucs2-dev-sid-115-00.swd	file	0o644	259	7a189cd48ecd41889b851396f6dcf5ed08157ba21490ac01b070f6943443ec94	
devel/usr/local/share/gemini/res/swd/ucs2-dev-sid-116-00.swd	file	0o644	274	cb8a87057d10ce103e9ab9a83742375fb64af6caaae21efccac9be135bc2779f	
devel/usr/local/share/gemini/res/swd/ucs2-dev-sid-117-00.swd	file	0o644	395	2754e94cb281f284615d2b3adaeb4456e1192624e026b99b8e1dcbf1cbc7457b	
devel/usr/local/share/gemini/res/swd/ucs2-dev-sid-118-00.swd	file	0o644	457	2eac57f5e5c017e383e4ff03c39b86bc6e7f10d939509292b4468cbe6b677e06	
devel/usr/local/share/gemini/res/swd/ucs2-dev-sid-119-00.swd	file	0o644	358	cb2eb272334e95afb3389d1aa5f1b6af7fa55ea544b128bb2427a270106d826e	
devel/usr/local/share/gemini/res/swd/ucs2-dev-sid-120-00.swd	file	0o644	259	27e2a40f34d72641cd6b40f671854f70e126f451e0c8ebc0d08acd14845d1bcf	
devel/usr/local/share/gemini/res/swd/ucs2-dev-sid-121-00.swd	file	0o644	453	bffdaa9f8e5a52ded4a8373ac269c75e1da6cf6ace1a17fd42fa6aeed64fbaec	
devel/usr/local/share/gemini/res/swd/ucs2-dev-sid-122-00.swd	file	0o644	186	98edb28f47542a441ac51f609c7e1a35d4a4b4f4fb332dbe94335bf7b19537c8	
devel/usr/local/share/gemini/res/swd/ucs2-dev-sid-123-00.swd	file	0o644	218	7f9171c6195f8e74165e304f141decf23e0a79d5ca0a9aa77dc1da990709c961	
devel/usr/local/share/gemini/res/swd/ucs2-dev-sid-124-00.swd	file	0o644	628	1ddd4c83357fb47a39cf96ec005996940b39a84d3d1e57e84ae41415c82a92f8	
devel/usr/local/share/gemini/res/swd/ucs2-dev-sid-126-00.swd	file	0o644	1049	5e884336681039bd1bde46e7905de4b1e0eefb9c800db7cb5c5cc451e2549a1b	
devel/usr/local/share/gemini/res/swd/ucs2-dev-sid-126-01.swd	file	0o644	193	4530d1f489bcab729adc41c457c5ef24bc7a8fa0fa706828c4398accb6b7b1a2	
devel/usr/local/share/gemini/res/swd/ucs2-dev-sid-127-00.swd	file	0o644	227	393e01ed6611d292ba3a4ada47d72d3c59de3c73b510a3b8f26ba0fffd7e46c8	
devel/usr/local/share/gemini/res/swd/ucs2-dev-sid-129-00.swd	file	0o644	201	bb857cf20282d31c84eb4c18311ff059dfeb13824367a7e6f636b97580ea94ca	
devel/usr/local/share/gemini/res/swd/ucs2-dev-sid-130-00.swd	file	0o644	334	75dcc69a2980d1a4d95f093bf10b00747cb10d7957bf65508cdbd17862de894e	
devel/usr/local/share/gemini/res/swd/ucs2-dev-sid-131-00.swd	file	0o644	357	790b40f0a39a68abc1434587031eecf4995779e50595c51a7bfbea715089dddf	
devel/usr/local/share/gemini/res/swd/ucs2-dev-sid-132-00.swd	file	0o644	206	893a67f18c561cd8a8ea04cc680f7dbc8dceee86f49105565afab009c1d872f0	
devel/usr/local/share/gemini/res/swd/ucs2-dev-sid-133-00.swd	file	0o644	231	0ecb2aa55ef5451a1fa2c99ca9ebf496e8c403c0a16face2f8c911253ca3f6b0	
devel/usr/local/share/gemini/res/swd/ucs2-dev-sid-133-01.swd	file	0o644	338	928bf015a0aca5653bb4ebface7e4aafa4544251898f542cd2b85bad8a6ea3c7	
devel/usr/local/share/gemini/res/swd/ucs2-dev-sid-135-00.swd	file	0o644	306	a4a97b2f6140c6fd10ede71f28ebf5ca58bbb0d42f54a2699242236929b877ef	
devel/usr/local/share/gemini/res/swd/ucs2-dev-sid-136-00.swd	file	0o644	298	ac0e90c1cb4659b3258ac710eba496bbea18027f0f88ec5ff253443710243346	
devel/usr/local/share/gemini/res/swd/ucs2-dev-sid-137-00.swd	file	0o644	271	1ee47b564e14e63f63b6b73ccb2427575645d7c5dfa9b36e2bc3ac9204b13f85	
devel/usr/local/share/gemini/res/swd/ucs2-dev-sid-138-00.swd	file	0o644	262	3bccc50c13b810e7d2fd26a8f4bab8654a2db691ea16df700e3275dc06195dc5	
devel/usr/local/share/gemini/res/swd/ucs2-dev-sid-139-00.swd	file	0o644	228	9bf55e2545b38c2a6f887656473bbba3eb2ee6a9de50db4900efc6f43b7a1e7b	
devel/usr/local/share/gemini/res/swd/ucs2-dev-sid-140-00.swd	file	0o644	192	097519577ad888c474ae17dde87f61b97158b2d2f9dc5b9bd986bd0a4ed6d448	
devel/usr/local/share/gemini/res/swd/ucs2-dev-sid-141-00.swd	file	0o644	1492	a927bc719fee293a98f3db9e65a90bdfc40590eaaabe4fafa5ccf10945b285e2	
devel/usr/local/share/gemini/res/swd/ucs2-dev-sid-143-00.swd	file	0o644	209	d590ff49d37422ac35aaa6a487eda5c1ebaaa3ebe651dfd1f1622a3ab6c78fcb	
devel/usr/local/share/gemini/res/swd/ucs2-dev-sid-144-00.swd	file	0o644	372	8be11a8860f21f1f6af3f4cf2378014fdf15556c490820bb7d4acd80383f7af9	
devel/usr/local/share/gemini/res/swd/ucs2-dev-sid-145-00.swd	file	0o644	269	aa24c8362e0234300438cdbb46f7cec2632b87ccc27535bdab33efe2280e9d61	
devel/usr/local/share/gemini/res/swd/ucs2-dev-sid-145-01.swd	file	0o644	703	a2c3136098a1a30a2c450bc0da1322f44eca505541c7e4439e76452f79938dd9	
devel/usr/local/share/gemini/res/swd/ucs2-dev-sid-146-00.swd	file	0o644	256	4160d3bb89b2a9c25c97a36ee944406bdebda5cceda79544ff28f46c39db02cc	
devel/usr/local/share/gemini/res/swd/ucs2-dev-sid-147-00.swd	file	0o644	348	7a9005cf1d07bfa49f652b9068da0420cecd3ede6f475acfbd086a41789bcf0b	
devel/usr/local/share/gemini/res/swd/ucs2-dev-sid-147-01.swd	file	0o644	297	21d4574b127c286538f804f458691b2c8abe0404b2b2913764be1a0343cee17b	
devel/usr/local/share/gemini/res/swd/ucs2-dev-sid-149-00.swd	file	0o644	205	f5abeffa0ca48e7c09d0323bc748846ea79309fffb905918e6bd43ccdb27c426	
devel/usr/local/share/gemini/res/swd/ucs2-dev-sid-149-01.swd	file	0o644	165	52f62e7e419b14dab0fc5eb0ca7d66a7e4dae3a927600ab3fe08fc0ab149e4d3	
devel/usr/local/share/gemini/res/swd/ucs2-dev-sid-155-00.swd	file	0o644	249	20ca4cf674ff3f118dbccb00e19a6325ac99dc399114f6d225b2fc623d756c67	
devel/usr/local/share/gemini/res/swd/ucs2-dev-sid-156-00.swd	file	0o644	223	f00fcb87f7915ed7e0d2e4df83ebbc3be28f6e18b3af9e3a036cfe85a2c413b8	
devel/usr/local/share/gemini/res/swd/ucs2-dev-sid-157-00.swd	file	0o644	197	e55d86c7861bcc9928da0bc7ff92fb54d2fa3818d612b07aec16a01ecf3c9040	
devel/usr/local/share/gemini/res/swd/ucs2-dev-sid-158-00.swd	file	0o644	260	ef490a19de3cc99b63c82c2076becb9248f5079567bd120018e403191f068ab4	
devel/usr/local/share/gemini/res/swd/ucs2-dev-sid-159-00.swd	file	0o644	288	225d2a03ba123b0a2f3b716e4e8b50c7b4c030013f95918fdc145dc7776f7175	
devel/usr/local/share/gemini/res/swd/ucs2-dev-sid-160-00.swd	file	0o644	273	5df8ba8dda91a3583fa1e31516bc16b5bb5aab0272120b48b34a268a8481644b	
devel/usr/local/share/gemini/res/swd/ucs2-dev-sid-161-00.swd	file	0o644	405	08dd4fcd591ddeccd0db93ea5575fdf8e5d2d3ccde9ad9fe214e843d0cfa7411	
devel/usr/local/share/gemini/res/swd/ucs2-dev-sid-162-00.swd	file	0o644	191	9ac814b0bab2d47e38170bdec75fea53654b4130b742b707ba60617488bf9fcf	
devel/usr/local/share/gemini/res/swd/ucs2-dev-sid-164-00.swd	file	0o644	190	8d3bee3cd84f748134fc164956f92ccea12fee3a9dc7514548a2c2e332f18aec	
devel/usr/local/share/gemini/res/swd/ucs2-dev-sid-165-00.swd	file	0o644	350	8ff6064b76d56c7a79d1f853421c2fa3120797d6d85dcf8ec2e299548ea4fd3d	
devel/usr/local/share/gemini/res/swd/ucs2-dev-sid-166-00.swd	file	0o644	201	8241281e60779f7648db8b54dc8ccfe672dd0578561a497d81541a3d4eaf6d83	
devel/usr/local/share/gemini/res/swd/ucs2-dev-sid-167-00.swd	file	0o644	343	949c2f1d8e8c921b4c4efc6e0e22b5676e18bb89246aee661a8df62265587b0f	
devel/usr/local/share/gemini/res/swd/ucs2-dev-sid-168-00.swd	file	0o644	322	d64591e423e0f12b41e69337a7c4c027477c1574d7549754c071a7d5df278313	
devel/usr/local/share/gemini/res/swd/ucs2-dev-sid-169-00.swd	file	0o644	248	0b51e4e0dee943d61e2884fc5bad2f02ad456c8447e3154bb6079c65889323e2	
devel/usr/local/share/gemini/res/swd/ucs2-dev-sid-170-00.swd	file	0o644	326	568c30fedbce4156c334bb2728eee479ca70e3a6472b5bf5732751308f525303	
devel/usr/local/share/gemini/res/swd/ucs2-dev-sid-171-00.swd	file	0o644	267	58a120c4b10dde2071c4401df69c7457d8b672e505857027857bb2c10525300b	
devel/usr/local/share/gemini/res/swd/ucs2-dev-sid-172-00.swd	file	0o644	267	cadea4dd4fc123f20ce0f4fa3ed7288678b6f95cbd727191bbf1bd8cad2021dd	
devel/usr/local/share/gemini/res/swd/ucs2-dev-sid-173-00.swd	file	0o644	283	fa90bd4ad0079a0d63ff3ef7a84dd7b2e5e0e64ad2b088738b3cc62c6e5de87c	
devel/usr/local/share/gemini/res/swd/ucs2-dev-sid-174-00.swd	file	0o644	282	528e0db1d532a47b6a6be9ee1be88e47b866b4ae9c4220d92ccb848afac084a2	
devel/usr/local/share/gemini/res/swd/ucs2-dev-sid-175-00.swd	file	0o644	277	fb93b60e77abd6be8d73915eedc9e9e112de8be4915e63d614e9134eefaf553f	
devel/usr/local/share/gemini/res/swd/ucs2-dev-sid-176-00.swd	file	0o644	288	f7dfbd6d3961a516f8178ab1b3681700ddec3602901b74378a311a31152ff10b	
devel/usr/local/share/gemini/res/swd/ucs2-dev-sid-177-00.swd	file	0o644	289	619d7e4b7ef797bafc9e0ef452061358f0b5fbbd26ba9d85a6ec3318fdfaa65b	
devel/usr/local/share/gemini/res/swd/ucs2-dev-sid-178-00.swd	file	0o644	272	c3329f51536d9faeffff58e99932c3d5053deacfd4de2124cb7728666d7f29ca	
devel/usr/local/share/gemini/res/swd/ucs2-dev-sid-179-00.swd	file	0o644	272	210714ce191aad268527414e79c07926d3a7901724bb283a9cb00941ac55e4c8	
devel/usr/local/share/gemini/res/swd/ucs2-dev-sid-180-00.swd	file	0o644	280	0dc9660ce114ee23197ecf5dd9c47c0118af216ac7dc9063e76abf83717e016f	
devel/usr/local/share/gemini/res/swd/ucs2-dev-sid-181-00.swd	file	0o644	266	abfbddb1f015a74ad4e845845c657205f7195cd9c0b9c2657c831c5233974c89	
devel/usr/local/share/gemini/res/swd/ucs2-dev-sid-182-00.swd	file	0o644	275	e93be81e5d65a3a8690f6872f640dfe0f2e28770f6d37be525c0bef653cc8e30	
devel/usr/local/share/gemini/res/swd/ucs2-dev-sid-183-00.swd	file	0o644	269	670f749a8af048bddf23e4b380746b60e59fc20db637ee2e04ac0ffb70f4e2c9	
devel/usr/local/share/gemini/res/swd/ucs2-dev-sid-184-00.swd	file	0o644	283	db4fe5b5b636fff4d956a01ac5499f74287bfe2c9d867389b411b714bc957746	
devel/usr/local/share/gemini/res/swd/ucs2-dev-sid-185-00.swd	file	0o644	181	7f275f4fb01a76b9a3b3227f7075d80ebd83bdd1b32af83cffe1c64d233fed1a	
devel/usr/local/share/gemini/res/swd/ucs2-dev-sid-186-00.swd	file	0o644	266	fbdfd243bc202635405ec092acb784d8655dd5eb164414654e6e41ccf7319775	
devel/usr/local/share/gemini/res/swd/ucs2-dev-sid-187-00.swd	file	0o644	231	2f33d741bbf9853b1a37fc45f06c1eb2f3ba6004353fe80d044e368373463a1d	
devel/usr/local/share/gemini/res/swd/ucs2-dev-sid-188-00.swd	file	0o644	197	50d3fdf796d70dab0a90bb432083d8d920becef9cbdcda2756433000589b13f5	
devel/usr/local/share/gemini/res/swd/ucs2-dev-sid-189-00.swd	file	0o644	227	bd7322faa10cf34334b7de2b687557ad1a44dd8108032cc400af082102e499c9	
devel/usr/local/share/gemini/res/swd/ucs2-dev-sid-190-00.swd	file	0o644	229	598456a389e31df80c14940aabe87e3584eadafd0aecfca0b2057a0fdcfb91e0	
devel/usr/local/share/gemini/res/swd/ucs2-dev-sid-191-00.swd	file	0o644	206	fde25018665bc7c62f7902f1f37e46ce6bf33f8221b14232fe757130dcdaeb20	
devel/usr/local/share/gemini/res/swd/ucs2-dev-sid-192-00.swd	file	0o644	210	18e22bf646ef013c6ffa2d4a34d86bb062688db6e329597b4e08ba6545e3d8a8	
devel/usr/local/share/gemini/res/swd/ucs2-dev-sid-193-00.swd	file	0o644	165	506cadfc8b19ae5f8f1724041d4a27be43e2baf4c0ef69e2765164e9abf0de8e	
devel/usr/local/share/gemini/res/swd/ucs2-dev-sid-194-00.swd	file	0o644	311	ba7ed6c4f6f49208eead71e7c3b9d215bdae3ff002ba938bef86510e93aec859	
devel/usr/local/share/gemini/res/swd/ucs2-dev-sid-195-00.swd	file	0o644	277	a04076b4f370cd33dc8dfe2107829a029be27013115bf16822f23d1638425909	
devel/usr/local/share/gemini/res/swd/ucs2-dev-sid-196-00.swd	file	0o644	239	45bc6b6d878625a2a8e6dedb0793b43e20ffa45940b58e05729dc99f17c6b75f	
devel/usr/local/share/gemini/res/swd/ucs2-dev-sid-197-00.swd	file	0o644	247	5b8d441e3d72a195f2b7a4c6b348fe268df9a761205a3f3e108cf98117cb889e	
devel/usr/local/share/gemini/res/swd/ucs2-dev-sid-198-00.swd	file	0o644	190	16235b16de751adb1528449e30cb279d25148a56406dfe60b91cb1f572a60a56	
devel/usr/local/share/gemini/res/swd/ucs2-dev-sid-199-00.swd	file	0o644	207	1ff9a0fe194511851fad2cee91abdbc65b302409532968d9c6fbda24cbf0b1e4	
devel/usr/local/share/gemini/res/swd/ucs2-dev-sid-200-00.swd	file	0o644	237	77062a6607433a22c32bafe1d2f007371ec58d25c4da94776d07ed147a760c16	
devel/usr/local/share/gemini/res/swd/ucs2-dev-sid-200-04.swd	file	0o755	1885	cc397b513a83fd224db0b8a265187ba2c7ec38d2502fb9eacac635771b00b46a	
devel/usr/local/share/gemini/res/swd/ucs2-dev-sid-200-05.swd	file	0o755	1818	56e59169b66def3da8cf83b16f4354de862ae97f6555ba46154c99d89f7c45ee	
devel/usr/local/share/gemini/res/swd/ucs2-dev-sid-200-06.swd	file	0o755	1860	18178f52360acf23aff53400b8ac455bfaa987ec48923afd06d06a04ce49884d	
devel/usr/local/share/gemini/res/swd/ucs2-dev-sid-200-07.swd	file	0o755	1667	b418e4e64956bb4d8a82fa34c41a2ce2db224fb9b997b7283e16605ba89e966b	
devel/usr/local/share/gemini/res/swd/ucs2-dev-sid-200-08.swd	file	0o755	2303	d798921b363c9e058d6b75ebf278b0e5c1c4eaf82883fcdd35223aa83d3ef90d	
devel/usr/local/share/gemini/res/swd/ucs2-dev-sid-200-09.swd	file	0o755	1005	75aada96faf4f915644fa2b3b147de5e5b39674d9f4057ec0fe7911c42e42e9f	
devel/usr/local/share/gemini/res/swd/ucs2-dev-sid-200-10.swd	file	0o755	1459	821aa7a70beacf1fa673805fddbe456af0e539166aa812d35f808730b80ef08d	
devel/usr/local/share/gemini/res/swd/ucs2-dev-sid-200-11.swd	file	0o644	1947	b628517c6c53fa1074746c4eb6a623a5a802501c8411bde7e01b2a7698be2e1d	
devel/usr/local/share/gemini/res/swd/ucs2-dev-sid-200-12.swd	file	0o644	1829	3f8d605f0bd5eae9abbedfe371285d3c59e3f8f0003ba13f6b4bcec0892fecdf	
devel/usr/local/share/gemini/res/swd/ucs2-dev-sid-200-13.swd	file	0o644	2160	3096867344fbefb7504b07a3aecfe346ea5a4b46c2abd274bec51edd01eecca3	
devel/usr/local/share/gemini/res/swd/ucs2-dev-sid-200-14.swd	file	0o644	1479	9f1d02069eca45d56cb6a93b592bdd9da93972bfe9e924c302568ed7c2a0eee8	
devel/usr/local/share/gemini/res/swd/ucs2-dev-sid-200-15.swd	file	0o755	1737	8cd2eb16e46bdaa66ad7e588671f3e16e056f61f449b915909eddc8a7871ba8e	
devel/usr/local/share/gemini/res/swd/ucs2-dev-sid-200-16.swd	file	0o755	1893	09b67e7778f5dcf3dc50ae8215519ada0981a0e6163888d2d2498b0cff3cf3dc	
devel/usr/local/share/gemini/res/swd/ucs2-dev-sid-200-17.swd	file	0o755	2175	15c21654ab808a06f1bc91976f4f8602c374ef6fb974463fe4d31461548afacb	
devel/usr/local/share/gemini/res/swd/ucs2-dev-sid-200-18.swd	file	0o755	1078	629527656f1898e38cf7ec32b7ba788498d88e8caee19977f5483bd729154173	
devel/usr/local/share/gemini/res/swd/ucs2-dev-sid-200-19.swd	file	0o755	1679	d85adb68b5bda4e857e2a7b9eee4e573a2a510f8cb7f9cf642c3f4d89d7ec8d7	
devel/usr/local/share/gemini/res/swd/ucs2-dev-sid-200-20.swd	file	0o755	1659	6ac7a725eb9a2551bc4b0830d5473260b9d2b9eedbbe8f601e21afe798aaf2e5	
devel/usr/local/share/gemini/res/swd/ucs2-dev-sid-200-21.swd	file	0o644	993	8428e581124d3197d86d5716f2ed2a11cb78e650b881a64587a4287f32ba6503	
devel/usr/local/share/gemini/res/swd/ucs2-dev-sid-200-22.swd	file	0o644	2165	059c41d749f4c2036249a7cf83b6bcf86539ff8c2a7478fde8c406852ff6bee7	
devel/usr/local/share/gemini/res/swd/ucs2-dev-sid-200-23.swd	file	0o644	1761	dc82ed13a385530a42e513710c2f2848271fb9e629f641b0b086ab3fb36c88a3	
devel/usr/local/share/gemini/res/swd/ucs2-dev-sid-200-24.swd	file	0o755	1750	870dde156d7a164698930424268fecb3ba50fe3a0c630224602ee36d6d6dd3ec	
devel/usr/local/share/gemini/res/swd/ucs2-dev-sid-200-27.swd	file	0o755	2181	0430b2f72b5737ae920fc13cb6b21e4d27fda592c0645f8bf54b24c6078b97c3	
devel/usr/local/share/gemini/res/swd/ucs2-dev-sid-200-30.swd	file	0o755	988	76c8e5f35c0e74e64e57a79f1f3234e81edc56aee8cb5f65069c81e4c9fc7d87	
devel/usr/local/share/gemini/res/swd/ucs2-dev-sid-200-31.swd	file	0o644	1658	886b0eb10d995d8bccdaaf79ea31ae212b5033a53e061b5930051a677bbcafdd	
devel/usr/local/share/gemini/res/swd/ucs2-dev-sid-200-32.swd	file	0o644	998	e99659ebaf2523b1c7595f00ecd7ba65483687af9c067ef8a8c21d8e93a66dd7	
devel/usr/local/share/gemini/res/swd/ucs2-dev-sid-200-33.swd	file	0o644	2120	cdbedfac1955c05680489ed4b2a8761af0a89b0c3ecae57eee8032f44fd9736d	
devel/usr/local/share/gemini/res/swd/ucs2-dev-sid-200-37.swd	file	0o755	2143	c36ac36c799f3b1a9400aecef221c0d38805bb2d1674dc4097dcd1a16741b67e	
devel/usr/local/share/gemini/res/swd/ucs2-dev-sid-200-38.swd	file	0o755	1186	4ba63f99061bb83066c99c539b8652c0f88a65da62448ea354968b55f9bf9455	
devel/usr/local/share/gemini/res/swd/ucs2-dev-sid-200-39.swd	file	0o644	1146	877d5de2dcce6a3dd2319e1a407a8ab6bb698286e50575044fb0c912dc5d1d63	
devel/usr/local/share/gemini/res/swd/ucs2-dev-sid-200-40.swd	file	0o644	1047	e0c2e185643c55973dd4c23ab85c270b1298523877727e0a217aa0e716d3295e	
devel/usr/local/share/gemini/res/swd/ucs2-dev-sid-200-41.swd	file	0o755	1128	f801cfbee2419ac00cfc84d08be792e1dd5e5ef40b93141d6971d37eaaf2c8c6	
devel/usr/local/share/gemini/res/swd/ucs2-dev-sid-200-42.swd	file	0o755	1086	2e193b052edb8b2e0766983781554e5a47a81f89251882a1231cf2ee3b4f66cd	
devel/usr/local/share/gemini/res/swd/ucs2-dev-sid-200-43.swd	file	0o755	1088	0ca2a56c26fd606979ace4b6591472b64a3c0c56e65a737316a5c9eeb5939cc6	
devel/usr/local/share/gemini/res/swd/ucs2-dev-sid-200-44.swd	file	0o755	1125	f74fec9a817560a4a06b1f6c33a8c2cc851537f3bdde618d24e40b6836398469	
devel/usr/local/share/gemini/res/swd/ucs2-dev-sid-200-45.swd	file	0o644	1130	9a6f263c0f3e572a5023680ec846a4cdbce1c3260166d3931c9f345fc952c71d	
devel/usr/local/share/gemini/res/swd/ucs2-dev-sid-200-46.swd	file	0o755	1534	ca5d95481d748eb8ba38d73c5f448032ccdad0143e515521c9ce00c334f5ad50	
devel/usr/local/share/gemini/res/swd/ucs2-dev-sid-200-47.swd	file	0o755	1573	959bd147dfb8a1df0d1083c4d1f45dcd349750a0cdd90738e857c49f6249d07a	
devel/usr/local/share/gemini/res/swd/ucs2-dev-sid-200-48.swd	file	0o755	1558	26e925e6594ba919d8c653ac7ede2311cc21a9937cb38044e0d32ef0fc37f71d	
devel/usr/local/share/gemini/res/swd/ucs2-dev-sid-200-49.swd	file	0o755	1663	945fe79a8d76248cfd307640fd79a1f0e5f96b4f696fcd9008009bfb87fcd2f2	
devel/usr/local/share/gemini/res/swd/ucs2-dev-sid-200-50.swd	file	0o644	1520	1350f036e1872aab015be9ed529e4008310e01a970029f57380d9a8f2a60033c	
devel/usr/local/share/gemini/res/swd/ucs2-dev-sid-201-00.swd	file	0o644	242	49e35e097281f4c586add104cb7e2eb36af90393d1a891e9374607677d5688d5	
devel/usr/local/share/gemini/res/swd/ucs2-dev-sid-202-00.swd	file	0o644	208	5d6b65fc141e32111b76f64959dfa2459caa1eb777d338788a11ecbc2a8bc3c3	
devel/usr/local/share/gemini/res/swd/ucs2-dev-sid-203-00.swd	file	0o644	253	1782efd30c39e42a73106e247c782087b5ba1a5d792b77fe98da389ec6d97660	
devel/usr/local/share/gemini/res/swd/ucs2-dev-sid-204-00.swd	file	0o644	298	b68de90dea48d676255ffb0f7bc813a8f9251e62a42d8e154184286f3db5b139	
devel/usr/local/share/gemini/res/swd/ucs2-dev-sid-204-01.swd	file	0o755	234	98655171d4b8957151392a1510d5602b321dba54fe56465e81532cffb3bec703	
devel/usr/local/share/gemini/res/swd/ucs2-dev-sid-204-02.swd	file	0o755	270	66c4561bfb6e1b4a80fa85058eccc5bfaf14232a55c9c28d8cea4230a4fc8723	
devel/usr/local/share/gemini/res/swd/ucs2-dev-sid-204-03.swd	file	0o644	197	11b8172b5968986ba8886b9453f0f9b27f613d0bf2ad5409f6afa0a61d3872d4	
devel/usr/local/share/gemini/res/swd/ucs2-dev-sid-204-04.swd	file	0o644	197	11b8172b5968986ba8886b9453f0f9b27f613d0bf2ad5409f6afa0a61d3872d4	
devel/usr/local/share/gemini/res/swd/ucs2-dev-sid-204-05.swd	file	0o644	233	f1c360de02a290f2260d863da02e0845f7d98985f45ff3ba7982caea93a797ff	
devel/usr/local/share/gemini/res/swd/ucs2-dev-sid-205-00.swd	file	0o644	260	83c7829e97e93ecd88f1414444d3ec4d49064f0399d5ce704d610dd90a367105	
devel/usr/local/share/gemini/res/swd/ucs2-dev-sid-205-01.swd	file	0o755	204	8138cec0b725dc8653da0ac6fda9c3fe59382ff0cdad956557ccc8c5a8ea3d92	
devel/usr/local/share/gemini/res/swd/ucs2-dev-sid-206-00.swd	file	0o644	280	d11d541c272c474c9709d5a97fe08d0901a623ea48c70b47bd412173da35ac5b	
devel/usr/local/share/gemini/res/swd/ucs2-dev-sid-207-00.swd	file	0o644	284	6fd27e5a4d1ff2b9c62ef48679baa1a097fd6126cc15a642631d12f39ff63f57	
devel/usr/local/share/gemini/res/swd/ucs2-dev-sid-208-00.swd	file	0o644	281	4a1a060610c2618eb3e3fc75579b968639d7e083ce3e05dd2ccb71478bcc8d64	
devel/usr/local/share/gemini/res/swd/ucs2-dev-sid-209-00.swd	file	0o644	289	03d0b3765e781e2fb239b516e10d9df9f58a2899fa83d4ce2ddd1312727ae6c4	
devel/usr/local/share/gemini/res/swd/ucs2-dev-sid-210-00.swd	file	0o644	241	68d2ad5b1bf8d8bc15f112491877dcf170b3d1191a92948ae0d73560c4dc2134	
devel/usr/local/share/gemini/res/swd/ucs2-dev-sid-211-00.swd	file	0o644	308	4d4b249cdc38ad1298df53055e0b2b380f6a2557b64b305f38f925ac543c7d46	
devel/usr/local/share/gemini/res/swd/ucs2-dev-sid-212-00.swd	file	0o644	304	96150a4991e739ccb5bccac466d7555ee7e7aa8f20a9d1a8a38bcbfb11c2faaf	
devel/usr/local/share/gemini/res/swd/ucs2-dev-sid-213-00.swd	file	0o644	286	e93847a8967e6714c86ba89abbf5cd5d83eebc147f825036bf9486b45941cde3	
devel/usr/local/share/gemini/res/swd/ucs2-dev-sid-214-00.swd	file	0o644	287	929e18971a62035cb881a3721d30203809946040c9624944f4c1f86c7d511c02	
devel/usr/local/share/gemini/res/swd/ucs2-dev-sid-215-00.swd	file	0o644	286	db66ee33ab21e2eee25ec4e9138bd4499ec75c2dffbfca756683f32c037f1ee7	
devel/usr/local/share/gemini/res/swd/ucs2-dev-sid-216-00.swd	file	0o644	199	53ca5896388b4c3d0cc50eb53f1cebcaf30f480c225969d9696cc3bd89c0d94c	
devel/usr/local/share/gemini/res/swd/ucs2-dev-sid-217-00.swd	file	0o644	277	4a7f52c7fc7222ca00213e73dd7cb2c5b96b1f515a8c0050fb5b5338eb2a3d56	
devel/usr/local/share/gemini/res/swd/ucs2-dev-sid-218-00.swd	file	0o644	268	ce94dcbe7b6f512c155a2e7130d5b4795c9d392fbefdd31c48dbef906789599f	
devel/usr/local/share/gemini/res/swd/ucs2-dev-sid-219-00.swd	file	0o644	283	a4482df5a44ce0c54c5501bdbed3bc8b344c7beb08e2a1215487fa1271eec18b	
devel/usr/local/share/gemini/res/swd/ucs2-dev-sid-220-00.swd	file	0o644	302	a395d5dc637b465c7561779c4c56372aeedc6129b610ab743865b7e8ef17ca6a	
devel/usr/local/share/gemini/res/swd/ucs2-dev-sid-221-00.swd	file	0o644	298	963696f7df670827029adbb36f1fad9f80605513e2ec81d999b47cd5dd219077	
devel/usr/local/share/gemini/res/swd/ucs2-dev-sid-222-00.swd	file	0o644	280	8656d5f2e535c252e9a8b5f78ab7761d8662eee2557f922b60b9cdffca88659e	
devel/usr/local/share/gemini/res/swd/ucs2-dev-sid-223-00.swd	file	0o644	268	466c65665446712bf19363279c75c774aeead14b676890e405f62500fe90b8c6	
devel/usr/local/share/gemini/res/swd/ucs2-dev-sid-224-00.swd	file	0o644	292	156a9e0ea0c9acfbbb99872e84d647358c5c868ae8a529d6ac59b14418157dba	
devel/usr/local/share/gemini/res/swd/ucs2-dev-sid-225-00.swd	file	0o644	140	cf96833e350e22c23875500bdb84f4040f5616c851396e71d12ec7867fb0a4e3	
devel/usr/local/share/gemini/res/swd/ucs2-dev-sid-225-01.swd	file	0o644	157	b1e9e5b6a6577e71f029cf72008e0772f53afc6edb9f85650323fac364d6ce30	
devel/usr/local/share/gemini/res/swd/ucs2-dev-sid-226-00.swd	file	0o644	204	2bf2cefaf806535b6b4ed9f9ca281934aa4cb05c4090367f1f15c8bac73b566a	
devel/usr/local/share/gemini/res/swd/ucs2-dev-sid-226-01.swd	file	0o644	151	1687fd72a98088f2d43acc1d58069892109b9df59e730283990d593b5edbe60f	
devel/usr/local/share/gemini/res/swd/ucs2-dev-sid-227-00.swd	file	0o644	283	0fb70f6cfeb7a6f35102419ca9fc03db3689a63f24604bb5e872e0e77ada1d51	
devel/usr/local/share/gemini/res/swd/ucs2-dev-sid-228-00.swd	file	0o644	289	db95721a498ac3fd22b28407c29a20bf3cf3a2a56ba69c6d9a94ff26c3f8a079	
devel/usr/local/share/gemini/res/swd/ucs2-dev-sid-229-00.swd	file	0o644	211	a3c8a7d37b7e0b22b5a9dd3d7f790dcabd7493ed74616cbf08cb197fc5bbea2a	
devel/usr/local/share/gemini/res/swd/ucs2-dev-sid-230-00.swd	file	0o644	286	9b53fe9eab3d27dda0aea322ef582e5bbeefbb48520038499982ec7b9f9077b0	
devel/usr/local/share/gemini/res/swd/ucs2-dev-sid-231-00.swd	file	0o644	273	4caa8b6f6b7180de7abfc0a0b69815661f2a3fc4b2a16bd752b8372a1abf0b99	
devel/usr/local/share/gemini/res/swd/ucs2-dev-sid-232-00.swd	file	0o644	1154	fe1e72f77b714eb267497da8619a5b47d84cff9ad3c849d5cc4087d25c0af43e	
devel/usr/local/share/gemini/res/swd/ucs2-dev-sid-233-00.swd	file	0o644	256	5cb38eac29ad976c1a2434917f1453ae8ef54bf7d2b9bbae13f06c0807bdf26f	
devel/usr/local/share/gemini/res/swd/ucs2-dev-sid-234-00.swd	file	0o644	318	6c6454420ac5a418a246cf00dae0406a0978f32d99a65a9549610e18bfbe154e	
devel/usr/local/share/gemini/res/swd/ucs2-dev-sid-235-00.swd	file	0o644	263	2e11325e35248d0b39bb2588a0d9a4b921a06449db27d30b2c191bc73b3d21ec	
devel/usr/local/share/gemini/res/swd/ucs2-dev-sid-236-00.swd	file	0o644	346	20ab6cd709f0e7fdac1ae5fc23aa3df6cc8a79786551b7ecbe0709b8f9760e78	
devel/usr/local/share/gemini/res/swd/ucs2-dev-sid-237-00.swd	file	0o644	314	882c2859cc0bfe85f27c6e5d827ad3452785d2d91743a54f023918c69b4f5695	
devel/usr/local/share/gemini/res/swd/ucs2-dev-sid-238-00.swd	file	0o644	236	a29a9bcfb7f343a742b5ec0863682b344c0cc070bc186a472e2b256ce0efeaa3	
devel/usr/local/share/gemini/res/swd/ucs2-dev-sid-239-00.swd	file	0o644	441	9e00c8c32ff05ba363330015964a5c3830922611b5da5b81204e54d7f38853f1	
devel/usr/local/share/gemini/res/swd/ucs2-dev-sid-239-01.swd	file	0o755	446	19d45b269e96c92d7165160acc6cdfede9001d18b49b6006eea22f928e922be7	
devel/usr/local/share/gemini/res/swd/ucs2-dev-sid-239-02.swd	file	0o755	496	e3cb720719260a5fda35c045760f6dd068161d3ec49146a9cdcf09317248fa44	
devel/usr/local/share/gemini/res/swd/ucs2-dev-sid-239-03.swd	file	0o755	627	74168d6de325033f3293b864c8217b6affb46a8c1705abb118f521a2a89b0d5e	
devel/usr/local/share/gemini/res/swd/ucs2-dev-sid-239-04.swd	file	0o755	558	d0097fe2bb1075bb358b6f5390007f13d00fd7b21de7b8d9e41f7a189b4bceda	
devel/usr/local/share/gemini/res/swd/ucs2-dev-sid-239-05.swd	file	0o755	489	f742b133c84de574c2fc0e5114b10811c74fab961101e0c7e1e65f5dfd7f1b18	
devel/usr/local/share/gemini/res/swd/ucs2-dev-sid-239-06.swd	file	0o755	560	ec733fef2f3fecdab580da70c9e147a780cf2b225a616605805dfbcd59ff4ef0	
devel/usr/local/share/gemini/res/swd/ucs2-dev-sid-239-07.swd	file	0o755	486	2b35d43cb7c5ffa0fefad1cbcbb07291d5a1c48c86e7dc27785c145c15815a79	
devel/usr/local/share/gemini/res/swd/ucs2-dev-sid-239-08.swd	file	0o755	568	f96ae521b55a7c22eb1ceac521032f38aef145d631dd9c2b73e277a4ec235d9e	
devel/usr/local/share/gemini/res/swd/ucs2-dev-sid-239-09.swd	file	0o755	572	9c91f977b888da1ee211556a9c3542b36ea4ff9b71c78b8c27de73cefd40f255	
devel/usr/local/share/gemini/res/swd/ucs2-dev-sid-239-10.swd	file	0o755	625	d12749f494e0620f1f16233f2ea19434045116388d848fc0363baaca911a5c1e	
devel/usr/local/share/gemini/res/swd/ucs2-dev-sid-239-11.swd	file	0o755	573	13e7c1f11cf324b9c4747f64e8244819696b30527203b63b52815b4d75dcda8a	
devel/usr/local/share/gemini/res/swd/ucs2-dev-sid-239-12.swd	file	0o755	565	5369001fd8bf7807362c57186b6d677b4bcef0be04935b3ef5e96809f06f1eb3	
devel/usr/local/share/gemini/res/swd/ucs2-dev-sid-239-13.swd	file	0o755	557	cbc445e8ee07fe539f4c246dd448fa3650e7d52b1a2fae2a632fc24c6019eacb	
devel/usr/local/share/gemini/res/swd/ucs2-dev-sid-239-14.swd	file	0o755	556	35cc3b58db850aee08cf2ff1de743d58470b42634757102fe32652c685bad296	
devel/usr/local/share/gemini/res/swd/ucs2-dev-sid-240-00.swd	file	0o644	231	942c491eaa855a5d9615edc08327057e6805907c417dae8558779eb05996724a	
devel/usr/local/share/gemini/res/swd/ucs2-dev-sid-241-00.swd	file	0o644	2944	56f154f6a145c75f2707e50a467bf35f919969ebc45d8e419ca880b60d25895c	
devel/usr/local/share/gemini/res/swd/ucs2-dev-sid-241-01.swd	file	0o755	2572	7f4675d392ecce75c9dbd9e11ee93bb6b45a876e1a47576ae4e1733f85197929	
devel/usr/local/share/gemini/res/swd/ucs2-dev-sid-241-02.swd	file	0o644	2760	147f8639b3e7e6ca26eb717fec614bbd8b6501786e87a771d13b8b58a554376c	
devel/usr/local/share/gemini/res/swd/ucs2-dev-sid-241-03.swd	file	0o755	2169	5dd0e675aede6a497ba5ef6d7f99b0ab0843ee748447d1f1e8ec898661057fdb	
devel/usr/local/share/gemini/res/swd/ucs2-dev-sid-241-04.swd	file	0o755	2147	5eb4a3e86facc32a35f6b5cfa4b4dae7d1962d2fca9e89b5e4f8bcbfd413d8c6	
devel/usr/local/share/gemini/res/swd/ucs2-dev-sid-241-05.swd	file	0o755	2905	752b52715e2fc6b945f18c9194bec693f3e5c77ce79ba29698acec8365a5e027	
devel/usr/local/share/gemini/res/swd/ucs2-dev-sid-241-06.swd	file	0o755	2749	b49f3ca16117d834b16522db74e09826d1862bdaa8d24da74d79fd8cfb1ba8ca	
devel/usr/local/share/gemini/res/swd/ucs2-dev-sid-241-07.swd	file	0o644	2692	ed5d8ce22c943fd79d60a0b4d08c9d9063734c0066facaf0a31b560c5afe3915	
devel/usr/local/share/gemini/res/swd/ucs2-dev-sid-241-08.swd	file	0o755	2913	9ff324ae04fddaae5954702d15d26a43ceb2c4e1806acbd3872acbceedff542a	
devel/usr/local/share/gemini/res/swd/ucs2-dev-sid-241-09.swd	file	0o755	2871	9325648504b820f72bae48360446b33167aa43cd430bd185973dbfe6880a0d8e	
devel/usr/local/share/gemini/res/swd/ucs2-dev-sid-241-10.swd	file	0o755	2792	071b86811cc6d1ce518010aad5992489853e7f0a8364f76a81021c4c94f21e91	
devel/usr/local/share/gemini/res/swd/ucs2-dev-sid-242-00.swd	file	0o644	88	e086d94e3f80ca11e555ba761ee92ef2bc0e9d33e57677b01d4931481bd4bf0f	
devel/usr/local/share/gemini/res/swd/ucs2-dev-sid-242-01.swd	file	0o644	207	c7fd4b7ffbb967516b6a627db30f22256afa477a73c47e39d9c8e5463bc65377	
devel/usr/local/share/gemini/res/swd/ucs2-dev-sid-242-02.swd	file	0o644	650	aa6a8e600287a66035a5100386c81f4000bba050b4ec3791047dee126c30fea2	
devel/usr/local/share/gemini/res/swd/ucs2-dev-sid-242-03.swd	file	0o644	203	f6c516a1931c80db9931c9209f4a4f71d5bb9c485901e15d43ca6b0fb69dd5a2	
devel/usr/local/share/gemini/res/swd/ucs2-dev-sid-242-04.swd	file	0o644	322	6f58b00200c31e75980090d9dccd655f0725852bebbc6af834038d498011da26	
devel/usr/local/share/gemini/res/swd/ucs2-dev-sid-242-05.swd	file	0o644	305	93cfa40c32f31b39a5e504b28d50691142e1c218756512c5b7b5f8e07d4e6210	
devel/usr/local/share/gemini/res/swd/ucs2-dev-sid-242-06.swd	file	0o644	358	fad3e2c746b977da60889164322f4f1c65409ad8e7f96058f16d4eec9a65485c	
devel/usr/local/share/gemini/res/swd/ucs2-dev-sid-242-07.swd	file	0o644	166	f29827a8ba6a7300672e6888cf6c1bee46d4d7542b8878d21651971f71cb40c6	
devel/usr/local/share/gemini/res/swd/ucs2-dev-sid-242-08.swd	file	0o644	168	3e63fd9b0d356b287f05136dc56f4c2d1cd03b0f4658ada5b410ba18e9a8e06a	
devel/usr/local/share/gemini/res/swd/ucs2-dev-sid-242-09.swd	file	0o755	212	3295c8c18f99432060d63bf69c75178e03fe3096b8e61424cb20a7f47b08088e	
devel/usr/local/share/gemini/res/swd/ucs2-dev-sid-242-10.swd	file	0o755	306	203cc14725e8d5f89b05b75a51b3b0e134d4d3f1c9427d1031981561e9d839dc	
devel/usr/local/share/gemini/res/swd/ucs2-dev-sid-243-00.swd	file	0o644	297	121c1b9a9752349ca0994132daad257789d5504866b5b5e3e11eb2c26559a98f	
devel/usr/local/share/gemini/res/swd/ucs2-dev-sid-244-00.swd	file	0o644	433	6b438f320a9aacfc1e0ef9a72a1f4c28560f6b144bcb818facf351b489f3ef94	
devel/usr/local/share/gemini/res/swd/ucs2-dev-sid-245-00.swd	file	0o644	717	c3ebd70548f40dce38203df5cf6f352f28a6a81a38cad1b825309f835dd2a66d	
devel/usr/local/share/gemini/res/swd/ucs2-dev-sid-246-00.swd	file	0o644	582	45a0e1632250e8af55ced97831ffde967679eaf41624b11b1858784e1f7bef00	
devel/usr/local/share/gemini/res/swd/ucs2-dev-sid-246-01.swd	file	0o755	615	0f3de8062913361c148b03bb9c53dc0938084bac8a7d0233425d55bd9aaa05ce	
devel/usr/local/share/gemini/res/swd/ucs2-dev-sid-247-00.swd	file	0o644	394	d86ffc0cdaa5a4d41cb50c896a39b601833d75e00af9cd4444c6227de1e05901	
devel/usr/local/share/gemini/res/swd/ucs2-dev-sid-248-00.swd	file	0o644	262	c9066b7ed9b990cde16abcfe98bd52fd5241347e0689506deb1a5b39dd86ee37	
devel/usr/local/share/gemini/res/swd/ucs2-dev-sid-249-00.swd	file	0o644	279	8bb48307d2a6e89abb02666e2daada52e6092d8ba2afdccffd357c98e2db6a21	
devel/usr/local/share/gemini/res/swd/ucs2-dev-sid-250-00.swd	file	0o644	309	b44676b1048ef826484a5a4ce101b270af8e2d06579835964f70391409e2f86c	
devel/usr/local/share/gemini/res/swd/ucs2-dev-sid-251-00.swd	file	0o644	211	4402ac221c3a292ab6a17c6ca2860b2560ed2691e09326d3161f817d86ef7a26	
devel/usr/local/share/gemini/res/swd/ucs2-dev-sid-252-00.swd	file	0o644	340	fd009a2638f5cbd38590f01b60fc2206ff75bac0b9b5d7da7259cdc534ea162c	
devel/usr/local/share/gemini/res/swd/ucs2-dev-sid-253-00.swd	file	0o644	328	2f8ab5e3398c0f2e0b8166f3e2416f81683940062464835d14814b27a976cc7c	
devel/usr/local/share/gemini/res/swd/ucs2-dev-sid-254-00.swd	file	0o644	227	b6b38d1dbdae278e05c97edb85bfa549bf464b3e440c554cab80372d6c25f4ba	
devel/usr/local/share/gemini/res/swd/ucs2-dev-sid-255-00.swd	file	0o644	227	d074360bbee676b7aafd29924c177fb5842b3a821aeebad41b6bedb6963def11	
devel/usr/local/share/gemini/res/swd/ucs2-dev-sid-256-00.swd	file	0o755	314	4e2ec7f844d0e5a36845483c6a2f6d9876c1fdea220e54e938be9ddab9b400b9	
devel/usr/local/share/gemini/res/swd/ucs2-dev-sid-257-00.swd	file	0o644	205	4a2d7a3a32237b47c47249af086b210277b1cff145c5d5bb03a13a22c361710f	
devel/usr/local/share/gemini/res/swd/ucs2-dev-sid-259-00.swd	file	0o644	351	b3f56d93c01f08a2f265e4d7715142f96b74e3fda35339841878f6a795627afb	
devel/usr/local/share/gemini/res/swd/ucs2-dev-sid-261-00.swd	file	0o644	264	0f46f5412f503c24defa8b75c2daf58c68207c65496adec45248f2acebba05af	
devel/usr/local/share/gemini/res/swd/ucs2-dev-sid-262-00.swd	file	0o644	344	c68992fff0be365c43b110729be77a2d2b12c34bdc87ccb1bac0d7f6b6d85a0f	
devel/usr/local/share/gemini/res/swd/ucs2-dev-sid-263-00.swd	file	0o644	227	5a25dc4b77ce548d1bf2d581e7876d3d857ba2eecbab4aec193150955ea4ef27	
devel/usr/local/share/gemini/res/swd/ucs2-dev-sid-264-00.swd	file	0o644	292	74ce0be5d41f78b49292a1dc224c4b988710bada4e5edb8d9d429b76c2278c6c	
devel/usr/local/share/gemini/res/swd/ucs2-dev-sid-265-00.swd	file	0o644	227	8034dba092419c4195e8921ebf881822c969b2522480138a04426ebc21508dbb	
devel/usr/local/share/gemini/res/swd/ucs2-dev-sid-266-00.swd	file	0o755	201	1451b32f5c2f047202e46e7f7c2eb8eb63a2ed9b75dd551abc953b4f985ade46	
devel/usr/local/share/gemini/res/swd/ucs2-dev-sid-267-00.swd	file	0o755	208	e29624c24b68f99a354fd89c2563d101e41fc0d6603b34c9fafe0d5f81a26f77	
devel/usr/local/share/gemini/res/swd/ucs2-dev-sid-267-01.swd	file	0o755	214	5c41b1b7a9fa8a037b4fec86cb78d84a16ef2a69e0ee1b8f58ff46bc58b0f23a	
devel/usr/local/share/gemini/res/swd/ucs2-dev-sid-267-02.swd	file	0o755	186	f6d73ddfc0188ff55523c6bd475aeefa02d4304d52441bafb5d2691079a4a3b4	
devel/usr/local/share/gemini/res/swd/ucs2-dev-sid-267-03.swd	file	0o755	183	110d739930738add2f592825b6d199946471c7ea82f237c22e47d1cf15b0881a	
devel/usr/local/share/gemini/res/swd/ucs2-dev-sid-267-04.swd	file	0o755	237	dde4732ce1d440ca99b6ed5fff2db1039c03cf09aed73fe8b27f60cc1a0741e8	
devel/usr/local/share/gemini/res/swd/ucs2-dev-sid-267-05.swd	file	0o755	212	41282a67a7d012eea719a3c3f3e901daea6aef220c4078febc212b5340a15a27	
devel/usr/local/share/gemini/res/swd/ucs2-dev-sid-268-00.swd	file	0o755	237	9d42e2b542fa27e9d2aa10d5e51be85c58444b5073b84d83a79099a599f55fbb	
devel/usr/local/share/gemini/res/swd/ucs2-dev-sid-268-01.swd	file	0o755	206	5664769407bf38fe7916232abeeb2a8c555fdcec083914dd7da4aa1a3ef1748d	
devel/usr/local/share/gemini/res/swd/ucs2-dev-sid-268-02.swd	file	0o755	214	5fd6bb240e402c3b49d812fcfa428cca91bd78c0614737d33149c2e7f1cdc6b0	
devel/usr/local/share/gemini/res/swd/ucs2-dev-sid-270-00.swd	file	0o755	387	d34c4b18a8c7f897361e3f1e3ac0d11a2f8fb637ca3cce7a281fdd326df6a0f1	
devel/usr/local/share/gemini/res/swd/ucs2-dev-sid-270-01.swd	file	0o755	293	69e29e6950f6abfdbe7b92d8797bf9f9253e8c0a29fb84c6e56e00022747ff94	
devel/usr/local/share/gemini/res/swd/ucs2-dev-sid-271-00.swd	file	0o755	396	992c5eaa565186434d771b7e0a59f32a14d5ffc5a221692f177ba9a5f24f57f2	
devel/usr/local/share/gemini/res/swd/ucs2-dev-sid-271-01.swd	file	0o755	494	bd6bfde5adc8fa8fd6a886210e87240a272b4528d4804c94729c994769237282	
devel/usr/local/share/gemini/res/swd/ucs2-dev-sid-272-00.swd	file	0o755	649	bc9441a0e7901b10c9372bdd2cf81980e2bae0861c472b011e32321e324365bb	
devel/usr/local/share/gemini/res/swd/ucs2-dev-sid-272-01.swd	file	0o755	319	dadf0e44fc95c0aeef015392290c803bda6b8dd42e3aff6fe6811aa34c2ff759	
devel/usr/local/share/gemini/res/swd/ucs2-dev-sid-273-00.swd	file	0o755	381	703a63b9d7f8a2d6a968b38ee3698bd3a46207ca840928d2744f5d8930982ae5	
devel/usr/local/share/gemini/res/swd/ucs2-dev-sid-274-00.swd	file	0o755	426	89189e6e29ea627a2490f7d1b17da33d6bd052397b5ddc04b2b447b4b536a89f	
devel/usr/local/share/gemini/res/swd/ucs2-dev-sid-280-00.swd	file	0o644	317	dfdf21d4517c63760384e6fa57195639b7c0259e7bce3b5eff9291421cc537dc	
devel/usr/local/share/gemini/res/swd/ucs2-dev-sid-281-00.swd	file	0o644	361	dcb2b1d50957265012031d0c8079a84674e4048baf39d07e25d4096b1601563e	
devel/usr/local/share/gemini/res/swd/ucs2-dev-sid-282-00.swd	file	0o644	347	2470ce1b6399611849958895fec7774f0803a1d4c8d15104f9cdf004b5b0b00d	
devel/usr/local/share/gemini/res/swd/ucs2-dev-sid-283-00.swd	file	0o644	181	53fe43f69f74beac3d8c556b15f2c09a94ec3f9d53a72e64af362234d3850ea2	
devel/usr/local/share/gemini/res/swd/ucs2-dev-sid-283-01.swd	file	0o644	181	e95d1f2af3ada320db362ef910a8110d18b4abd3f68d89f0cde650d4bf80c99d	
devel/usr/local/share/gemini/res/swd/ucs2-dev-sid-285-00.swd	file	0o644	197	de4e41b12d682c79fa45f95ca14dcd6fc26dfc3f5925e2de08b63f692fac8cf1	
devel/usr/local/share/gemini/res/swd/ucs2-dev-sid-287-00.swd	file	0o644	198	86fe344359299dc2fc43ee709d212719981372c5edbc6c832bf91f9476f90a70	
devel/usr/local/share/gemini/res/swd/ucs2-dev-sid-288-00.swd	file	0o644	198	130e3257e2b4c9d28725d816c95437430a215565a7c7e4ea2e58339759a77bed	
devel/usr/local/share/gemini/res/swd/ucs2-dev-sid-291-00.swd	file	0o644	173	3f07d6fe080e1593d28f5c8b8ac8a714b6ddfcd9cfdf1308524e481436b7f6ce	
devel/usr/local/share/gemini/res/swd/ucs2-dev-sid-293-00.swd	file	0o755	414	0a85a631e4c3069098970c2041dcd56e9664ae543ecf0b89c50399639950f23c	
devel/usr/local/share/gemini/res/swd/ucs2-dev-sid-294-00.swd	file	0o755	152	d867f81bad929243b3ae75695c012a17f154613e8cc7d209e6cd8148560037a9	
devel/usr/local/share/gemini/res/swd/ucs2-dev-sid-295-00.swd	file	0o755	240	3bd95f5a30dc88ccb455452183a63f7ecbd636a2fd1ace3eeef8fd230636a264	
devel/usr/local/share/gemini/res/swd/ucs2-dev-sid-296-00.swd	file	0o644	180	b00af5ab83e738099e065ceb19cfde3b28cdd6e96d76755087f90338ec6ce849	
devel/usr/local/share/gemini/res/swd/ucs2-dev-sid-296-01.swd	file	0o644	323	d33b2a492b4599bcfff65f507ef3892785a6700bcf8a58d490d928f3ac3f1b4c	
devel/usr/local/share/gemini/res/swd/ucs2-dev-sid-297-00.swd	file	0o644	251	fc9db0cc706c6a46d26183246a38fa7dcae8cf1aba07f6a2c25ff4f5513f15ae	
devel/usr/local/share/gemini/res/swd/ucs2-dev-sid-298-00.swd	file	0o644	488	c8661e30a1a0d9a26c51e322c8a0c9be2f1044a6581a4e3d905a8237feae8d94	
devel/usr/local/share/gemini/res/swd/ucs2-dev-sid-298-01.swd	file	0o644	417	2fc65718e3deae98d73a5fb6e06f34ff3ef1cc517459049847bd750b8760384c	
devel/usr/local/share/gemini/res/swd/ucs2-dev-sid-299-00.swd	file	0o644	223	8a144f725880512cb8a3018957a65811907f39766710f443f9ad74766d64ccdd	
devel/usr/local/share/gemini/res/swd/ucs2-dev-sid-301-00.swd	file	0o644	272	c977d1434114382a4f7dccef9f01aab41083baf436568c728761d8106f1500f7	
devel/usr/local/share/gemini/res/swd/ucs2-dev-sid-302-00.swd	file	0o644	263	d97de61cd10230337399cc723047b5e24bc65b41941a01be6c19b945cde42744	
devel/usr/local/share/gemini/res/swd/ucs2-dev-sid-303-00.swd	file	0o644	361	ecaff3952ba05609fe70fef845b843a14e0495ede1aef4136999197f87dcaf0f	
devel/usr/local/share/gemini/res/swd/ucs2-dev-sid-304-00.swd	file	0o644	230	319af05af111f6bbb8db76aafdefc1900ed422bbea5672d1ef394dc7f70fb285	
devel/usr/local/share/gemini/res/swd/ucs2-dev-sid-305-00.swd	file	0o644	1565	f94d5d2a8365d602ec8a8a36e800f0537bbd27e84e1b76d4c95888038a2957c0	
devel/usr/local/share/gemini/res/swd/ucs2-dev-sid-305-01.swd	file	0o644	713	ebe67da3ad62f27b4a8a7952426797c6bfb8edc7283d7ec9b19a933250202a1a	
devel/usr/local/share/gemini/res/swd/ucs2-dev-sid-307-00.swd	file	0o644	206	baa73e5c90d1b5b6da41c4dd376ef358d11e590cff40e116b235cddb80c6fed9	
devel/usr/local/share/gemini/res/swd/ucs2-dev-sid-308-00.swd	file	0o644	199	56d5ebb4f52bf047f069c17968584332fb543f483c8cf7d03b683a8d972b4d55	
devel/usr/local/share/gemini/res/swd/ucs2-dev-sid-309-00.swd	file	0o755	228	5e2b495575bfc692f1a612563b52722c096d3e24cb3c0d9650f38f95cc9af90c	
devel/usr/local/share/gemini/res/swd/ucs2-dev-sid-310-00.swd	file	0o755	321	3416c24316576aec24aa54a1c68252017156ae2af89592a225f113416ced549d	
devel/usr/local/share/gemini/res/swd/ucs2-dev-sid-311-00.swd	file	0o755	230	7b8bfe9cbe722db08d7ffc54d65edba122e43476efa5617d10ea799a560f78ac	
devel/usr/local/share/gemini/res/swd/ucs2-dev-sid-312-00.swd	file	0o644	942	68a7262fc1b9deaa3fe63b12b44ab6b017464a325ffa1326fa6e4e1835f33923	
devel/usr/local/share/gemini/res/swd/ucs2-dev-sid-313-00.swd	file	0o644	812	ff6726b8ead9ebe0a2573485ce8c608ebc7c8d6569e3437d03ede8e8fdb0ede5	
devel/usr/local/share/gemini/res/swd/ucs2-dev-sid-314-00.swd	file	0o644	200	8e7b95113be4da32279d4a4e2ec0ccc9d2c79eac13e34478b17304be0cb8b3fc	
devel/usr/local/share/gemini/res/swd/ucs2-dev-sid-315-00.swd	file	0o644	328	3a7f93fedcc275322e8bdda3d443c954592fea9f2ffbea6f8bf12d0916a7836b	
devel/usr/local/share/gemini/res/swd/ucs2-dev-sid-316-00.swd	file	0o644	216	7d33cb0efa568366eac6497308f68d479f0d98d29a6c013f25a8293db72561e8	
devel/usr/local/share/gemini/res/swd/ucs2-dev-sid-317-00.swd	file	0o644	240	3e2579809e0891e866691d79dfc3098148f85787d312968ff4a158b97b9ffcea	
devel/usr/local/share/gemini/res/swd/ucs2-dev-sid-317-01.swd	file	0o644	235	9fff88a2f61193759029226c8084d18cdfb667fa8cd95a00371ddfdaefd6dbf0	
devel/usr/local/share/gemini/res/swd/ucs2-dev-sid-317-02.swd	file	0o644	174	1008548dedd11604b8958fe642202b73f39ee6abf7dac7df4b8a2ae389f84684	
devel/usr/local/share/gemini/res/swd/ucs2-dev-sid-318-00.swd	file	0o755	343	4c910eaddeeac123a4cf5b3678899217599c066ef2dbe3765b5087af00696691	
devel/usr/local/share/gemini/res/swd/ucs2-dev-sid-318-01.swd	file	0o644	161	79a3db9c9ad9e255135a09fbe59596c78f129da98cd28def0d3e2f6ee4dd3154	
devel/usr/local/share/gemini/res/swd/ucs2-dev-sid-318-02.swd	file	0o755	159	edf483df9fb96f86881586c2fb25687ce3fc2a46f86544ac549287294910fd09	
devel/usr/local/share/gemini/res/swd/ucs2-dev-sid-320-00.swd	file	0o644	328	0ce9e7e6ff17896185e861caa37dce576ad3bd26f47de1143dd69ff697b66db6	
devel/usr/local/share/gemini/res/swd/ucs2-dev-sid-321-00.swd	file	0o755	348	586aa32fbdd8f80bee71dd3056eb544aa69bd4460dc49995e9694d1aa95158cf	
devel/usr/local/share/gemini/res/swd/ucs2-dev-sid-322-00.swd	file	0o644	269	8ca33e152539f870b9dd726858816b02ef8b1253e09a9daa782fc2b9cdf7d7c5	
devel/usr/local/share/gemini/res/swd/ucs2-dev-sid-323-00.swd	file	0o644	352	b51241f84f3af3e038fff3a776b47fca0eccdf9aa0b834528bc47a038196b992	
devel/usr/local/share/gemini/res/swd/ucs2-dev-sid-324-00.swd	file	0o755	251	2c2c3c8352c31f915934a35e0dcf451f316eb84b76bdd08d43ec69a5cdc0c651	
devel/usr/local/share/gemini/res/swd/ucs2-dev-sid-325-00.swd	file	0o755	326	cbd99d3277c8afc51687cbc76cfd807f1a44cd26b95db0db8a7637e91ab5a8e6	
devel/usr/local/share/gemini/res/swd/ucs2-dev-sid-327-00.swd	file	0o644	573	936cc1b5dc0dbb13ea861a9fd0d80c37489608fad76c31866201fd761ec1a9e0	
devel/usr/local/share/gemini/res/swd/ucs2-dev-sid-328-00.swd	file	0o755	206	d250ffa0bf958455d24ae6faceff6f87ece3b7a0311a63b3614abf776827b791	
devel/usr/local/share/gemini/res/swd/ucs2-dev-sid-329-00.swd	file	0o755	329	8d80bf6881856f23f10b08e044f0fbf653ab9e213fde089be02ebc9841b1f8e9	
devel/usr/local/share/gemini/res/swd/ucs2-dev-sid-330-00.swd	file	0o755	320	ad25e0c7b4f51f26a85905db5b9ca2bfb9389fce0fdf514983a52665e44216b6	
devel/usr/local/share/gemini/res/swd/ucs2-dev-sid-331-00.swd	file	0o644	192	4a4f0d80f5d6a054326455c529a22722eda0c0c7f5096cc66ddee3e73cb1368f	
devel/usr/local/share/gemini/res/swd/ucs2-dev-sid-332-00.swd	file	0o644	277	3123c1d3ab516b6428d43b0ef74781fcf440ba8f24b1c72d7bde6548e5a06d71	
devel/usr/local/share/gemini/res/swd/ucs2-dev-sid-332-01.swd	file	0o644	286	c239a7159d504e90e62f168d3845fcdd1f4df6ab987c11b1d1ca316bb7a16882	
devel/usr/local/share/gemini/res/swd/ucs2-dev-sid-335-00.swd	file	0o755	213	c3cb51fd4570044610f096c0be67a4d037342b390c8a8ef8b27ddd35e5c0d680	
devel/usr/local/share/gemini/res/swd/ucs2-dev-sid-337-00.swd	file	0o755	192	499e57c72094175ecdfad8e61f0a834f8f27b3cdd62c7e9a3b7f74fd8f4a68ff	
devel/usr/local/share/gemini/res/swd/ucs2-dev-sid-338-00.swd	file	0o755	221	9897a1149a35a48599cd65774ff44f3295cd10515a207277a5575ec9cb1aab2c	
devel/usr/local/share/gemini/res/swd/ucs2-dev-sid-339-00.swd	file	0o755	443	ee958c486b1ba4b8010e2d6ea7bccd898c55643e38b222a91edb635df0fbd864	
devel/usr/local/share/gemini/res/swd/ucs2-dev-sid-339-01.swd	file	0o755	266	e73d85e0803c0390ebe166579b0a13fdb0bd9a90dcc6e3d1c7487847d5ed6c8d	
devel/usr/local/share/gemini/res/swd/ucs2-dev-sid-339-02.swd	file	0o755	412	8fe75cd1e2ff579b63c37258efad0ccc347ed7f3c198ef846f770f2a05657004	
devel/usr/local/share/gemini/res/swd/ucs2-dev-sid-339-03.swd	file	0o755	306	49445f991590c65cab98208579dd12425b3e54244738e3c40e0469dcc76f853d	
devel/usr/local/share/gemini/res/swd/ucs2-dev-sid-339-04.swd	file	0o755	444	cdeb6e839218fc1f83a5e6918c9aedfe40802390e0684bacd1fdfe17244922c7	
devel/usr/local/share/gemini/res/swd/ucs2-dev-sid-339-05.swd	file	0o755	412	29fdfa30a19fe19392cbfc65bc1486b4368cd353dd5202be25a308adfef11e25	
devel/usr/local/share/gemini/res/swd/ucs2-dev-sid-339-06.swd	file	0o755	306	da33dd89cdbbc46e44b16090c41beaf2a8b43519ab22f89958b68b56873de62e	
devel/usr/local/share/gemini/res/swd/ucs2-dev-sid-342-00.swd	file	0o644	315	82ae749cbf5d82814c80a5d2194db989708863cb13ead5270520f7dc52c66e28	
devel/usr/local/share/gemini/res/swd/ucs2-dev-sid-343-00.swd	file	0o644	308	c827843282916d25411576fb9c24bf7394092d7c6044729111853d85c60d0ebb	
devel/usr/local/share/gemini/res/swd/ucs2-dev-sid-344-00.swd	file	0o644	285	440fde25b1874351eb718550d0b133ef3ae4447b1139cd2c736fdc197ec1de8b	
devel/usr/local/share/gemini/res/swd/ucs2-dev-sid-346-00.swd	file	0o644	307	0f5b23949677a8fa38296891bd69aa178a5c2455e3b6add3e5525a955cef7b41	
devel/usr/local/share/gemini/res/swd/ucs2-dev-sid-347-00.swd	file	0o755	313	6c64d5dcdd8af6473003f1da1f5b3a5b9874224914736d687b596c96296f7d0e	
devel/usr/local/share/gemini/res/swd/ucs2-dev-sid-350-00.swd	file	0o644	255	be2d10fd2974bc45d1e618414c4214fb7fb065eaa8aad0287742d0fca37a34c0	
devel/usr/local/share/gemini/res/swd/ucs2-dev-sid-351-00.swd	file	0o644	311	b7c502decf1ac03f390a042d4a2ec89bf25cdf636d57834e1978116866b530c3	
devel/usr/local/share/gemini/res/swd/ucs2-dev-sid-352-00.swd	file	0o644	216	c0462c9abc23343f514df2f4dd50def981c5a98b72a76b4309424fdca92f2af3	
devel/usr/local/share/gemini/res/swd/ucs2-dev-sid-353-00.swd	file	0o644	191	365764aa5e610d87fd4864e7ca9bd61fa5eb6f231b688413175c9d7ec481d3d5	
devel/usr/local/share/gemini/res/swd/ucs2-dev-sid-354-00.swd	file	0o644	189	394dba3e303a64dbe30db65f9c7178e404940bf9775b7aad981de9bf0051ede7	
devel/usr/local/share/gemini/res/swd/ucs2-dev-sid-356-00.swd	file	0o644	271	aab0e94a259aabec1bfe95007858ac64157f475b40dfa711767e786d52f4c048	
devel/usr/local/share/gemini/res/swd/ucs2-dev-sid-357-00.swd	file	0o644	285	5998318a29e65181536d48a7356b6989d23f8b1ea7e3a754ecf6dcd4bb2c195f	
devel/usr/local/share/gemini/res/swd/ucs2-dev-sid-358-00.swd	file	0o644	279	7ce720984f61877fb7c6923a6fe026095aa5973bdf945159e3c4fa7639dd7d7a	
devel/usr/local/share/gemini/res/swd/ucs2-dev-sid-362-00.swd	file	0o644	330	b92b438ce9b750295bc1c72948404b44bc83f4004f2d6d460f98b912404fe981	
devel/usr/local/share/gemini/res/swd/ucs2-dev-sid-363-00.swd	file	0o644	370	654f2d66f9265f8592fc17fd1cad787864dadb954cb0fc725c9bd4632ef511ac	
devel/usr/local/share/gemini/res/swd/ucs2-dev-sid-365-00.swd	file	0o755	281	c5af2ee02059edd0216fbd7a8e56c0c828a02bba8eaa7968274609f896ee913e	
devel/usr/local/share/gemini/res/swd/ucs2-dev-sid-366-00.swd	file	0o755	258	73dc11611462285f1e6326838fdf47f00774dc816fe5b836ad9d06fbb5ecc2f5	
devel/usr/local/share/gemini/res/swd/ucs2-dev-sid-367-00.swd	file	0o755	267	1b5d3ad199b4a6e09f2f4a6ef3c685739be4287d6cb1a823edd9b1e210801295	
devel/usr/local/share/gemini/res/swd/ucs2-dev-sid-367-99.swd	file	0o755	271	c9f68a99196fdc11a06e6fe57c79b1db9d2d96c3303da11fb2f2741bb32a1560	
devel/usr/local/share/gemini/res/swd/ucs2-dev-sid-368-00.swd	file	0o755	295	49723278129f3a55a169c926133b1effce4cb30fa37f8a831479e30b9cdc4015	
devel/usr/local/share/gemini/res/swd/ucs2-dev-sid-369-00.swd	file	0o755	241	26881a74574ea7a021bee44f055d3b1ccff60f12e1ccfe6079c9fb96978a5532	
devel/usr/local/share/gemini/res/swd/ucs2-dev-sid-373-00.swd	file	0o644	290	7d6e849f2242b7141af547631efdcb3da0eecdb6a8a960dfb28f61a0393189dd	
devel/usr/local/share/gemini/res/swd/ucs2-dev-sid-374-00.swd	file	0o644	196	4919dea1b3370292248e573ba24d23383b39991205909266a24da41e9323eba9	
devel/usr/local/share/gemini/res/swd/ucs2-dev-sid-375-00.swd	file	0o644	244	b6bda20f1730b3f1dc7af6f9fad51354392001c72ec79420e3bac99b8c545189	
devel/usr/local/share/gemini/res/swd/ucs2-dev-sid-376-00.swd	file	0o644	247	02f6a70e344dbab2943ce981aacadc51ce6989ff75774eb0024fd1490d0d3c64	
devel/usr/local/share/gemini/res/swd/ucs2-dev-sid-377-00.swd	file	0o644	167	c1534a378654f687160862bdc596306eef2d727205834a1f467edab394869d39	
devel/usr/local/share/gemini/res/swd/ucs2-dev-sid-378-00.swd	file	0o644	111	7e308a5bb0b06a563bd90592374ddfdcf94593fb28251d3028bced95b329eb07	
devel/usr/local/share/gemini/res/swd/ucs2-dev-sid-379-00.swd	file	0o644	402	9b900232ac84f153395f869bfd33d131ce18174be3ff91a8389eeb6898a5cc64	
devel/usr/local/share/gemini/res/swd/ucs2-dev-sid-380-00.swd	file	0o644	523	a5c5bb0daaaac83b9abe88ab7c9c24c0b93bb03ddbd5393abddb3e667d4e7269	
devel/usr/local/share/gemini/res/swd/ucs2-dev-sid-381-00.swd	file	0o644	368	2f2fc5ecf6f610f6d476868c2655ac63c4b8800395258c9f8c388a667eeba8a1	
devel/usr/local/share/gemini/res/swd/ucs2-dev-sid-382-00.swd	file	0o644	144	5e81114128021ae00f44ece349d0e7f253dffca0b833478e4a7fc41a5f9d6620	
devel/usr/local/share/gemini/res/swd/ucs2-dev-sid-383-00.swd	file	0o644	144	ffb78eafbd0829d6a91c56b9530f5fb1e2bf02a9cedc6ffff2282288e9ec21e9	
devel/usr/local/share/gemini/res/swd/ucs2-dev-sid-384-00.swd	file	0o644	144	3a7e4c16493e41ac5cf0b0b77b97c20560d87d7882782fd478cb1eaaedf1b3e1	
devel/usr/local/share/gemini/res/swd/ucs2-dev-sid-385-00.swd	file	0o644	145	15aebab5dc0209ccd18cf1cce0e1afd5d4229e7447ce40e9145d9f86d5281a6f	
devel/usr/local/share/gemini/res/swd/ucs2-dev-sid-386-00.swd	file	0o644	382	a2b8351dd910d6060043dc9fb883fe275305f4f409427e70d2455b93ebbd0958	
devel/usr/local/share/gemini/res/swd/ucs2-dev-sid-387-00.swd	file	0o644	367	a441c6edf09c07ba2657443483a61e0d7cc8ecc3fced01c727447b92b1133ec9	
devel/usr/local/share/gemini/res/swd/ucs2-dev-sid-392-00.swd	file	0o644	237	7cf0db61cb735989249a0bf25f3c9c8aba0f57481eff5b80de749f245d2da4da	
devel/usr/local/share/gemini/res/swd/ucs2-dev-sid-393-00.swd	file	0o644	358	7e71b19e65d4c2467f14b547e5cce2dbed59dce3276b55775873fb17e96a7278	
devel/usr/local/share/gemini/res/swd/ucs2-dev-sid-394-00.swd	file	0o644	118	ee1446cb51d62df2b7e75f5cc47932a967d0560aef319f14e47f97443101448c	
devel/usr/local/share/gemini/res/swd/ucs2-dev-sid-395-00.swd	file	0o644	274	c70eb02bd5ba5865dac064677c5a2b1d3cd6eb3916bb6fd283f8afc46bc8aa39	
devel/usr/local/share/gemini/res/swd/ucs2-dev-sid-396-00.swd	file	0o755	462	609c4c58fb0758c85484518947b5190c052231cce1e054613ea3482d327a3d5d	
devel/usr/local/share/gemini/res/swd/ucs2-dev-sid-397-00.swd	file	0o755	452	cddb0b83fb56fe595e00cdaaf8b7d24ad860d79704aacfdcbb45d182729142af	
devel/usr/local/share/gemini/res/swd/ucs2-dev-sid-398-00.swd	file	0o755	452	f73b33cfe9493259413a0998b1e0a7e34e364172f64adae49dd8fe25be3069bd	
devel/usr/local/share/gemini/res/swd/ucs2-dev-sid-399-00.swd	file	0o755	467	b815e5115a52970d5dcbbbeb61da8c2487c9ba47bf6dd27f9136157f971ab173	
devel/usr/local/share/gemini/res/swd/ucs2-dev-sid-401-00.swd	file	0o644	254	ad86681e6e3dc120a70b503efe2fca6437ddf755432d57e871c213041e71bca1	
devel/usr/local/share/gemini/res/swd/ucs2-dev-sid-402-00.swd	file	0o644	250	b25b27e29668b686b303df6f84b8adaea0e763b283bcbe7f3e1c2016ad113bba	
devel/usr/local/share/gemini/res/swd/ucs2-dev-sid-403-00.swd	file	0o644	251	6f5a6a7d854d53a9a4562d9a0b82d3eafcb4fe86da58ab955fc974714737115f	
devel/usr/local/share/gemini/res/swd/ucs2-dev-sid-404-00.swd	file	0o644	262	f39df3265dbdb3bff50923e2adb8d6e3cf11b05628a5f027d413bb9e5cde92c0	
devel/usr/local/share/gemini/res/swd/ucs2-dev-sid-405-00.swd	file	0o644	265	8f40074cb1e92217113bb383de6af8a9f082dfc80fe378199de3856e5aff5a57	
devel/usr/local/share/gemini/res/swd/ucs2-dev-sid-406-00.swd	file	0o644	262	68624d52265b9c49184febd55864572eb2563700b3292df4a2ea0caf66854da4	
devel/usr/local/share/gemini/res/swd/ucs2-dev-sid-407-00.swd	file	0o644	284	8d0809d1790e56d6576c9c64f940ed96c6f7303a99e1b3e4ff50e78aab2d4b4f	
devel/usr/local/share/gemini/res/swd/ucs2-dev-sid-408-00.swd	file	0o644	323	b81d5cd26391b9a57e07b16ae0acd2b117e206fc223a1ce60689102539b800eb	
devel/usr/local/share/gemini/res/swd/ucs2-dev-sid-409-00.swd	file	0o644	242	e81a5d68f58c0729208b132f603508224eeb8dcf4855c36ac50363f2389ceb77	
devel/usr/local/share/gemini/res/swd/ucs2-dev-sid-410-00.swd	file	0o644	225	0c65b504797b5abcea990bc7774bb2d91b85b8d8433409944dc0a4889713555e	
devel/usr/local/share/gemini/res/swd/ucs2-dev-sid-411-00.swd	file	0o644	166	67f397ef9972e50894f65275b0f0930cea087ceeb12174c323d3865d6493dc58	
devel/usr/local/share/gemini/res/swd/ucs2-dev-sid-412-00.swd	file	0o644	237	127cdc7003767d4e9eb42190c62acf4587931889b6bd2e19984b5453d9ed2d57	
devel/usr/local/share/gemini/res/swd/ucs2-dev-sid-413-00.swd	file	0o644	337	1ff20d9e05c3f93a8b3a33560f6007611c531a31cefd3e32d354515345c76f4e	
devel/usr/local/share/gemini/res/swd/ucs2-dev-sid-414-00.swd	file	0o644	297	aae590651c395bf4a77ad527164096960f59f50321cb122e269db3f37a6c02d7	
devel/usr/local/share/gemini/res/swd/ucs2-dev-sid-415-00.swd	file	0o644	355	21fa362323648af3faa26de904d5b46c3e3b7473b9b2842e535ce4fbbc9f4800	
devel/usr/local/share/gemini/res/swd/ucs2-dev-sid-416-00.swd	file	0o644	257	09856f1393e6d702c0e46e6c0165ea5788990edf4606ad3ac905f7ed933aa0d7	
devel/usr/local/share/gemini/res/swd/ucs2-dev-sid-417-00.swd	file	0o644	252	da3af604c24a7ef4e41eace2609e6fd7e5fc55d567bbfa8ecb1bf7a461a6f02c	
devel/usr/local/share/gemini/res/swd/ucs2-dev-sid-418-00.swd	file	0o644	239	18d0edeb55a88bebc6678e63908355414d083e8703b26fb915a00f3bff0a6f48	
devel/usr/local/share/gemini/res/swd/ucs2-dev-sid-419-00.swd	file	0o644	256	67c5fe09372b0b031a15ba08a3be75c5867b53b93c516a39c94729f33d6947b9	
devel/usr/local/share/gemini/res/swd/ucs2-dev-sid-420-00.swd	file	0o644	203	a736c998b1158130a4c9444bde07b596f5fbacf15c419d5481c21946173b877b	
devel/usr/local/share/gemini/res/swd/ucs2-dev-sid-421-00.swd	file	0o644	232	451f369a1eff56c4ceb5d0c8fc05e4f3289932a113a6c6a8bf6b78a6e9452e16	
devel/usr/local/share/gemini/res/swd/ucs2-dev-sid-422-00.swd	file	0o644	243	0fa630f9ecc9d82357b24a782082491f0b700531abdda51678eb04eba8eed82e	
devel/usr/local/share/gemini/res/swd/ucs2-dev-sid-423-00.swd	file	0o644	295	771d04d7ef420a88f83b2f212ea32ff7a5822361629b6145e19fc18d0bf55409	
devel/usr/local/share/gemini/res/swd/ucs2-dev-sid-424-00.swd	file	0o644	355	cf3930241926ccda454b9af5a4a52faf2943bd5238768ca7a08eee3436355569	
devel/usr/local/share/gemini/res/swd/ucs2-dev-sid-424-01.swd	file	0o644	265	26e1171a9e8669e98d45bb46f3c2471399904d33d337096accb668e8aed26676	
devel/usr/local/share/gemini/res/swd/ucs2-dev-sid-425-00.swd	file	0o644	190	618f61761310f64696b277c5e723d61df43d7a689bce4809d37137104995a9e5	
devel/usr/local/share/gemini/res/swd/ucs2-dev-sid-426-00.swd	file	0o644	221	15b487a8dc7055babbf11e9f3b3ae91c29cbd2cfdb820ba8f37f911087209ce2	
devel/usr/local/share/gemini/res/swd/ucs2-dev-sid-427-00.swd	file	0o644	233	3979cb8fb7a03e2903a4e313a145d4ca96d06a429c03c54c03c6f6f91bcee4a5	
devel/usr/local/share/gemini/res/swd/ucs2-dev-sid-428-00.swd	file	0o644	382	ca212c37c50c599b441ee24e066632248af6a623aa5fd8edd876eb6d239de451	
devel/usr/local/share/gemini/res/swd/ucs2-dev-sid-428-01.swd	file	0o644	383	e951836c06e52ee7da9ee8a1926ffab8e047b9021b9cbbcbd0b002496ab0d077	
devel/usr/local/share/gemini/res/swd/ucs2-dev-sid-428-02.swd	file	0o644	340	f8428a1ed4e32332e1c48f437d8661ece75246d437980fa2e16491244f0d0455	
devel/usr/local/share/gemini/res/swd/ucs2-dev-sid-428-03.swd	file	0o644	383	3abd6579f68457a74a8a2dad56a471a1b344170261971c888f0b6c7705b52b0d	
devel/usr/local/share/gemini/res/swd/ucs2-dev-sid-428-04.swd	file	0o644	341	0951d522d01620eb5a7d5d355d673bd82ffa6fcc08bcbb36176995c82696cce6	
devel/usr/local/share/gemini/res/swd/ucs2-dev-sid-429-00.swd	file	0o644	279	84aaaefbc83c698d1abc41d90063df5ee3a160cb55098c1add580b4dd337f27b	
devel/usr/local/share/gemini/res/swd/ucs2-dev-sid-430-00.swd	file	0o644	317	62ea12277b2771ce7e80f85790990486befab3a19dc3b76bf3750f573c98b173	
devel/usr/local/share/gemini/res/swd/ucs2-dev-sid-430-01.swd	file	0o644	326	d1d2a8e59ad6297cd135db587954f1dd53c019ff4aaf994212b2728b906a96b5	
devel/usr/local/share/gemini/res/swd/ucs2-dev-sid-431-00.swd	file	0o644	252	a85f870789ef441d58515264d17b5c2c895d441f5f42dd10bbf36d69bdbb2d1e	
devel/usr/local/share/gemini/res/swd/ucs2-dev-sid-432-00.swd	file	0o644	252	58ddd3559da8430cdf967f1f2049b760a8af6e0071a4a9059ef5be3430e428ea	
devel/usr/local/share/gemini/res/swd/ucs2-dev-sid-433-00.swd	file	0o644	246	14af569f2cce73caed4782b1e59368ef3eda088abc96817a6d6e45a0ab8b23ce	
devel/usr/local/share/gemini/res/swd/ucs2-dev-sid-434-00.swd	file	0o644	187	3c9c272b654b850d86d39ab0ab482e55be957480ccff064d0c9ead17135ab5cf	
devel/usr/local/share/gemini/res/swd/ucs2-dev-sid-435-00.swd	file	0o644	190	77051970af90cf0af42fa1efa5266b09ae981cc7407c6ccf9a0ba92cb9823577	
devel/usr/local/share/gemini/res/swd/ucs2-dev-sid-436-00.swd	file	0o644	211	682041880b8d989537add058fb3769cd3a06c7843da972ef3a3e9126aa36954e	
devel/usr/local/share/gemini/res/swd/ucs2-dev-sid-437-00.swd	file	0o644	318	db75bbfa1c9ca46fb506f991a4d384f7c912186bbb9edf273a0624406c9305b0	
devel/usr/local/share/gemini/res/swd/ucs2-dev-sid-439-00.swd	file	0o644	192	ada21992a5e83b64e6d78bb2f9bfae88ab9fe0b70c78145eb899d4a4714c11f9	
devel/usr/local/share/gemini/res/swd/ucs2-dev-sid-440-00.swd	file	0o755	230	8fbbb3ddb60bcf295f6e619c4a0885d1c4c734b7120f8872047f7352970b1ec9	
devel/usr/local/share/gemini/res/swd/ucs2-dev-sid-441-00.swd	file	0o755	308	f575255e5188fb577690a680b92dd244ab835a128df68530132d7cf21ef62bdd	
devel/usr/local/share/gemini/res/swd/ucs2-dev-sid-442-00.swd	file	0o755	223	d2b7ba11d7f0b0b6987b3014f917efcdfd21b619155491a3bdf1cf89d5dd6d32	
devel/usr/local/share/gemini/res/swd/ucs2-dev-sid-443-00.swd	file	0o755	365	f403a70201f596ae05c33545be12f2a5072c01b3bb559a11d9ac2398492f58be	
devel/usr/local/share/gemini/res/swd/ucs2-dev-sid-444-00.swd	file	0o644	433	3850b393df7487be1f39c2f3e6104d1d3c778b5fa72bdeaab86ad6501cbb0536	
devel/usr/local/share/gemini/res/swd/ucs2-dev-sid-445-00.swd	file	0o644	337	a16b3cde661f9639ec57a12f8e223b5b67166b823e86b8ac9cf6cef5af23b3d7	
devel/usr/local/share/gemini/res/swd/ucs2-dev-sid-446-00.swd	file	0o644	215	713788cdad6fbea86d30164a3c362048369b858f2f5d769d49fc3a652f6e8fdd	
devel/usr/local/share/gemini/res/swd/ucs2-dev-sid-447-00.swd	file	0o644	299	272e4d964ee89714c557fc38afe207b6756ad3c56218d58a92e1495de3030689	
devel/usr/local/share/gemini/res/swd/ucs2-dev-sid-448-00.swd	file	0o644	150	2c83a3c3630d2f6b1096cecf0a760e704f275a986a632fc43913b0440021daae	
devel/usr/local/share/gemini/res/swd/ucs2-dev-sid-449-00.swd	file	0o644	161	7c2198348d8f5b20ee35b3672bfcc14261f1e51362ceadd4d455528e445f1770	
devel/usr/local/share/gemini/res/swd/ucs2-dev-sid-450-00.swd	file	0o644	253	5c92452b1f891d6d1c90d79d30886a2270fc8a7486abdfc1e94e06cfa19fc48b	
devel/usr/local/share/gemini/res/swd/ucs2-dev-sid-451-00.swd	file	0o644	178	db1f4c9c55e81410d370247c55b80e36878d55fbe50208d28bf3348e82236c92	
devel/usr/local/share/gemini/res/swd/ucs2-dev-sid-451-01.swd	file	0o644	236	1ca4e31cb985582eb166bef7ebc45491c970167d9e695f7b3635808b02626f46	
devel/usr/local/share/gemini/res/swd/ucs2-dev-sid-452-00.swd	file	0o644	186	dd9b462b72fd5dfbad8ad7b961560632e4931504152a9fabccad8c9aa5b37296	
devel/usr/local/share/gemini/res/swd/ucs2-dev-sid-452-01.swd	file	0o644	236	cdc6ee4d0a1c23afbb54608d989eca1002c67b0ef49a461d3e54b7ba55af68e9	
devel/usr/local/share/gemini/res/swd/ucs2-dev-sid-453-00.swd	file	0o644	238	8965da15f93464df98019cdecef0288673bb9d5bb3b87eb364dec967386bb670	
devel/usr/local/share/gemini/res/swd/ucs2-dev-sid-453-01.swd	file	0o644	275	d6946d9da7512533d185a7aee55616311283d728c7690fe85b26f5fdb3a8788a	
devel/usr/local/share/gemini/res/swd/ucs2-dev-sid-454-00.swd	file	0o644	235	702c82c0309887ab977206d63b8f425ca782e87f6088355f77eb80ea76730bce	
devel/usr/local/share/gemini/res/swd/ucs2-dev-sid-454-01.swd	file	0o644	278	89545c232b961ce17aa528471b588cd0aebac87842cb2090e3ce101e0aff9f7d	
devel/usr/local/share/gemini/res/swd/ucs2-dev-sid-455-00.swd	file	0o644	278	40aecc48cb625865746f5778308464113de3642cba377821b678b545f4cff5e9	
devel/usr/local/share/gemini/res/swd/ucs2-dev-sid-456-00.swd	file	0o755	1117	f1bd2bf55e7dfbcefde49f7ac2315912e728dde8fb94eafb51137d75a8e64eb5	
devel/usr/local/share/gemini/res/swd/ucs2-dev-sid-456-01.swd	file	0o755	456	29ebf88f69cabdb5068f71832bd24834c3b24d8373228d0dff1fa5303a96e0c7	
devel/usr/local/share/gemini/res/swd/ucs2-dev-sid-457-00.swd	file	0o644	265	9a1638c05ff22de454a878a44262fea5d0bf266c00daaf226f24c4874516bae1	
devel/usr/local/share/gemini/res/swd/ucs2-dev-sid-458-00.swd	file	0o644	251	0020af43c834af5aa6a3d351b501aa361b5b373750925ad0b7edb0dc89b25006	
devel/usr/local/share/gemini/res/swd/ucs2-dev-sid-460-00.swd	file	0o644	188	5de450c528dc06b73b91a45b08e56b0d30ff26c2513b9983f477aa0f79431646	
devel/usr/local/share/gemini/res/swd/ucs2-dev-sid-463-00.swd	file	0o644	106	22fd1f71ac57b7bd75a55cec82e2c659f977f201a7e6554749f99e692eabee50	
devel/usr/local/share/gemini/res/swd/ucs2-dev-sid-464-00.swd	file	0o644	150	590fd32a029c6aa44f414325f83340c41a6a5f7e4c74bda50993b13e89d6b52d	
devel/usr/local/share/gemini/res/swd/ucs2-dev-sid-466-00.swd	file	0o644	150	41c9173c66c03bb4ed0074515513cfe64cdf464292238590187de7ef27f6456b	
devel/usr/local/share/gemini/res/swd/ucs2-dev-sid-467-00.swd	file	0o644	165	64f775249e6a8be1eef998e830f60b94fc0b406e3f1f48e290c3d87ae9647392	
devel/usr/local/share/gemini/res/swd/ucs2-dev-sid-469-00.swd	file	0o644	252	e7b3a133a9bdcfb86d2dbbafa5159324f1fef2f83952da2545d8c97de077c99e	
devel/usr/local/share/gemini/res/swd/ucs2-dev-sid-472-00.swd	file	0o644	202	8290f040014d33231385bb7a82f1bf1cb9ad1512c0bc82a11f9400565d4df745	
devel/usr/local/share/gemini/res/swd/ucs2-dev-sid-473-00.swd	file	0o644	242	c8ea0aa2424132f20107b9e749f32ff4c1b60ffdec4467baa0f6ab021893cc2e	
devel/usr/local/share/gemini/res/swd/ucs2-dev-sid-474-00.swd	file	0o755	446	b04075386e75099fd9df5d03eef5be2a6e96da8cb54ddc9cde0456b8c30f494d	
devel/usr/local/share/gemini/res/swd/ucs2-dev-sid-475-00.swd	file	0o644	412	727d266851377627968c99cea18349b9e12a718722dbe866efffdc6ab7deb1d2	
devel/usr/local/share/gemini/res/swd/ucs2-dev-sid-476-00.swd	file	0o644	362	452200549624419bc1a46ff294e45f637f50cbfb59ac15fe0a92b7c62feed18b	
devel/usr/local/share/gemini/res/swd/ucs2-dev-sid-477-00.swd	file	0o755	221	9dfe627bbaa4e19dd09f48a5eea172ee501227f3b37c00569b10067ea3085ce2	
devel/usr/local/share/gemini/res/swd/ucs2-dev-sid-478-00.swd	file	0o644	233	cba0ee3f4973d39c2d5eebcdceac4716c70c030088ca3f7558e4608967c00c59	
devel/usr/local/share/gemini/res/swd/ucs2-dev-sid-481-00.swd	file	0o644	277	eb014afda1e9f04d701b1bbaa977a4f135bf4caed838a66983840d7abd4da2b4	
devel/usr/local/share/gemini/res/swd/ucs2-dev-sid-485-00.swd	file	0o644	221	9d805821f17c6c64af2c23254f1d84279d074defc37cb8db5be8b2bb6d2e8514	
devel/usr/local/share/gemini/res/swd/ucs2-dev-sid-486-00.swd	file	0o644	268	c3eb2258d953618cfea9efc0c5394f707cb4e8d9d89688384fa42dd26c2e0cc3	
devel/usr/local/share/gemini/res/swd/ucs2-dev-sid-487-00.swd	file	0o644	264	9ecc86343dc690346da196e072ce9eea7e1d638046742921b0a71f04cc340888	
devel/usr/local/share/gemini/res/swd/ucs2-dev-sid-488-00.swd	file	0o644	339	59f8562fbb5d4f29facc9f125653d47ea5bcc2dbc4e5182bb0c2c90a7d27414c	
devel/usr/local/share/gemini/res/swd/ucs2-dev-sid-489-00.swd	file	0o755	271	f8948e001c1af041fb33b5942d9b804d69c61954a46284d03107ba45d7d7df3b	
devel/usr/local/share/gemini/res/swd/ucs2-dev-sid-490-00.swd	file	0o755	172	c408b4d4adb730d0d4ca21bca205a50af828b5b7c3dd986edd23187359813bec	
devel/usr/local/share/gemini/res/swd/ucs2-dev-sid-491-00.swd	file	0o755	154	18e16ffd967cdb097891a5f6bb52ad8c1aba3216de298330c4aa7183846469d8	
devel/usr/local/share/gemini/res/swd/ucs2-dev-sid-492-00.swd	file	0o755	141	2af5abe6819b06015e8d33b10c578aee8f34220243088936ef1b7355a66bab03	
devel/usr/local/share/gemini/res/swd/ucs2-dev-sid-493-00.swd	file	0o755	164	c2dd9da60f2e4ee10a5324c924a694ff3bbe2b546a634bc2e9d21788458c6984	
devel/usr/local/share/gemini/res/swd/ucs2-dev-sid-494-00.swd	file	0o755	153	46f983f0c9fc514f1de8e0a50580d32ea812f199a7af53575bda08f1abd31e73	
devel/usr/local/share/gemini/res/swd/ucs2-dev-sid-495-00.swd	file	0o755	157	004c69d1ecc452cc0f6f6dfdd245268ac4127f6b5332956af20d60cdd8c1518d	
devel/usr/local/share/gemini/res/swd/ucs2-dev-sid-496-00.swd	file	0o755	151	a9f1cbfa1e1c89c54f798bee2e74b4d43668019dbffb0889c01ba3cf5a70b11b	
devel/usr/local/share/gemini/res/swd/ucs2-dev-sid-497-00.swd	file	0o755	144	929824ca6045f1b3f52cb55ba44d2d93493094a8d58bde5e963b28a2b68f32ef	
devel/usr/local/share/gemini/res/swd/ucs2-dev-sid-498-00.swd	file	0o644	622	9a4d886aca415a583a60cac9f64327190500850af9535b6cb7e6e5b818d33f50	
devel/usr/local/share/gemini/res/swd/ucs2-dev-sid-500-01.swd	file	0o755	1400	3914c38805bafd9fdf6bfa943c8b8570c87fe9323e4ae4e64057640196c5662b	
devel/usr/local/share/gemini/res/swd/ucs2-dev-sid-500-02.swd	file	0o755	1076	11e6d8e1d1f9f15901ddad39907f44529c23d6f983978324890e52c8826fb369	
devel/usr/local/share/gemini/res/swd/ucs2-dev-sid-500-03.swd	file	0o755	974	aa9d259533432fc788ceb31d4291ddc2ce1130c169049604dc9ff12d4aab8d12	
devel/usr/local/share/gemini/res/swd/ucs2-dev-sid-500-04.swd	file	0o755	1016	3fc1246371d8d6b1a375ecdc49680017662a9471a2595a265697225e6b4ff28d	
devel/usr/local/share/gemini/res/swd/ucs2-dev-sid-501-00.swd	file	0o644	244	2e25962e7400b7d3ea32ce6635e12809483a082a81605df8e11904ab4707ba8c	
devel/usr/local/share/gemini/res/swd/ucs2-dev-sid-502-00.swd	file	0o644	249	b75dea9067c3f260da8b91897da86a12b8364c14b37cf1aa5bb7013a15bc6d13	
devel/usr/local/share/gemini/res/swd/ucs2-dev-sid-503-00.swd	file	0o644	205	45fb07ec4498f1ef009930ac9782254f925d83afd977e8802cccbf97a757597b	
devel/usr/local/share/gemini/res/swd/ucs2-dev-sid-504-00.swd	file	0o644	205	eff0d619d48cdd1283df65e0ccb163cbb7e77ca8fcc3b8ac7496a8ca0538a0d0	
devel/usr/local/share/gemini/res/swd/ucs2-dev-sid-504-01.swd	file	0o644	173	0121d8bede4cbb3cc81db0d325ffba8d0b52c1dd558ad39a082d84726a666ce9	
devel/usr/local/share/gemini/res/swd/ucs2-dev-sid-505-00.swd	file	0o644	226	a9647576dc254e238c67cb044d6237f87d8d85b3a500e451e59fe2be522f4c78	
devel/usr/local/share/gemini/res/swd/ucs2-dev-sid-506-00.swd	file	0o644	210	b43f7ae0c063099e42a0fbfba49155473f6d580896be428482953293fa01983e	
devel/usr/local/share/gemini/res/swd/ucs2-dev-sid-507-00.swd	file	0o644	186	d547372e426b66dedc596454a1f573e7ca6c1f7553224e9bad7696c654fc857e	
devel/usr/local/share/gemini/res/swd/ucs2-dev-sid-508-00.swd	file	0o644	418	cdb72cdf3fa8a65299f378db88de0fd39fb8041fade6a16ffd99a394057b2837	
devel/usr/local/share/gemini/res/swd/ucs2-dev-sid-509-00.swd	file	0o644	603	7b771118c65d9731bfc5dcbd9c3e1a93bf2df2eb50ff03f4e68c7ade075bd249	
devel/usr/local/share/gemini/res/swd/ucs2-dev-sid-510-00.swd	file	0o644	393	455da9adc2c3ab2513851c8a54dbfe2902c43d34d14186575e8a1b8d7103cfae	
devel/usr/local/share/gemini/res/swd/ucs2-dev-sid-511-00.swd	file	0o644	284	ffad90c8f4500d293f936dff6cb260b4b80b37ba24f05bd5563fdf6962f5fb73	
devel/usr/local/share/gemini/res/swd/ucs2-dev-sid-512-00.swd	file	0o644	211	87211d3eda99297a43b38db192a720de711d1a3470d8108419a50e66e4b266cd	
devel/usr/local/share/gemini/res/swd/ucs2-dev-sid-513-00.swd	file	0o644	377	0f0ab93ce449290357a4fd5a776dec9c4b4d9f63b8174dbd5f62312925cffa69	
devel/usr/local/share/gemini/res/swd/ucs2-dev-sid-514-00.swd	file	0o644	392	914b6580bac05b0848f3bfe4fd806fb9bfdb6d782961f0fff9e228c09c920eba	
devel/usr/local/share/gemini/res/swd/ucs2-dev-sid-515-00.swd	file	0o644	177	542b730547d442a25f77cb4163cd766052811e8a14002ab5f9577a63e1743269	
devel/usr/local/share/gemini/res/swd/ucs2-dev-sid-516-00.swd	file	0o644	189	f208c54250ee82693cede08a4c11621d2333b33d5556b3f7239d99047e699faf	
devel/usr/local/share/gemini/res/swd/ucs2-dev-sid-517-00.swd	file	0o644	240	0fbaf4dc3fab0b43aa5a0e39057435d2e6ffd8744eacb80252dfc9a54f118ac1	
devel/usr/local/share/gemini/res/swd/ucs2-dev-sid-518-00.swd	file	0o644	255	20fce81bb0d1775ea8723ca649af02e1ffb27e71310cad7a40533ef40fb1a7de	
devel/usr/local/share/gemini/res/swd/ucs2-dev-sid-519-00.swd	file	0o644	276	9aafc1840b5515a313b9bddc17c6ce1fb461d326a91eb6df63865f7f5cd60801	
devel/usr/local/share/gemini/res/swd/ucs2-dev-sid-520-00.swd	file	0o644	225	428493b8eb92d09cf5cb650a7b7368ae7590c86d284c43799a43a1c1164795d7	
devel/usr/local/share/gemini/res/swd/ucs2-dev-sid-521-00.swd	file	0o644	297	5115c4f0991f2b590f956c1b47babd04610d233ea9694cfdaf9bd172a5eafb7b	
devel/usr/local/share/gemini/res/swd/ucs2-dev-sid-522-00.swd	file	0o644	408	66b5706d743b78b77226e8379d991e3ee50a4adc6142cccc7794abcfbff985eb	
devel/usr/local/share/gemini/res/swd/ucs2-dev-sid-523-00.swd	file	0o644	269	cefd1ef1356939661de6cfdecca63795cefd1df3cb4897fb0d8b7948fc87c366	
devel/usr/local/share/gemini/res/swd/ucs2-dev-sid-524-00.swd	file	0o644	243	5c6c6abd7d78e359384107cb62bc83e29ca7b74ae0a9677e2b91d897a93d00f9	
devel/usr/local/share/gemini/res/swd/ucs2-dev-sid-525-00.swd	file	0o644	406	ed758c1c34a0117f12e5997e3cd33cfff7c54813c09d396135c62c71097a6dcc	
devel/usr/local/share/gemini/res/swd/ucs2-dev-sid-526-00.swd	file	0o644	261	aa2d44ad7b4edf86df9ec42a0399b0c836461da15a682f20894259cbeb40bf27	
devel/usr/local/share/gemini/res/swd/ucs2-dev-sid-527-00.swd	file	0o644	253	d6a5712248f0b24514a6094bbb045458161d66bb269ffa2a60ab8e2ad20c4baa	
devel/usr/local/share/gemini/res/swd/ucs2-dev-sid-528-00.swd	file	0o644	364	bb78ac0472035f945092b25833f6730ae73f5f509a0736f52b2f348d0308cc2a	
devel/usr/local/share/gemini/res/swd/ucs2-dev-sid-529-00.swd	file	0o644	370	501fddc28bf9f3a4dd8e377bd18affcdb12e354996e4915476f6a367a874807c	
devel/usr/local/share/gemini/res/swd/ucs2-dev-sid-530-00.swd	file	0o644	256	f80702134dfe28d097553bf61fb6efd625d2a266dc1a207ca92ffca558105790	
devel/usr/local/share/gemini/res/swd/ucs2-dev-sid-531-00.swd	file	0o644	339	398963ebbf49ed6834ed0e676fe207b0bdd1ef8de7b5d6c747ab45bdffb8a281	
devel/usr/local/share/gemini/res/swd/ucs2-dev-sid-532-00.swd	file	0o644	244	0e117c2eef5d5e315476421d62f857044dcbf60df77e9982a62ca59ad8fdfac8	
devel/usr/local/share/gemini/res/swd/ucs2-dev-sid-533-00.swd	file	0o644	257	527be053a9103a31b71341aeb57ecdc18eb83eec110338459cf5c7262ca9c701	
devel/usr/local/share/gemini/res/swd/ucs2-dev-sid-534-00.swd	file	0o644	342	b65fa44051e6e8d2e2641bee339c9d2753814ae537fabfd9ee607856a22d1f6e	
devel/usr/local/share/gemini/res/swd/ucs2-dev-sid-535-00.swd	file	0o644	428	2fbe31e886b8073c401a2dc6cb0c389e8ff0baf9b00dea71b8477e88402cf346	
devel/usr/local/share/gemini/res/swd/ucs2-dev-sid-536-00.swd	file	0o644	330	429d22a22a97171297b39525876c26b846fc115675e51a8ce3d37c1e0c95df8b	
devel/usr/local/share/gemini/res/swd/ucs2-dev-sid-537-00.swd	file	0o644	318	ffe0c02dc02a3ced8457ffdfeae67e1dea2c7ba228c27ebfc48990bb7101a7c6	
devel/usr/local/share/gemini/res/swd/ucs2-dev-sid-538-00.swd	file	0o644	299	b08ed947f01d42ec54a8d709de16d4b6cc2a03d52ae9dcb241f1562c91665620	
devel/usr/local/share/gemini/res/swd/ucs2-dev-sid-539-00.swd	file	0o644	1000	ab876b3846091fb7010011577ff7ae3561e15855b0593d2efaaa34b1fc55e499	
devel/usr/local/share/gemini/res/swd/ucs2-dev-sid-540-00.swd	file	0o644	897	1adbbbf7110266e39ef8b7772e446b95c184a3071f37df86143bc4f772b683bc	
devel/usr/local/share/gemini/res/swd/ucs2-dev-sid-541-00.swd	file	0o644	565	45bf91bb5af87af539c6b3686e3baf61ba4702aafc20d1edd35f38f009e108e6	
devel/usr/local/share/gemini/res/swd/ucs2-dev-sid-542-00.swd	file	0o644	259	86243b64035c596b97999a2cb470524ad450151a4a4628df918cc5d2f234832a	
devel/usr/local/share/gemini/res/swd/ucs2-dev-sid-543-00.swd	file	0o644	259	31f42186c4581b1566ff8d1ed929dd72b62873e2d90659bd426b8d2fdfafd9af	
devel/usr/local/share/gemini/res/swd/ucs2-dev-sid-544-00.swd	file	0o644	191	9beccbd3abd196ab366544eef886e77e7187980ecbd12d31b56b9e2fad886c4d	
devel/usr/local/share/gemini/res/swd/ucs2-dev-sid-545-00.swd	file	0o644	206	d786a5a4a13632ce5470d669fedce72f5c683769ecdc68ec2cbe366d70e889ba	
devel/usr/local/share/gemini/res/swd/ucs2-dev-sid-546-00.swd	file	0o644	231	ae04a428ab5e44fa00845bb8b8ffc6634a7043078d5287114d2023d077c62b43	
devel/usr/local/share/gemini/res/swd/ucs2-dev-sid-547-00.swd	file	0o644	140	a5bd22dff30554aeaee922a17aed8c4cc191078b0125daa9213d1b43970432a1	
devel/usr/local/share/gemini/res/swd/ucs2-dev-sid-548-00.swd	file	0o644	202	581d47cc0574535ee0a5a67a701ba629128f4ef35d144dc1a6d70591f6019bfc	
devel/usr/local/share/gemini/res/swd/ucs2-dev-sid-549-00.swd	file	0o644	245	ef36ccc46cb32595585f3bb972a137ca70af2d7f2fe46618dfa77c4ed9905be3	
devel/usr/local/share/gemini/res/swd/ucs2-dev-sid-549-01.swd	file	0o644	244	d210280bd42fb032e62a7e692f598985191e42c76185e2f5dfaa16129a7c2225	
devel/usr/local/share/gemini/res/swd/ucs2-dev-sid-550-00.swd	file	0o644	212	8f9175877c5d757850be37bae0dc9613fae7fb0688b06b62c08b42e6618d17e1	
devel/usr/local/share/gemini/res/swd/ucs2-dev-sid-551-00.swd	file	0o644	205	efe8666e903b2c238e9adba5e99ed9b88b02439cfbb3f6a4e9e210f07116b022	
devel/usr/local/share/gemini/res/swd/ucs2-dev-sid-552-00.swd	file	0o644	202	1f6119048670fa9036d2702cfbe5ebc0b04664beb6502ef10e09b3cfd4522095	
devel/usr/local/share/gemini/res/swd/ucs2-dev-sid-553-00.swd	file	0o644	254	81a7c93d6c8b64d7a600ce110a1ff5d9819e01b122d07d7f241c7a15e265173f	
devel/usr/local/share/gemini/res/swd/ucs2-dev-sid-553-01.swd	file	0o644	254	a24bcb5424339b200bb4045abf1a1afb14c792bc0b22f214151c806b706c782a	
devel/usr/local/share/gemini/res/swd/ucs2-dev-sid-554-00.swd	file	0o644	193	6ddef9a3defcef8a3f7e01e21dd15757208500d77187071e83a2a7e63d5c221f	
devel/usr/local/share/gemini/res/swd/ucs2-dev-sid-555-00.swd	file	0o644	191	63304c7f11f12f9481bab9008e356ca68d47b09a42d5638693c7a2ad3f575bf5	
devel/usr/local/share/gemini/res/swd/ucs2-dev-sid-556-00.swd	file	0o644	267	39b6fc3046e88dc097c062f9044724bed6ac8f39913aa42f1af8d0b9af37253f	
devel/usr/local/share/gemini/res/swd/ucs2-dev-sid-557-00.swd	file	0o644	339	7125b680f4876e54d0866a05fea19f419d33eea16bca20b1d09197b665c30071	
devel/usr/local/share/gemini/res/swd/ucs2-dev-sid-558-00.swd	file	0o644	345	7b9907b2b12cea3b18d908bb4e3366ac392d11bd94c33a8e4f7733dd0ce5f265	
devel/usr/local/share/gemini/res/swd/ucs2-dev-sid-559-00.swd	file	0o644	273	f458cc2d04f5ba133522dfea8a884a706ba8ac57ce397e8d91122e2f098c9928	
devel/usr/local/share/gemini/res/swd/ucs2-dev-sid-560-00.swd	file	0o644	338	6d56034bb09c7d5bdc11f1863ab72753f3806c008ebffe4d9e45bd277993bb5d	
devel/usr/local/share/gemini/res/swd/ucs2-dev-sid-561-00.swd	file	0o644	265	2fe492a431926cda9bde3cba37de8d86ca3ce92898f0238dde08bac319955f64	
devel/usr/local/share/gemini/res/swd/ucs2-dev-sid-562-00.swd	file	0o644	221	6ee8bd5f870114098bf17a52ef50f622e7b57161a48480f490c8d27ef827cc42	
devel/usr/local/share/gemini/res/swd/ucs2-dev-sid-563-00.swd	file	0o644	144	0955381ae0a28f6387caed520724822a10fb0c9f3f817cd8891a43f39de21279	
devel/usr/local/share/gemini/res/swd/ucs2-dev-sid-564-00.swd	file	0o644	284	250b1ca07a342ca700b9cf3f622b59063bafea98bd332f3471a0c6e61e945a4f	
devel/usr/local/share/gemini/res/swd/ucs2-dev-sid-565-00.swd	file	0o644	262	dfd129f9807d06559924041f92908032a520fd30fe738cfec044fa2f1b6b3646	
devel/usr/local/share/gemini/res/swd/ucs2-dev-sid-566-00.swd	file	0o644	242	86950a4e351576292e08872f4f4d11e5475762c04625fd725d966e1c556c5eaf	
devel/usr/local/share/gemini/res/swd/ucs2-dev-sid-567-00.swd	file	0o644	213	68783e93fe10efef952938b448cc166e9700ac79169af514d53fd213cf8f006e	
devel/usr/local/share/gemini/res/swd/ucs2-dev-sid-567-01.swd	file	0o755	280	986af865dc3bdc674526a3cdc163ebe762e84be7fc2735880663cb17b89f5b5b	
devel/usr/local/share/gemini/res/swd/ucs2-dev-sid-568-00.swd	file	0o644	401	1588701e66c82272b635022ca61d68cf77a7a57c92d014539f5bb4905f689376	
devel/usr/local/share/gemini/res/swd/ucs2-dev-sid-569-00.swd	file	0o644	211	e34d7591ddc2087a31bcc5106d5a591caa6636c71308e4985411028c85958e8e	
devel/usr/local/share/gemini/res/swd/ucs2-dev-sid-569-01.swd	file	0o644	316	691b23ae1849035f463c230854b6091eac30e92cbdb35466d102f00b24a982fa	
devel/usr/local/share/gemini/res/swd/ucs2-dev-sid-570-00.swd	file	0o644	448	257fe2881fcce363c783b4c0234610e78fd542db865e044832a217d4985c7f96	
devel/usr/local/share/gemini/res/swd/ucs2-dev-sid-571-00.swd	file	0o644	741	5bb1fd30e2ea7762c287a2054fef701f886bb8f28700ce3bada6ac5bbfe6f9f8	
devel/usr/local/share/gemini/res/swd/ucs2-dev-sid-571-01.swd	file	0o755	84	4eb477d3b4609b5d4e41a22d4eeca30ffd20a7dc8392b0d7d90ace1dc469a079	
devel/usr/local/share/gemini/res/swd/ucs2-dev-sid-572-00.swd	file	0o644	169	38fa46729a44f1e22d1e4a4cf453a692a06aa0020e143e4960ad51493583798e	
devel/usr/local/share/gemini/res/swd/ucs2-dev-sid-572-01.swd	file	0o755	102	bea5a7d98abf4149463558a37c76cb433c6c00aed450733ed9903396cdfbda1f	
devel/usr/local/share/gemini/res/swd/ucs2-dev-sid-573-00.swd	file	0o644	404	4bfa04d04dbf5d4ff5792dd5487352e14d33fdf5dbf7b53c69879eba2bb507fe	
devel/usr/local/share/gemini/res/swd/ucs2-dev-sid-574-00.swd	file	0o644	175	01f4fe0160dcd3a214fc52ec4ec27caeedcef6ed0f9ed986070d44595fa1915e	
devel/usr/local/share/gemini/res/swd/ucs2-dev-sid-575-00.swd	file	0o644	169	2ea88e3c24aa009c10ee7de9786c875553c8319875ff6dd0a2f9d1ee88348138	
devel/usr/local/share/gemini/res/swd/ucs2-dev-sid-576-00.swd	file	0o644	329	49723d751d583e8416a65aa40a8ba1fbf9a73888473931674ecf197f90a91780	
devel/usr/local/share/gemini/res/swd/ucs2-dev-sid-576-01.swd	file	0o755	272	e14555cebb2d129698ea4b3400d3ac8eeddf6947792c8b4f6b6a0560fdc4628b	
devel/usr/local/share/gemini/res/swd/ucs2-dev-sid-576-02.swd	file	0o755	272	d8f2c76d9a923e530cbbfe3071db20532ca43959384bdf5714dd7b64fdb36ba7	
devel/usr/local/share/gemini/res/swd/ucs2-dev-sid-577-00.swd	file	0o644	318	5669e0a4ca268abcd64c394662e321a35bde37e95abb3f4d0371caf34f21c104	
devel/usr/local/share/gemini/res/swd/ucs2-dev-sid-578-00.swd	file	0o644	347	2bd166af2e692b497a112a83109af7995834a332208d3fe7fd9514b7668ea5b4	
devel/usr/local/share/gemini/res/swd/ucs2-dev-sid-579-00.swd	file	0o644	138	01cee8c4d1936f42f72ba8787b6182ed8635d3aa21c4100d6b67c16a68c2a503	
devel/usr/local/share/gemini/res/swd/ucs2-dev-sid-580-00.swd	file	0o644	287	c175ca9b78c76840f4a359e4b3c5b1072834dd07444f7b317be9a5fa89776a95	
devel/usr/local/share/gemini/res/swd/ucs2-dev-sid-581-00.swd	file	0o644	158	35baae36e60ffb1d8ccf6428c4f8cd60715cfd1cd651c80c24c1d14c70609345	
devel/usr/local/share/gemini/res/swd/ucs2-dev-sid-582-00.swd	file	0o644	140	3eb88d53f1954054e2bfcb4e1a92d027774cab9c4af0cedc9a16d273dffd3d63	
devel/usr/local/share/gemini/res/swd/ucs2-dev-sid-583-00.swd	file	0o644	241	db53e0170239eddc06c58d4dab64907c7fcd1dc488acc9c3551b006c28798a84	
devel/usr/local/share/gemini/res/swd/ucs2-dev-sid-584-00.swd	file	0o644	192	35420dde4b16c9bf13117511d0c9412fb6b415c8ae9435c2d9fc08db6b3aa6b9	
devel/usr/local/share/gemini/res/swd/ucs2-dev-sid-585-00.swd	file	0o644	145	ca438627d46cbcdfb60ab81c44adc7b1025427c7193b741633fe10c70bd289f2	
devel/usr/local/share/gemini/res/swd/ucs2-dev-sid-586-00.swd	file	0o644	199	d110e14848b81ad4e27a4f04d189bdd82b578a30ea5aaf55c87c21cbab6603c8	
devel/usr/local/share/gemini/res/swd/ucs2-dev-sid-587-00.swd	file	0o644	176	63d73e0917296559df2354b82b84f799a410e03ba09bdd7d431c4c652bfc26f0	
devel/usr/local/share/gemini/res/swd/ucs2-dev-sid-588-00.swd	file	0o644	198	b58ca34579cdf79140df10450ddc3f56ea89e2be0f09258a968e6e0e54d9c6a5	
devel/usr/local/share/gemini/res/swd/ucs2-dev-sid-589-00.swd	file	0o644	134	2769d35ee7fb855c7649e70eb24dff3f336c502af699b58612b9509ee894bb4b	
devel/usr/local/share/gemini/res/swd/ucs2-dev-sid-590-00.swd	file	0o644	123	8f72c1778e1912c50a6eeec7b08bc33746d86c93ef8fcca39b1d52a7cf23b6c4	
devel/usr/local/share/gemini/res/swd/ucs2-dev-sid-591-00.swd	file	0o644	151	5a6958415dfbd7089eaf2e0e8f472001e5fca3edd3be1c0416fa080a9a9e3786	
devel/usr/local/share/gemini/res/swd/ucs2-dev-sid-592-00.swd	file	0o644	146	2bd05a2b9aae68d486e7bf96eef639d8d394885254f81ebfe2d1cc9dc2bc81f0	
devel/usr/local/share/gemini/res/swd/ucs2-dev-sid-593-00.swd	file	0o644	204	bc20457b5aa038fe029d5c70f5a9cf2e4c26b431e6a78e20591de539a4f14279	
devel/usr/local/share/gemini/res/swd/ucs2-dev-sid-594-00.swd	file	0o644	170	13d65266b9c4ea71760911dea044d167fbb1ddf23ff3fe497ea9232738677cfc	
devel/usr/local/share/gemini/res/swd/ucs2-dev-sid-595-00.swd	file	0o644	232	56c408b9093f0b09ef0d80f0d1759301293ff13b7f7c165d11f3dff1d8eec72c	
devel/usr/local/share/gemini/res/swd/ucs2-dev-sid-596-00.swd	file	0o644	154	23002cafd9fc56e0f8d18882ffb4f49db32c6f657fbc0d9f8e0cc0cbd629d8c5	
devel/usr/local/share/gemini/res/swd/ucs2-dev-sid-597-00.swd	file	0o644	238	1a2e33a45905da09b592c53b38e97d027489f630b4cd247b13fcbdf2388333dc	
devel/usr/local/share/gemini/res/swd/ucs2-dev-sid-598-00.swd	file	0o644	168	3aaa042d82baf1920cb4e200b54bebf7353a6b6e3bc755c034cc5a58caa6592c	
devel/usr/local/share/gemini/res/swd/ucs2-dev-sid-599-00.swd	file	0o644	176	aed15e845448f8dd44a633ed8804b1772236a1c3c1d8d1159d0671fd27d1c15a	
devel/usr/local/share/gemini/res/swd/ucs2-dev-sid-600-00.swd	file	0o644	313	614951787ba37eb8aaad4ba78e9bd7f3c0b6eb5fcfac3c26774461037477f564	
devel/usr/local/share/gemini/res/swd/ucs2-dev-sid-601-00.swd	file	0o644	200	57e5a27d9d9db6808813d16fdaa53633d8ab722f69b6f0a6e6a7f1eee4cf01c7	
devel/usr/local/share/gemini/res/swd/ucs2-dev-sid-602-00.swd	file	0o644	271	3e65a9dc4fbf15ffb41444b549a9394e716e0a23959a18aac7c11e048474a7d4	
devel/usr/local/share/gemini/res/swd/ucs2-dev-sid-603-00.swd	file	0o644	258	5619d562de2779367c647bb5ef87981a367e9fbac7906830987a5b7ac989c51f	
devel/usr/local/share/gemini/res/swd/ucs2-dev-sid-604-00.swd	file	0o644	229	2a590ba2f6dc5bc3ca5a2cc2e1692aaf991d6d08b914ad32f36ac7216745bd37	
devel/usr/local/share/gemini/res/swd/ucs2-dev-sid-605-00.swd	file	0o644	226	1009b065df88fd02b8da7ff296c6c34e3822991aa56e5bc2e407546ae3d8e115	
devel/usr/local/share/gemini/res/swd/ucs2-dev-sid-606-00.swd	file	0o644	214	2b888c287f723410130d34be91c0b8f763131dd75f0e168271865a3f0ab1dfe1	
devel/usr/local/share/gemini/res/swd/ucs2-dev-sid-607-00.swd	file	0o644	209	01cdd70c9df0452161281b7e5cc7db6c6416dfbc23fccefa25d42e06f6f36a39	
devel/usr/local/share/gemini/res/swd/ucs2-dev-sid-608-00.swd	file	0o644	218	d8adc30920d29a92d9b986227d9e6472c9afbc9cad1a519b2fc4739216c897d8	
devel/usr/local/share/gemini/res/swd/ucs2-dev-sid-620-00.swd	file	0o755	334	647b9155d17a1b6191a6000fcca90204e9f82c919d04e1e97251be273c89a30b	
devel/usr/local/share/gemini/res/swd/ucs2-dev-sid-622-00.swd	file	0o644	286	3f9ab0b25cefc235b58058ebc5b679e35b9121ee5874259f3d0e158c380d2dc6	
devel/usr/local/share/gemini/res/swd/ucs2-dev-sid-623-00.swd	file	0o644	295	0e88548e33b6755519c0bc91c364b1319e89c797479653790c2467fac2517363	
devel/usr/local/share/gemini/res/swd/ucs2-dev-sid-624-00.swd	file	0o644	263	32dcee1b4d06809af2aec840d4f54684a0f39c1caf2dcd727809ee829b2e36fe	
devel/usr/local/share/gemini/res/swd/ucs2-dev-sid-625-00.swd	file	0o644	349	b83d352d91e9105f66663d22d518facaf6f5f166b9a91c02c775f749cf0ea215	
devel/usr/local/share/gemini/res/swd/ucs2-dev-sid-626-00.swd	file	0o755	290	2d5daca467db21b722d04669a9cfdd29c423a97b5c85ba90e06246a1da3e949f	
devel/usr/local/share/gemini/res/swd/ucs2-dev-sid-627-00.swd	file	0o644	178	1937bda54ad55c8da2403ccf49c053f3a1c56b2c161b4ad6f4b854ee48517da2	
devel/usr/local/share/gemini/res/swd/ucs2-dev-sid-628-00.swd	file	0o755	293	091a06c8aa7cee243f61c441866636450d7187e023071089aee01c0342d4cc9b	
devel/usr/local/share/gemini/res/swd/ucs2-dev-sid-629-00.swd	file	0o644	182	f3af7f53f7d179499c6d7e27dee0f690424e3684712063b91c304d5e1914102c	
devel/usr/local/share/gemini/res/swd/ucs2-dev-sid-630-00.swd	file	0o755	350	e69ac3f0cff946356cb2ed19e03aad1ffb3a33b6e6d2658854e7892c0550f756	
devel/usr/local/share/gemini/res/swd/ucs2-dev-sid-631-00.swd	file	0o755	338	437fc1522dd599f164e524b5a282b0d0b6861518545a50a5bd5a8a7865c9069b	
devel/usr/local/share/gemini/res/swd/ucs2-dev-sid-634-00.swd	file	0o644	323	bc7fc0b3a1547bc2592b4bd42ebe4a4f9945ee59512a4cb61d1f76c807b1ff3e	
devel/usr/local/share/gemini/res/swd/ucs2-dev-sid-635-00.swd	file	0o644	171	66f3877911cf954fdea1139c5fb83965faee6c54e886b4d16a989e4a9cd0d261	
devel/usr/local/share/gemini/res/swd/ucs2-dev-sid-637-00.swd	file	0o644	176	67694096bb359b79365efde44a6137f418831719fe3816f6e5f0600012c9d6b1	
devel/usr/local/share/gemini/res/swd/ucs2-dev-sid-638-00.swd	file	0o644	193	9e06d217324fc21dd5c4f00d5a69f243141e03a452d4f7b5c2ded2ad5a2aad50	
devel/usr/local/share/gemini/res/swd/ucs2-dev-sid-639-00.swd	file	0o644	201	ca37fb407b94b9b26436d6fe3ebd22d63e6101988736bbc6dccd32dea22eab6b	
devel/usr/local/share/gemini/res/swd/ucs2-dev-sid-640-00.swd	file	0o644	415	3f506bfe6995250d435ee57b3848bb838ee6d80c38a8196c5a5a7aa41ab0e38f	
devel/usr/local/share/gemini/res/swd/ucs2-dev-sid-640-01.swd	file	0o755	142	9628b36344fe8e508534791cd7a914265ddd041fbaa6a3b80bb988a7453c89b1	
devel/usr/local/share/gemini/res/swd/ucs2-dev-sid-641-00.swd	file	0o755	208	9e80a548e688352aff2edcdf6519c1d5c373d5c8f51caa1bf643841f6f21bc54	
devel/usr/local/share/gemini/res/swd/ucs2-dev-sid-642-00.swd	file	0o644	98	c25d6bc0dd2722486ec5883fce2a61d4f157a7d5f19be774cd61b9c713b0fab1	
devel/usr/local/share/gemini/res/swd/ucs2-dev-sid-643-00.swd	file	0o644	127	1c59bff06d774747ffdb60657ce323c556d0231915e0564561738fd846284590	
devel/usr/local/share/gemini/res/swd/ucs2-dev-sid-644-00.swd	file	0o644	123	5a8bf729033c6f05f8608c6861bde2dc5757c0b19d733fa392088f45c7a92eeb	
devel/usr/local/share/gemini/res/swd/ucs2-dev-sid-645-00.swd	file	0o644	259	05dad49796c06510ab2ff9e20bcc9b540d5ca226e74cfe50197782a69a2bf0c3	
devel/usr/local/share/gemini/res/swd/ucs2-dev-sid-646-00.swd	file	0o644	166	e6d374d43cd18d1d5f32bd0159530df37d1a2b12953f2ec44b6451f89e792970	
devel/usr/local/share/gemini/res/swd/ucs2-dev-sid-647-00.swd	file	0o644	121	235a95e862ece1f9e4274caf573c036c7763a19cb0bb09523ad13bde470e2b2d	
devel/usr/local/share/gemini/res/swd/ucs2-dev-sid-648-00.swd	file	0o644	164	fd24e3f49e342293b180b0656906360e95ee1a74a7151d88f9a02c45cdf62436	
devel/usr/local/share/gemini/res/swd/ucs2-dev-sid-649-00.swd	file	0o644	144	273e6a44a04d04834e469517f73f46dbd44344744c111b4c222f8d4076458dd6	
devel/usr/local/share/gemini/res/swd/ucs2-dev-sid-650-00.swd	file	0o755	336	e92a6f9613030616c3acad6e15ac0f98ffc3ef0fa6133c41f057aea15a579006	
devel/usr/local/share/gemini/res/swd/ucs2-dev-sid-650-01.swd	file	0o755	143	e043c104dd805fe930d89d784991df2570bd8b79b8c97cb17f331750c2cfb017	
devel/usr/local/share/gemini/res/swd/ucs2-dev-sid-651-00.swd	file	0o755	200	f0e825eef511b9b2ad57f0167ca414772728905f3bcb9e56a5464f64d9a7e3c5	
devel/usr/local/share/gemini/res/swd/ucs2-dev-sid-651-01.swd	file	0o644	290	2c1a7133d13d5ca4c8f2158ecb491f504c067a936eb292e61338a2f6e8058174	
devel/usr/local/share/gemini/res/swd/ucs2-dev-sid-652-00.swd	file	0o755	191	3c40fed4ae1b4f2f5765eba6ed28d2ccd935691e74279da00b8fb5ea9a7758cc	
devel/usr/local/share/gemini/res/swd/ucs2-dev-sid-652-01.swd	file	0o644	1097	cf18bc2607758fcc22bef928d188a55c0eff2dba744da397ed40792d783ee8c0	
devel/usr/local/share/gemini/res/swd/ucs2-dev-sid-653-00.swd	file	0o755	201	8e4a503e945438f5806b2df975324f1fbcba2a79fc9dd37d783eababce63bb75	
devel/usr/local/share/gemini/res/swd/ucs2-dev-sid-654-00.swd	file	0o755	117	4308db2a87bb874b969b64279e9b769967dd30a52b1f0304f8be94a87b1b044d	
devel/usr/local/share/gemini/res/swd/ucs2-dev-sid-655-00.swd	file	0o644	304	14dc416368fe61fec271df188d384a0122add5a75363c821fc2f7ab6f7ff199f	
devel/usr/local/share/gemini/res/swd/ucs2-dev-sid-656-00.swd	file	0o644	198	80d331cf6942d05f584a6407bccb7dd064affe578d76361396f4ae64e4c5ea17	
devel/usr/local/share/gemini/res/swd/ucs2-dev-sid-657-00.swd	file	0o644	242	cfd164449015d69df6594777670aae51e93b49bb16136582e90657162342a977	
devel/usr/local/share/gemini/res/swd/ucs2-dev-sid-658-00.swd	file	0o644	157	a06fa354d27c62920166b8511a71e35c1dd46f5ea296fcf33c7cfcdb70882c14	
devel/usr/local/share/gemini/res/swd/ucs2-dev-sid-659-00.swd	file	0o644	152	10e7e32d9a60916efb1fffd5c819137a7dc9a222c65fe61964adf60f0042b981	
devel/usr/local/share/gemini/res/swd/ucs2-dev-sid-660-00.swd	file	0o644	153	cc9730f1e975ff0aa24b58c1adde25592c439044acf730cee2950aef3181ddb9	
devel/usr/local/share/gemini/res/swd/ucs2-dev-sid-661-00.swd	file	0o644	173	4f7bb5fb7c54d35db7ed375288ee66ba796d035f4faf6088463191a960ecaf5f	
devel/usr/local/share/gemini/res/swd/ucs2-dev-sid-662-00.swd	file	0o644	153	a0bdc86eac70c545ed5d40ecf056b0eee984e1b0594903a8406202985447ef0f	
devel/usr/local/share/gemini/res/swd/ucs2-dev-sid-663-00.swd	file	0o644	213	121cd10fa1c86443441f12a67cc0a61b54642888ee68122c928b9118f8357709	
devel/usr/local/share/gemini/res/swd/ucs2-dev-sid-664-00.swd	file	0o644	339	c459784be51403f334d0f97e5b68a8984eebb11c54cd589f536f81ce5e86556f	
devel/usr/local/share/gemini/res/swd/ucs2-dev-sid-665-00.swd	file	0o644	213	1d2de8aa82fd8283e9aa361d38a5e7abc30eb9c9c6d0bbf430a40555f5014e31	
devel/usr/local/share/gemini/res/swd/ucs2-dev-sid-666-00.swd	file	0o644	177	8590629222979cc99e6b0bab8aed8736310c928fb0f2ccf550ce926274fc3831	
devel/usr/local/share/gemini/res/swd/ucs2-dev-sid-667-00.swd	file	0o644	153	f64616f73331cbe4b4df371cc4231afaec57e07f33e72fa6c687239d84d1106a	
devel/usr/local/share/gemini/res/swd/ucs2-dev-sid-668-00.swd	file	0o644	171	51f2bbe0e1bb4873a7af1715c1cc148fa11913961cf05b2363961cb9954ddfc5	
devel/usr/local/share/gemini/res/swd/ucs2-dev-sid-669-00.swd	file	0o644	240	3f50ce36d3d0e37615117ceb63402d2fa549eb5b518d8ced542cb49eb7b525cf	
devel/usr/local/share/gemini/res/swd/ucs2-dev-sid-671-00.swd	file	0o644	202	d269f8573c6c56d1a0419e30d793107df5473d26a37e0c0bd1bfe9b63b758b68	
devel/usr/local/share/gemini/res/swd/ucs2-dev-sid-672-00.swd	file	0o644	197	2cd8219743c8d6881dcf5a6f683f24f82c5bcaa587f270babd124982a915ad87	
devel/usr/local/share/gemini/res/swd/ucs2-dev-sid-673-00.swd	file	0o644	187	d09a24ae0ace839e585f395e8ef6f0576dda8ac3ffc34847feb6fda892f3968f	
devel/usr/local/share/gemini/res/swd/ucs2-dev-sid-674-00.swd	file	0o644	317	ebe5ad7b0348d866805d49c311e9f9ca427846ea608cf0f37626d8a29539a092	
devel/usr/local/share/gemini/res/swd/ucs2-dev-sid-675-00.swd	file	0o644	291	47422ba0ee048e34fba1dc600dc2f6f9e7835449ff0af1d5058f5f8497258e97	
devel/usr/local/share/gemini/res/swd/ucs2-dev-sid-676-00.swd	file	0o644	494	3b956283239f6a8a097e8f362de820e8fa0a609bcafaf03daf9525610a790db2	
devel/usr/local/share/gemini/res/swd/ucs2-dev-sid-677-00.swd	file	0o644	181	e7f6ebe805ac444fd6ce49dabce1e220da56a41339856e47eee449c50d474a84	
devel/usr/local/share/gemini/res/swd/ucs2-dev-sid-678-00.swd	file	0o644	209	350185c197e6f6f45eee3a73e9943971fff6d70cb6fe62254e5e717eeb35cbd0	
devel/usr/local/share/gemini/res/swd/ucs2-dev-sid-679-00.swd	file	0o644	205	7f9c6617fcb5e0abd874e9164c872dcb02d6a195e3a024eed6df0cc0e0b806d2	
devel/usr/local/share/gemini/res/swd/ucs2-dev-sid-680-00.swd	file	0o644	156	1719d3d11906526e4004d03bed6b252701308d80543fde768c0280c2282768c2	
devel/usr/local/share/gemini/res/swd/ucs2-dev-sid-681-00.swd	file	0o644	358	d0bc7ec9807dbfbb3817e57d9ede6f6c316c39d190caee4d77699cd6521ebc9c	
devel/usr/local/share/gemini/res/swd/ucs2-dev-sid-682-00.swd	file	0o644	199	3720cb10007ab607303af941fd0602019c46620c28f786fbb3f5ee3477dc5413	
devel/usr/local/share/gemini/res/swd/ucs2-dev-sid-683-00.swd	file	0o644	222	60c842cb19a645c82e7ab201e8f91dd01d03a916fa9bebb810dc0bf49b0dc314	
devel/usr/local/share/gemini/res/swd/ucs2-dev-sid-684-00.swd	file	0o644	255	16990621bb8981d13d006c69661886665cd01c2f3e758c6b47a5049288635ebc	
devel/usr/local/share/gemini/res/swd/ucs2-dev-sid-685-00.swd	file	0o644	261	1f3b1d65b98ffe60600433999e1f9b3414eb6451784307e3d47e924203ed6ad5	
devel/usr/local/share/gemini/res/swd/ucs2-dev-sid-686-00.swd	file	0o644	254	55fd3897035bd715e3ad15390054b06cd35a066902a2fab825d28f60438a8d5c	
devel/usr/local/share/gemini/res/swd/ucs2-dev-sid-687-00.swd	file	0o644	292	272eab48e37d768738be8ba3b6e663f7b0946135e7fd547404ab8ede52535df3	
devel/usr/local/share/gemini/res/swd/ucs2-dev-sid-688-00.swd	file	0o644	818	1dc0be28268615f8f479b96af7d3ca3bf964ffac2fa4648451faffd2639eb1bc	
devel/usr/local/share/gemini/res/swd/ucs2-dev-sid-689-00.swd	file	0o644	553	4405955d528bdc3ccf06f016d264639f26c5f2b02f8c180c4f7ea21974a5c952	
devel/usr/local/share/gemini/res/swd/ucs2-dev-sid-690-00.swd	file	0o755	229	59abf4b5c9f24d35bee8e0da3359b3d48f60d39623e082768ec77ac4603230db	
devel/usr/local/share/gemini/res/swd/ucs2-dev-sid-691-00.swd	file	0o644	425	16e627a76dda04d62217cd9644100a4bfbca8f53bd9f24cef5e453b1504ff396	
devel/usr/local/share/gemini/res/swd/ucs2-dev-sid-692-00.swd	file	0o644	372	2c2f520973c026738676a512ab364670525d6e602ac66c039cd08cda9657290f	
devel/usr/local/share/gemini/res/swd/ucs2-dev-sid-693-00.swd	file	0o644	191	52a6622716216687962c8204d1710ef6a89e04f2b170b3c8dd277b59d223bae7	
devel/usr/local/share/gemini/res/swd/ucs2-dev-sid-694-00.swd	file	0o644	293	e87a70e97b4e6860a5f8f3058b0078fdc7ad8081faff8bb2aaaeac67d442b47d	
devel/usr/local/share/gemini/res/swd/ucs2-dev-sid-695-00.swd	file	0o755	214	3a1302e9eea08aef3c4030a2786f676dc3c4ab83c3ef04d5aacf6ad4fa954829	
devel/usr/local/share/gemini/res/swd/ucs2-dev-sid-696-00.swd	file	0o644	177	50d05e8030df8beab92e4569f63a7b68b218e5afea33e05390ab3244ee15cfd8	
devel/usr/local/share/gemini/res/swd/ucs2-dev-sid-697-00.swd	file	0o644	274	65b258f74e4f6a0758b30a366af48f7dcb85325ff5b6d0be187f24d65368f2a6	
devel/usr/local/share/gemini/res/swd/ucs2-dev-sid-698-00.swd	file	0o644	99	7fe8bba182adaed4e3009fb6ae214722deaf2da1389af2bfbbcd8e70e71e6869	
devel/usr/local/share/gemini/res/swd/ucs2-dev-sid-699-00.swd	file	0o644	231	a254cf367ab042abc1f9b789aa0abe6ce928804180067f5136c99571db667351	
devel/usr/local/share/gemini/res/swd/ucs2-dev-sid-699-01.swd	file	0o644	54	4eac8582be52e386a705b45e37c668cbd368749f838701233e38ff180c64fcf4	
devel/usr/local/share/gemini/res/swd/ucs2-dev-sid-700-00.swd	file	0o644	540	7c59af37ec19ea39893bc6188336821d53a2393e433303802961d3d07974505b	
devel/usr/local/share/gemini/res/swd/ucs2-dev-sid-700-01.swd	file	0o755	205	689ca632b140ba75e39dae1490ed3ced4ebd016012d327b951784bf0a33ef017	
devel/usr/local/share/gemini/res/swd/ucs2-dev-sid-701-00.swd	file	0o755	219	ae9062d86065f02bf8b900685fb454683bbb9adb4c642e1282f7bdddd634dec7	
devel/usr/local/share/gemini/res/swd/ucs2-dev-sid-701-01.swd	file	0o755	670	7c227a38e466f90984bef6e6ed75e697a51b031810a719ef149e57ee411e9480	
devel/usr/local/share/gemini/res/swd/ucs2-dev-sid-703-00.swd	file	0o755	294	d38de88f45d06085d0c5ea2380f4f227ad7e0896575964e71e3426733cdde752	
devel/usr/local/share/gemini/res/swd/ucs2-dev-sid-707-00.swd	file	0o644	323	5790d9cb625fc464a033c41955d7ed8a47795008c7ead195cabedc86acbf47d7	
devel/usr/local/share/gemini/res/swd/ucs2-dev-sid-708-00.swd	file	0o755	350	a502201d70ff0826bd50895a554eb5e5610042dbd487e8bd01dc8140ae37c96b	
devel/usr/local/share/gemini/res/swd/ucs2-dev-sid-711-00.swd	file	0o644	806	253734a60e6817bffd3e689accfc05d04320ec16abe31e27d5ba9cbf6e024d7f	
devel/usr/local/share/gemini/res/swd/ucs2-dev-sid-712-00.swd	file	0o644	245	4f54f8c964f293d8356b40360589eba0cbb2eaa4404b06ee0f742aab4265e06d	
devel/usr/local/share/gemini/res/swd/ucs2-dev-sid-713-00.swd	file	0o644	158	7850d2fb10459158559e26f3fd72c862b71833f2502058f4e9aa3820995c2d70	
devel/usr/local/share/gemini/res/swd/ucs2-dev-sid-714-00.swd	file	0o644	200	bf73e8322111a5a6b0bf7f5d2450d4f1ffd7245fb5cbe11e34a3aa446cc9593f	
devel/usr/local/share/gemini/res/swd/ucs2-dev-sid-715-00.swd	file	0o644	353	a5acd1e625624b4582bd1d8aae5a3a8e16d82a7b3ff344daddc49e1272d7abf3	
devel/usr/local/share/gemini/res/swd/ucs2-dev-sid-716-00.swd	file	0o644	257	5c57ede32b1fb89e12efd54890bdff60ccba8ed0f5c90187f2c2bb7c43357d8d	
devel/usr/local/share/gemini/res/swd/ucs2-dev-sid-718-00.swd	file	0o644	265	a3605713fbd2a8fdc0ba7637713e3f2d31ec0264149f6a741d2c5965ccb3dae7	
devel/usr/local/share/gemini/res/swd/ucs2-dev-sid-719-00.swd	file	0o644	289	bd2e1cf9c877b590052be99c1e10bf663a4564815a9fb3340233cb19ce0fb821	
devel/usr/local/share/gemini/res/swd/ucs2-dev-sid-720-00.swd	file	0o644	164	e9ecda60c42c9e93a7e9a56b9cc325f6703524077ae2203dbd81bdd53839695a	
devel/usr/local/share/gemini/res/swd/ucs2-dev-sid-721-00.swd	file	0o644	340	5ba3538496ac4d9239a733a624b93f6bfe394c96d34a4b93a248cb77b3fa679c	
devel/usr/local/share/gemini/res/swd/ucs2-dev-sid-723-00.swd	file	0o644	206	dfc843a4f6beac7f122e16336b72d3d27bb7f57b0ddceb62eec4b1bbef30f190	
devel/usr/local/share/gemini/res/swd/ucs2-dev-sid-724-00.swd	file	0o644	316	d69e79f169d60e9341e7d21e1f0adfd0f339a1cda88567020a8d8767e789b93a	
devel/usr/local/share/gemini/res/swd/ucs2-dev-sid-725-00.swd	file	0o644	200	f31ea91c77610db866c565a1d562701eff640c8bc3fb5eadb1b8c0325ce68b5b	
devel/usr/local/share/gemini/res/swd/ucs2-dev-sid-726-00.swd	file	0o755	349	18a353bc52087905e216b0cba2ae7963eeb3f59394d21f4cd1f614f36eea7bc3	
devel/usr/local/share/gemini/res/swd/ucs2-dev-sid-729-00.swd	file	0o644	307	2f0e2544ec1c334949b289d66c29e81ea52639e8a55092f6f77eb08d5b90c6e6	
devel/usr/local/share/gemini/res/swd/ucs2-dev-sid-732-00.swd	file	0o644	290	1f7828af642085a36e3037d45915fbac5df12f0f73c87e61a4c5a442bb658e59	
devel/usr/local/share/gemini/res/swd/ucs2-dev-sid-733-00.swd	file	0o644	239	d51bf1f4ba0c8b79d9d0942635895096a3d80ca4cd31ae260d7f84056d2b961a	
devel/usr/local/share/gemini/res/swd/ucs2-dev-sid-734-00.swd	file	0o644	223	710b8eb116d2f7530b052981fec3eb90a1a2fe08b9304fd143edc695efb2e517	
devel/usr/local/share/gemini/res/swd/ucs2-dev-sid-735-00.swd	file	0o644	238	031b3fecc758bef69f8c55684afa231dbcb097e73685aca41a6f605aac03f90a	
devel/usr/local/share/gemini/res/swd/ucs2-dev-sid-737-00.swd	file	0o644	330	dd2c748a8f0aafd844b7cd3a83b15422dfbbff35ba0a4ae554a2eb7bedffb5d7	
devel/usr/local/share/gemini/res/swd/ucs2-dev-sid-739-00.swd	file	0o644	194	14efc5ebb9479c7fd37909a9648a05b936ea44d73c4b735908c6fdb845e52082	
devel/usr/local/share/gemini/res/swd/ucs2-dev-sid-740-00.swd	file	0o644	161	e670453a79a08b6a7dcb7b90ad90bd696ae6405a21ee5936877e02459da105c8	
devel/usr/local/share/gemini/res/swd/ucs2-dev-sid-740-01.swd	file	0o755	147	62dd25d8289a2f8e01b76ae240fbb1b2b02b0ea63e44ffac4f4bd57b0c5dc96b	
devel/usr/local/share/gemini/res/swd/ucs2-dev-sid-742-00.swd	file	0o644	185	804fb516a33a15dad3c0a66609f6b02b4dc81d99867be96eaa3a81c639d1214e	
devel/usr/local/share/gemini/res/swd/ucs2-dev-sid-743-00.swd	file	0o644	180	320ccc45a39d281911e25e1fa56546d3de8c9a549c5128e5f812cdd95db56e59	
devel/usr/local/share/gemini/res/swd/ucs2-dev-sid-744-00.swd	file	0o644	293	b0afff0ad383ad9c6cb1853bb3d94e819a7e21d6da8a085ff276773387822ba1	
devel/usr/local/share/gemini/res/swd/ucs2-dev-sid-745-00.swd	file	0o644	377	1e29b3ac43e5147bf157f42529a5d461be3797be85dc421bd93987da520fba0a	
devel/usr/local/share/gemini/res/swd/ucs2-dev-sid-746-00.swd	file	0o644	596	b6ca8799d8216b46c0af8cb42083930c08d5a68f78b448b2f5dc00d52f713a71	
devel/usr/local/share/gemini/res/swd/ucs2-dev-sid-747-00.swd	file	0o644	251	3d1713adadfe52cee7f9d926f6020fdbbcb1ec7f227787eb8fde23d60e6ccbe8	
devel/usr/local/share/gemini/res/swd/ucs2-dev-sid-748-00.swd	file	0o755	296	41c641b3045a95fdf952425c69e542d871088c7396f949fb215e0ab0981bef2e	
devel/usr/local/share/gemini/res/swd/ucs2-dev-sid-749-00.swd	file	0o755	173	09b23f4e6e5c1e1e4e4694621ff31eab140d21fac077f8fcabe80dc220dbbc43	
devel/usr/local/share/gemini/res/swd/ucs2-dev-sid-750-00.swd	file	0o755	348	e0465aa2c17cdda512726feed43f3e17801b0fa1d4fac962da3673e0b9720d29	
devel/usr/local/share/gemini/res/swd/ucs2-dev-sid-751-00.swd	file	0o755	303	d1fdff4983becefc0d3f232b1227e21593db4aed7439fd0d3b54b881e752d5b2	
devel/usr/local/share/gemini/res/swd/ucs2-dev-sid-752-00.swd	file	0o755	245	603d510378d3743fc886b0484352815a6dc51bd92c36b5439eb9eae8a8141631	
devel/usr/local/share/gemini/res/swd/ucs2-dev-sid-753-00.swd	file	0o755	317	55917d94fc875cb32b52fcc029f454a779370ade158e63ac85aec01cf0a0824d	
devel/usr/local/share/gemini/res/swd/ucs2-dev-sid-755-00.swd	file	0o755	273	ca5b8e77862987fef1892e23a2afb72321fcb02a27675d156359bb945063142f	
devel/usr/local/share/gemini/res/swd/ucs2-dev-sid-756-00.swd	file	0o755	215	ceeaea3bd56c1244b85fed9685ed65cbc45e7d59e3437478b919bc1c423254a8	
devel/usr/local/share/gemini/res/swd/ucs2-dev-sid-757-00.swd	file	0o755	247	262cd15a1ed37c72fadd1f3a22369fb29b26ac390dbdbf83319ee273a084a043	
devel/usr/local/share/gemini/res/swd/ucs2-dev-sid-758-00.swd	file	0o755	245	86efe8669f947e431133f3a66813349b182f114d609f9c155f429e4630716513	
devel/usr/local/share/gemini/res/swd/ucs2-dev-sid-759-00.swd	file	0o755	272	50467b5817d7467da84733d3bd43e18a975a3aa916b96c29f10ad2a264e96a00	
devel/usr/local/share/gemini/res/swd/ucs2-dev-sid-760-00.swd	file	0o755	299	58416e9095043c0d1d22801aac5d0956d0facce6a64cad57ba5cc6bb4b10c047	
devel/usr/local/share/gemini/res/swd/ucs2-dev-sid-761-00.swd	file	0o755	260	333179432cf580bf8e3b54d4673b74d4e9e2a70d0b7a2be749ab64c00e91a839	
devel/usr/local/share/gemini/res/swd/ucs2-dev-sid-762-00.swd	file	0o755	191	430c02c24a1d71247e26364d09da63cdd4d626accaa69ef4408b96226a823d7c	
devel/usr/local/share/gemini/res/swd/ucs2-dev-sid-764-00.swd	file	0o644	568	405d49d983eb422c2ec86d9fd93aa18e9571e668208411ff200fdbdb0324e077	
devel/usr/local/share/gemini/res/swd/ucs2-dev-sid-765-00.swd	file	0o755	366	5f75e2986e56cb6513f705d7d3405cd2264a80bbb05e1bf88af50753efb946f8	
devel/usr/local/share/gemini/res/swd/ucs2-dev-sid-766-00.swd	file	0o755	254	0a33b1951f2284d3475d30af5709aa2ea994c345a8b60f97c08f594517db3145	
devel/usr/local/share/gemini/res/swd/ucs2-dev-sid-768-00.swd	file	0o755	255	5d503aef61ba9c9581cf747fc4dcd2cd33397463a703df18b775263158d22c3b	
devel/usr/local/share/gemini/res/swd/ucs2-dev-sid-780-00.swd	file	0o755	252	344a4d2e7f5d2920f32ee6f1808892febd60ce68e0c88648dba68c9202273d04	
devel/usr/local/share/gemini/res/swd/ucs2-dev-sid-782-00.swd	file	0o755	324	3e4521643be906a4bd4b57a054811535016c315ae78582a0cbdf0972ef89f865	
devel/usr/local/share/gemini/res/swd/ucs2-dev-sid-784-00.swd	file	0o644	236	c5de191e7028db8005c553cf42eda3b26e7e19bf9c0c98891a67dc96f21b1916	
devel/usr/local/share/gemini/res/swd/ucs2-dev-sid-786-00.swd	file	0o755	304	f2495aea186c87981bd94401b799f1508bf64e0f33600857067fd55315a71328	
devel/usr/local/share/gemini/res/swd/ucs2-dev-sid-787-00.swd	file	0o644	405	7d0fe2ab387e709062a3e6f35fdbf12b25f9c88d868404e40831d751523db521	
devel/usr/local/share/gemini/res/swd/ucs2-dev-sid-788-00.swd	file	0o755	422	7a6de0d1a95d5342db9e586e681ae2ba0d7ba626087c4178a0544a0b2422462c	
devel/usr/local/share/gemini/res/swd/ucs2-dev-sid-790-00.swd	file	0o755	341	ce8b110dc5a267997265038849447f551903ee00b32f13813caa0606785f782d	
devel/usr/local/share/gemini/res/swd/ucs2-dev-sid-794-00.swd	file	0o755	194	9aac8efc9899a42995476fdd77ca41ae151ddaa7ea9a81a423837542c6770fb7	
devel/usr/local/share/gemini/res/swd/ucs2-dev-sid-797-00.swd	file	0o755	364	f4e5fcf73e1c998fa5abcf8b189dd5c7b88d900aa1c229f665de9e57337b1486	
devel/usr/local/share/gemini/res/swd/ucs2-dev-sid-800-00.swd	file	0o755	338	84f7fbb1ded819951ae8bef144a6bf9df9b33aea4d028449619ed9b7d32b6c52	
devel/usr/local/share/gemini/res/swd/ucs2-dev-sid-800-01.swd	file	0o755	443	2d33b56b641561764d90302661a7b92cbe77c0491a46c7db8c1d6d3aa37dd4c0	
devel/usr/local/share/gemini/res/swd/ucs2-dev-sid-801-00.swd	file	0o755	245	64fbc54d8061dbac2e616c5f445b686acf6aa6b4e9230a499453c8ce6f88eb2e	
devel/usr/local/share/gemini/res/swd/ucs2-dev-sid-802-00.swd	file	0o644	466	480941926bfd8ed2f4f6c1ddad44e097b208f69293e98415884c6a009ccba8f0	
devel/usr/local/share/gemini/res/swd/ucs2-dev-sid-802-01.swd	file	0o644	409	60c50935533b41fc1eb64771f4420c465ab691248527a90d2fc696df987e4add	
devel/usr/local/share/gemini/res/swd/ucs2-dev-sid-802-02.swd	file	0o755	286	94d0a41ccf632a1b29ab72e2d0f8389d7a7b6eb67beeed0ecc85d02866a491bd	
devel/usr/local/share/gemini/res/swd/ucs2-dev-sid-803-00.swd	file	0o755	371	4298bd8079f6a581ad8b6c5a2192496c39070bff1bf4416902e02114503d030d	
devel/usr/local/share/gemini/res/swd/ucs2-dev-sid-805-00.swd	file	0o644	271	8765d6bd2ed268aeb90730db51f6f5bfec34ee8c708a3e4146731f3efea93f5f	
devel/usr/local/share/gemini/res/swd/ucs2-dev-sid-805-01.swd	file	0o644	206	fb41f4439e878625a74019381578a24ca66295e2fa5dcee74582958ea34b715e	
devel/usr/local/share/gemini/res/swd/ucs2-dev-sid-805-02.swd	file	0o644	206	6bd00a77bfaae3850741f50e0d160ca7e122ae66e16e5ecdadc76c4161974b41	
devel/usr/local/share/gemini/res/swd/ucs2-dev-sid-805-03.swd	file	0o644	206	332e2aae7d9962e6108c1d0afc983d95ec895b7de1dfbaf8ff0cc41d33745491	
devel/usr/local/share/gemini/res/swd/ucs2-dev-sid-809-00.swd	file	0o755	644	f1ae660755ecbd0bc4a84a56757ca64ebc53d458772a82cfce2a107bf8aa3e60	
devel/usr/local/share/gemini/res/swd/ucs2-dev-sid-809-01.swd	file	0o755	800	6f57874af9348896f1cf9a3a74fe204fbe93f30b56e8baf418257c57dda481f3	
devel/usr/local/share/gemini/res/swd/ucs2-dev-sid-810-00.swd	file	0o755	270	9d27efe019726ff3b60dc3bd2cdccf3a3409828b6f1feb34ad5d971e741951ca	
devel/usr/local/share/gemini/res/swd/ucs2-dev-sid-811-00.swd	file	0o755	550	c76e2ba325e2d7605140e60587893131325514588beb7623032257d080b49c4c	
devel/usr/local/share/gemini/res/swd/ucs2-dev-sid-811-01.swd	file	0o644	507	ff14b69e7f88b2398fcbac43037da253221e2571b6bac158ef5e0ca10e5f3502	
devel/usr/local/share/gemini/res/swd/ucs2-dev-sid-812-00.swd	file	0o755	430	488b6524e803e899b086440d6f7911312646226cc9178d24cb7611d04f914db5	
devel/usr/local/share/gemini/res/swd/ucs2-dev-sid-813-00.swd	file	0o755	575	210ef46ce707d831764ae98427a85d05618ad633da7809501ebcfdb3c71ae847	
devel/usr/local/share/gemini/res/swd/ucs2-dev-sid-814-00.swd	file	0o755	358	2813897a44ee59409bc82686852a2e9a71aab4eea598768e86428e53baa79328	
devel/usr/local/share/gemini/res/swd/ucs2-dev-sid-815-00.swd	file	0o755	566	6715fdaef2eddae075cd207f145295bfdfb1d4be078128755cf0fc616442593c	
devel/usr/local/share/gemini/res/swd/ucs2-dev-sid-816-00.swd	file	0o644	462	7eb7ea5277dc2b0361a1e4c02b2818f26e9f55ec6783ce714ff0f510f8bb1781	
devel/usr/local/share/gemini/res/swd/ucs2-dev-sid-817-00.swd	file	0o644	1039	58958da7894b504f705e984e8ac3ea08509355a3ed50b560eba1f82d66c98215	
devel/usr/local/share/gemini/res/swd/ucs2-dev-sid-818-00.swd	file	0o644	225	7e03f2446bf6d826dd6ce9971ca7904baee125cca3be33af89f468d7d6ec5521	
devel/usr/local/share/gemini/res/swd/ucs2-dev-sid-820-00.swd	file	0o644	129	396e0f75f5e46cef2d152731a7a098fba2bd7f1e29b8f1762f2abc9a74ed25a5	
devel/usr/local/share/gemini/res/swd/ucs2-dev-sid-821-00.swd	file	0o644	279	0a3669faa6c410ffc407c2fe36b079bf93b6fcd769dcf70e648b3a426f138948	
devel/usr/local/share/gemini/res/swd/ucs2-dev-sid-822-00.swd	file	0o644	444	d14162f03a13e734379f113d2f34087d459fd5a78d28b82bec93eff52e4f8b33	
devel/usr/local/share/gemini/res/swd/ucs2-dev-sid-822-01.swd	file	0o644	387	550c0e2ef64c50e47a1918a008ec41a9b047ceab29a30abaad3832df5361cc77	
devel/usr/local/share/gemini/res/swd/ucs2-dev-sid-823-00.swd	file	0o644	341	09cf80f72ce76ce183b525c56c19eff2874f62d1806697bbfcba70acbb53211e	
devel/usr/local/share/gemini/res/swd/ucs2-dev-sid-824-00.swd	file	0o644	364	4f081b115465496f2ea2e2ae0760c2651536f6c403ed3f6ec7c0a9e39825c8c2	
devel/usr/local/share/gemini/res/swd/ucs2-dev-sid-825-00.swd	file	0o644	356	4c91020bf2ef66d4db68b6bfe21999b1fc709d26cecb9fee84027edcc75c3190	
devel/usr/local/share/gemini/res/swd/ucs2-dev-sid-826-00.swd	file	0o644	437	2318e4095ff7892d5bb4bc18d87b3bd17d066c1c4b1645e4fe061586507b68f9	
devel/usr/local/share/gemini/res/swd/ucs2-dev-sid-827-00.swd	file	0o644	377	0a14a0bfdb04480d2ebe99f05cebe7fcb5b00dffcdb02e80bf0b8ec20398b49e	
devel/usr/local/share/gemini/res/swd/ucs2-dev-sid-828-00.swd	file	0o644	377	12544e62e003505ca2e7f6f8a6165622d5ef8ffc4b7b46a5262e0cc6ab1b9df4	
devel/usr/local/share/gemini/res/swd/ucs2-dev-sid-829-00.swd	file	0o644	370	7a3b199117cd3121bbfb01e9f47be0f4ef2885a45a0366107567d66c44ab3ea0	
devel/usr/local/share/gemini/res/swd/ucs2-dev-sid-830-00.swd	file	0o644	260	132d151343b8309f2578514417f28c98ebd6ad6d531ae4b9beb8e159ceae8c6e	
devel/usr/local/share/gemini/res/swd/ucs2-dev-sid-831-00.swd	file	0o644	254	f136375343236fe2780557893217b7d70a4b560f0d92d73f84827da8bf0d7246	
devel/usr/local/share/gemini/res/swd/ucs2-dev-sid-832-00.swd	file	0o755	321	1431a0dc06156f129cd8798c995a3fd7761debc4c972694abd8f6e33b87847a7	
devel/usr/local/share/gemini/res/swd/ucs2-dev-sid-833-00.swd	file	0o644	270	49897b208c9c81119c8a4980755f5b2157cd0e7a0f22e23cdb27e1169f33a1c2	
devel/usr/local/share/gemini/res/swd/ucs2-dev-sid-834-00.swd	file	0o644	453	da3a393570300faec6b25945f6376f8dcfa84f8a7f4f96aace2da40b08740cdb	
devel/usr/local/share/gemini/res/swd/ucs2-dev-sid-835-00.swd	file	0o644	438	a210375acf1dcd918fea93756330e790ded8710c4cac92fdca10826825e34034	
devel/usr/local/share/gemini/res/swd/ucs2-dev-sid-836-00.swd	file	0o644	266	5f3582f98c22e80106c2462950d2a313bdf36246572ed63de8b1482fcccc2fbd	
devel/usr/local/share/gemini/res/swd/ucs2-dev-sid-837-00.swd	file	0o644	368	54bcd814bfa2a8ec07944709366dbd4e68cc6d236141e3290117cb7b4b177fa1	
devel/usr/local/share/gemini/res/swd/ucs2-dev-sid-838-00.swd	file	0o644	364	1cae1518553b03a02ffd0ff2dc26c8708b41db760bbc4689ac741ad1adedb5fa	
devel/usr/local/share/gemini/res/swd/ucs2-dev-sid-839-00.swd	file	0o755	304	c952319af005cd7508113741c0c62209e1921ef8676f6c36a20b525b2a2beba4	
devel/usr/local/share/gemini/res/swd/ucs2-dev-sid-840-00.swd	file	0o644	256	a87a735b7cf3c9fcba7971db4aa036e999a4e6a90b8f32f29a1926a1a1bc85da	
devel/usr/local/share/gemini/res/swd/ucs2-dev-sid-841-00.swd	file	0o755	287	1385a3f8b32984d39fe1a84f8d6a954c02858ba5513fe27734f6f33c6c82a3b8	
devel/usr/local/share/gemini/res/swd/ucs2-dev-sid-842-00.swd	file	0o644	223	10647d45d9d95baaf4963772ad78c677895aec0b92171645cdae077ebd47e15c	
devel/usr/local/share/gemini/res/swd/ucs2-dev-sid-844-00.swd	file	0o755	211	393cf69ea10dd982e8b8cc0414d3727cc13ea6aa0dfe726df89f8cb551b813dc	
devel/usr/local/share/gemini/res/swd/ucs2-dev-sid-846-00.swd	file	0o755	261	ee0735c58837205db6a20cd2f5e0015efaa50f85ca2b10b8d4d25e1497846716	
devel/usr/local/share/gemini/res/swd/ucs2-dev-sid-847-00.swd	file	0o755	331	74bff88e399e36a29aa7846398eb707904b989890b2396415591fc386ebf6e8c	
devel/usr/local/share/gemini/res/swd/ucs2-dev-sid-849-00.swd	file	0o644	327	ccb705c70d1e24b9519ea95ceef869827591cb45d9426751c2ecc3ff82ec94ba	
devel/usr/local/share/gemini/res/swd/ucs2-dev-sid-850-00.swd	file	0o644	1597	f1d8b764c2e2e94da79e921c320ed833c7f93ec45470736ef665109f1750b560	
devel/usr/local/share/gemini/res/swd/ucs2-dev-sid-850-01.swd	file	0o644	1109	4502eb5109c054e34d8961f64321d193ffaf27d66224e4c1c3237d05fb9318ad	
devel/usr/local/share/gemini/res/swd/ucs2-dev-sid-850-02.swd	file	0o644	1540	6033baf4c03b551569d3c26977e2f9e3298cc9696d59af20ee90778931213df9	
devel/usr/local/share/gemini/res/swd/ucs2-dev-sid-850-03.swd	file	0o644	1592	8dc3ceea2755dbf81ca3b988163ee28b1c185b3c30ec81156d172c61f9cef413	
devel/usr/local/share/gemini/res/swd/ucs2-dev-sid-850-04.swd	file	0o644	1538	c6abf67b837e9f34b22547f496f239749539877e5cb79c15479872997def3b02	
devel/usr/local/share/gemini/res/swd/ucs2-dev-sid-851-00.swd	file	0o755	191	887c0570da2f86e28699c9349db95274c036356bab7b51c60619b2a34cf7b379	
devel/usr/local/share/gemini/res/swd/ucs2-dev-sid-853-00.swd	file	0o644	174	7cf1016eab556d5ed93fbcf4b3335e3afbf3741a4a04546b4d3d763b19c8275c	
devel/usr/local/share/gemini/res/swd/ucs2-dev-sid-854-00.swd	file	0o644	177	494b28893dd710a125927e335eacf3a78b58fc3fd1761ebca6b2737af7f16573	
devel/usr/local/share/gemini/res/swd/ucs2-dev-sid-855-00.swd	file	0o644	145	e6a8f31af902a38710e7fc3b9233c343e07604255eced4573c6526061ab5399f	
devel/usr/local/share/gemini/res/swd/ucs2-dev-sid-855-01.swd	file	0o644	291	f80f6206e1467c431d6baa3450a3bf52e957cecdc7ed61305042ecea5271f25f	
devel/usr/local/share/gemini/res/swd/ucs2-dev-sid-860-00.swd	file	0o644	244	58c46d841cbb616258912e1d072c8e45293fc26d363649265744b57ccc6fb9f5	
devel/usr/local/share/gemini/res/swd/ucs2-dev-sid-861-00.swd	file	0o755	238	b72c2da8a0dddca6eb87c19af67b20fcd7c1402355770620892bdc8e2e41f6a8	
devel/usr/local/share/gemini/res/swd/ucs2-dev-sid-861-01.swd	file	0o755	369	d3929291180e703a975660290c21571a27200dbae28ce80a70a740957f1aed66	
devel/usr/local/share/gemini/res/swd/ucs2-dev-sid-861-02.swd	file	0o755	401	ba7cdf54e44c7f2f7b65e1f94a08ba58ee33900d6b16a2c9ccbc7fa47a8b8dbf	
devel/usr/local/share/gemini/res/swd/ucs2-dev-sid-862-00.swd	file	0o755	478	2adcb622b3a909c8c69f29b14683fd4a7a0da037e8a5b9b68642de5628a18df3	
devel/usr/local/share/gemini/res/swd/ucs2-dev-sid-863-00.swd	file	0o755	356	b972ea48968908874868ac21716717069000620c04e2c4ae0baa296b5e8cf0f9	
devel/usr/local/share/gemini/res/swd/ucs2-dev-sid-864-00.swd	file	0o755	336	1f289c4fb072938a4359c9addfe21afe9ebd193e7faa9a51ff0f3ef555f2fb4e	
devel/usr/local/share/gemini/res/swd/ucs2-dev-sid-865-00.swd	file	0o755	443	57a2dffe19b788ee457f8128dc4e5894218acaaf00503332dbe69b4ecaa8c1d5	
devel/usr/local/share/gemini/res/swd/ucs2-dev-sid-865-01.swd	file	0o755	129	9199412fd1a7173c304d7b9b7b74809df1b7aa3cdb59218f7588086e4edd03cc	
devel/usr/local/share/gemini/res/swd/ucs2-dev-sid-867-00.swd	file	0o755	218	c0cd5d8743bc99cc08550f081598b3e0c55ddac26ea41d006ac68473b8469346	
devel/usr/local/share/gemini/res/swd/ucs2-dev-sid-868-00.swd	file	0o755	908	88c5bbef54f10fed7e660d8ae6c929e6ae6b11b979e23a1c2a5345d0e756a8e1	
devel/usr/local/share/gemini/res/swd/ucs2-dev-sid-870-00.swd	file	0o644	1238	8e64e34732ea0160485a422fd98c9eb402d33b5f701cc568c99e9a5a7df73337	
devel/usr/local/share/gemini/res/swd/ucs2-dev-sid-871-00.swd	file	0o644	233	8c5ca15ed33d5eb3698c44e00d5419fbfc4e3f32e314c36b4384a2c4edbe97a2	
devel/usr/local/share/gemini/res/swd/ucs2-dev-sid-872-00.swd	file	0o755	212	89090a16a63c0cd410f4e95454d91b7c5f6cc885dd51a41a4eb076b54f743728	
devel/usr/local/share/gemini/res/swd/ucs2-dev-sid-873-00.swd	file	0o644	258	16f7eeae9096df014e423356dc406a579d176664fa03499db9472c12e5887e1a	
devel/usr/local/share/gemini/res/swd/ucs2-dev-sid-873-01.swd	file	0o644	339	9ec03cf0e78763ec03a12d672c0b2ae562597e87ae9b8580998fde4f44f8971b	
devel/usr/local/share/gemini/res/swd/ucs2-dev-sid-876-00.swd	file	0o644	239	ee78deabd10f17eef66eef0f9b852ab6a093cd3dd66226280b1274762594c945	
devel/usr/local/share/gemini/res/swd/ucs2-dev-sid-880-00.swd	file	0o644	207	aaa57be52b8b565a3844d2318f5176d71ed1bc2387949bc268bbf32c1a14763b	
devel/usr/local/share/gemini/res/swd/ucs2-dev-sid-882-00.swd	file	0o755	333	406f5db53f1046106d128c83ff98a10f1019cc799c6c39b57edc9eeb63788fe9	
devel/usr/local/share/gemini/res/swd/ucs2-dev-sid-883-00.swd	file	0o755	160	bbfc6a7c9722ff961ef6f3483d85779f0f55deaca5096e7aff69e21c9fb9b1be	
devel/usr/local/share/gemini/res/swd/ucs2-dev-sid-884-00.swd	file	0o755	196	14f6ec91d9e7c3acbd7d1941bf73d467f104c73ee620f0d047c739b751c7143f	
devel/usr/local/share/gemini/res/swd/ucs2-dev-sid-885-00.swd	file	0o755	196	15d42ef502e25149cb59be382710796e5e5df5a0549c0d69c792ecf644aa7b5d	
devel/usr/local/share/gemini/res/swd/ucs2-dev-sid-886-00.swd	file	0o755	243	ebdc6ce47beb42e19e8b1a13a915528d94c96cc72e77b834eccdea6f06e9f362	
devel/usr/local/share/gemini/res/swd/ucs2-dev-sid-887-00.swd	file	0o755	262	5faf1b133cf04f54a44a9836c31f125147320dca2ec15d720e8138b480dfe5b7	
devel/usr/local/share/gemini/res/swd/ucs2-dev-sid-888-00.swd	file	0o755	232	b238a95c77376266afbe812c1401e88d33e416e18967fddefcf5b381eebde201	
devel/usr/local/share/gemini/res/swd/ucs2-dev-sid-889-00.swd	file	0o755	232	c5353c873675e1dfc91edb97ef26ea45a0ee46ccba845cfd03b0bfe6c82c5fdb	
devel/usr/local/share/gemini/res/swd/ucs2-dev-sid-890-00.swd	file	0o755	232	a7a798d8c5c7372e73dff87139cf825b3231058f360471a351c04bcdf3af107c	
devel/usr/local/share/gemini/res/swd/ucs2-dev-sid-891-00.swd	file	0o755	242	e709eb46532db0cd571bb68c562acf9f49958ccb533fda64009512e87c6f0883	
devel/usr/local/share/gemini/res/swd/ucs2-dev-sid-892-00.swd	file	0o755	232	3bdeb9a62c3a101a82b5a62a42a77064683fb7dbd8a5c0c73c9cd8ff457ac93c	
devel/usr/local/share/gemini/res/swd/ucs2-dev-sid-893-00.swd	file	0o755	232	4b38c920f007fae7b16b8d323b4d987ddced5e079ca600cff66f563f0a4a9759	
devel/usr/local/share/gemini/res/swd/ucs2-dev-sid-894-00.swd	file	0o755	232	a22b1a44af81c5756c7fb1b2dc4d8112c3554649b001de82ba2a4d4428afe7fc	
devel/usr/local/share/gemini/res/swd/ucs2-dev-sid-895-00.swd	file	0o755	248	34a8463681cd8c257438c22e61b946796c637edf71c795faef93354a95296c67	
devel/usr/local/share/gemini/res/swd/ucs2-dev-sid-898-00.swd	file	0o755	287	e8abfbffab88d71a1d0a42b6c50cb9d1fb31e7478c972cb9d8a846b1736bebea	
devel/usr/local/share/gemini/res/swd/ucs2-dev-sid-900-00.swd	file	0o644	354	e42b8c6fcc35a351924172a4280886f35684f095e21265088095bfdace7df862	
devel/usr/local/share/gemini/res/swd/ucs2-dev-sid-901-00.swd	file	0o644	235	a3aa8369207db333ff3b9992f44c13e9e2aa0405fb010c46eb3cc970f41e5db1	
devel/usr/local/share/gemini/res/swd/ucs2-dev-sid-902-00.swd	file	0o644	214	04a5b93d7b4501f140ae953fa0227cbbc29d803eec3b31a645379f91ecfcf53e	
devel/usr/local/share/gemini/res/swd/ucs2-dev-sid-903-00.swd	file	0o755	247	cf09c86ae1497742b2cda0b4eca10401327085d44106261ba8ad48f158c77fb7	
devel/usr/local/share/gemini/res/swd/ucs2-dev-sid-904-00.swd	file	0o644	215	895cc88e5a9dcba8c3e234695fce33052feccd397532d5ae78774fde3ca0f654	
devel/usr/local/share/gemini/res/swd/ucs2-dev-sid-905-00.swd	file	0o644	380	9d12f966966317e27674a64154207c1216ffb107ec701db84cf24bfb29187d1e	
devel/usr/local/share/gemini/res/swd/ucs2-dev-sid-906-00.swd	file	0o644	275	d2fbd873104d47b995a6eecdb76ca3b01982535f5db38f11557a9363dcb7e2c5	
devel/usr/local/share/gemini/res/swd/ucs2-dev-sid-907-00.swd	file	0o644	234	5178dd10d805965748b9853c49b7f01906bccd6d8183c58b12e5c9873e7fb687	
devel/usr/local/share/gemini/res/swd/ucs2-dev-sid-908-00.swd	file	0o755	318	f256ea2fedf8ba06ef2047de3be35a3cdb307a30a0d62f67efc7cd2c18d07cab	
devel/usr/local/share/gemini/res/swd/ucs2-dev-sid-909-00.swd	file	0o755	291	792ff62d474364d36144466a10aca36aeb9a9096e9a2e9fc0b34f946fcdbe9a2	
devel/usr/local/share/gemini/res/swd/ucs2-dev-sid-910-00.swd	file	0o755	310	68406bd3ead84d406c363d635dc4c4351388d53ab76f4b94593a8db6bf7c6923	
devel/usr/local/share/gemini/res/swd/ucs2-dev-sid-914-00.swd	file	0o755	346	f4c7219064e8204179252e3d1a2192ab185f04374cabe363fdc95b32a333c131	
devel/usr/local/share/gemini/res/swd/ucs2-dev-sid-915-00.swd	file	0o644	351	968a613c2324fddc503aeee9be9f6534236b2974556be20c3c1959e774520c21	
devel/usr/local/share/gemini/res/swd/ucs2-dev-sid-916-00.swd	file	0o755	366	532487a919e8ba63c5315453e18b2895919de1ac387b3b65343a8d665d1b8359	
devel/usr/local/share/gemini/res/swd/ucs2-dev-sid-917-00.swd	file	0o755	299	48b8363b9c292a464515ca5353ce20345cc977185507822e396e5e368a77cd6e	
devel/usr/local/share/gemini/res/swd/ucs2-dev-sid-918-00.swd	file	0o755	197	c1cc75295f578e837991c5aa3d80009a6d9938cd347686a2e03f322cb0e1e176	
devel/usr/local/share/gemini/res/swd/ucs2-dev-sid-920-00.swd	file	0o644	232	9f9d8686ac8f13b2ed18161748cf154a0f9a3ca3e205fd5270cfb0e524d91434	
devel/usr/local/share/gemini/res/swd/ucs2-dev-sid-921-00.swd	file	0o644	348	0d854b79c2a64952341b3a6b57fde3f59d4a28d42e95e3efbc77689bb857b27f	
devel/usr/local/share/gemini/res/swd/ucs2-dev-sid-924-00.swd	file	0o644	197	97997c0b01409b583e6d47ace06d116f89bee21efbbca9318d9bdc2f62c636c1	
devel/usr/local/share/gemini/res/swd/ucs2-dev-sid-927-00.swd	file	0o644	467	e7d30e705ddc127eabe51c53d591fcf404c06b8b7fce092fcce8e994152a0a2a	
devel/usr/local/share/gemini/res/swd/ucs2-dev-sid-928-00.swd	file	0o644	687	72898766fd3b3f3c58cab439ce971243e73a293d0c8e755af016121a11944f3e	
devel/usr/local/share/gemini/res/swd/ucs2-dev-sid-929-00.swd	file	0o644	294	2ddfdd05ac46ebf265e774016f0212368300c30b33b6addbc201aae6b0c6c651	
devel/usr/local/share/gemini/res/swd/ucs2-dev-sid-930-00.swd	file	0o644	391	041cf96ec281a8f83ffb176f75c46f9fdd5c009ca788850e8867b9d5dcf3a5e7	
devel/usr/local/share/gemini/res/swd/ucs2-dev-sid-931-00.swd	file	0o644	379	f7a1d1ff422abe4114a4bd7b6099ce9bd44588471384a46a2a0f882cf568b2ac	
devel/usr/local/share/gemini/res/swd/ucs2-dev-sid-932-00.swd	file	0o644	343	0cc7691bc3f783797977ac17d47557c656528b5c6d0369e4e87407303ce655ee	
devel/usr/local/share/gemini/res/swd/ucs2-dev-sid-933-00.swd	file	0o644	391	9098fd06f94b2d497018fc52398ca8b2182232274ff98ea62f034d4451ae374b	
devel/usr/local/share/gemini/res/swd/ucs2-dev-sid-934-00.swd	file	0o644	344	bcd00c2577c014ef5523120657a323e1073bd5d626a1a20e9f71943418c95f7a	
devel/usr/local/share/gemini/res/swd/ucs2-dev-sid-935-00.swd	file	0o644	236	d999efffbc7e5d514c2babd7a4bbaab931f9e2e1f631848693e4ad70fe6ae1d2	
devel/usr/local/share/gemini/res/swd/ucs2-dev-sid-936-00.swd	file	0o644	249	e56aba41134c7610742543489d549af25e4eaf1c08d0b6877a60cc58b77409d2	
devel/usr/local/share/gemini/res/swd/ucs2-dev-sid-937-00.swd	file	0o644	246	c47fb1eb01843bc2bd436c193aecccf14ba30432b10716c08fd8374f4baf934e	
devel/usr/local/share/gemini/res/swd/ucs2-dev-sid-938-00.swd	file	0o644	317	634bb227d8d1bc7f545f1f2f54bf2864542bf8dc89accf10b8fcaeccc0916d2f	
devel/usr/local/share/gemini/res/swd/ucs2-dev-sid-939-00.swd	file	0o644	361	e08166b8ed4ee17dff3ac717f5f3ee7315da67aaabcfee061d52fcfdf4ce3acb	
devel/usr/local/share/gemini/res/swd/ucs2-dev-sid-943-00.swd	file	0o644	288	70d3865dee787e1084c3566a27aebc7799ced66eae115af671d1c83c139a9d61	
devel/usr/local/share/gemini/res/swd/ucs2-dev-sid-944-00.swd	file	0o644	236	45cf5366df352fde7b76e6f5c1033ae9de6a4d9cb1acbdaa7f21674b33d02a2e	
devel/usr/local/share/gemini/res/swd/ucs2-dev-sid-946-00.swd	file	0o755	651	493ade310ea0de9ec581132c8e5aa11145eecef0675c866137941a5e93421452	
devel/usr/local/share/gemini/res/swd/ucs2-dev-sid-946-01.swd	file	0o755	327	2d967e84f2f8357c3e089688bca169b2cafa95db4ace424345918c6c5310c859	
devel/usr/local/share/gemini/res/swd/ucs2-dev-sid-946-02.swd	file	0o755	577	3bbbce1ad7d95a64c0a01cdd8a7ed498c767d6a723ceafda89997ce44bcd5202	
devel/usr/local/share/gemini/res/swd/ucs2-dev-sid-946-03.swd	file	0o755	242	67d219ce9a1f155f3cac732d312d4f8d05ba10a85ea8fc8d07311ec3345a789d	
devel/usr/local/share/gemini/res/swd/ucs2-dev-sid-947-00.swd	file	0o755	418	2b0805ec84937cf0fad6983cd1e0c498ad97f4118a810952e254403f9ae9020e	
devel/usr/local/share/gemini/res/swd/ucs2-dev-sid-948-00.swd	file	0o755	403	574401113a4e4d9a004eaa86ecce8d88150ac158aa85aa962442a2335dbad8f6	
devel/usr/local/share/gemini/res/swd/ucs2-dev-sid-948-01.swd	file	0o755	398	cc0aa4d3a4fb7ad9b3086712b3dcb7d5cc662752b0787183389b43fc87a0f71d	
devel/usr/local/share/gemini/res/swd/ucs2-dev-sid-948-02.swd	file	0o755	398	02e109733525b807e121d8b10c19a3fe17a228016a9e6ccb32b62388f9cbe5aa	
devel/usr/local/share/gemini/res/swd/ucs2-dev-sid-948-03.swd	file	0o755	397	c1aa4ad48a9ff8df0dee9e7d3904e82ce2650ec502736c07c4c482d0375d5f6b	
devel/usr/local/share/gemini/res/swd/ucs2-dev-sid-949-00.swd	file	0o644	451	c808eb2347a4fb06c2dcd31bb0678c2a0313551c9bf772719176749400201c6d	
devel/usr/local/share/gemini/res/swd/ucs2-dev-sid-950-00.swd	file	0o644	247	bf6bb96d13cdf029b0aa24f9879b107796b72787de99284eed01313baa4a1844	
devel/usr/local/share/gemini/res/swd/ucs2-dev-sid-951-00.swd	file	0o644	303	90f289724cd90e41bda9ad4a7b55b3fa377e1deacd478e93e3a67a46f5fcf0f2	
devel/usr/local/share/gemini/res/swd/ucs2-dev-sid-951-10.swd	file	0o755	583	c896d506cedb5eb7d856c4fcc20ee4e1bcb93da33464bf12e5457d393a4dc7a5	
devel/usr/local/share/gemini/res/swd/ucs2-dev-sid-951-11.swd	file	0o755	337	3f0a9a10fbf84ad5175dca40cb2500c4ab001b5053c12ff4f6f6d2738711033d	
devel/usr/local/share/gemini/res/swd/ucs2-dev-sid-951-12.swd	file	0o755	695	66f246e61d43a195b677a8d12eb038ac60dfeea784ddd76d48f0b46b35a1bf4b	
devel/usr/local/share/gemini/res/swd/ucs2-dev-sid-952-00.swd	file	0o644	303	770f1179e5c403d222541be2194c0ccb3e1ebf2dc9134fd21be6cde0a2fb8a91	
devel/usr/local/share/gemini/res/swd/ucs2-dev-sid-952-10.swd	file	0o755	487	60a4e3111fa96d192bdbf97fd00bc1ba7c50d74e603e86831d498441f5f2fe1b	
devel/usr/local/share/gemini/res/swd/ucs2-dev-sid-952-11.swd	file	0o755	383	bbaadfdaa2dc7aab803eecbe8d4c231a174eb928d181867b55181d8ef1573207	
devel/usr/local/share/gemini/res/swd/ucs2-dev-sid-952-12.swd	file	0o755	740	532673c1800ebc7ee61cf4b511dc5c681632269d75b76e9c15b7f99c19b82220	
devel/usr/local/share/gemini/res/swd/ucs2-dev-sid-952-13.swd	file	0o755	604	aecdd92965a15dcc807478de578cd8a5fa06580c2bab0f003f764113dfdd7092	
devel/usr/local/share/gemini/res/swd/ucs2-dev-sid-953-00.swd	file	0o644	303	41d55c154a98915f3afc17e38076f4715167bed1f3a7290663f3be8b5865cb7e	
devel/usr/local/share/gemini/res/swd/ucs2-dev-sid-953-10.swd	file	0o755	267	40698ede6d3f773940f14f3b767738fe48f0f34a9405a1505a9eac30e25c3cac	
devel/usr/local/share/gemini/res/swd/ucs2-dev-sid-954-00.swd	file	0o755	340	8e26d325b3ff3a709fe9f70aef1108044e96bbcbd86c0a68d4b90ba8feefc386	
devel/usr/local/share/gemini/res/swd/ucs2-dev-sid-954-01.swd	file	0o755	314	102c551a30c28e847860de9f1faa6684ef80ee7054f5608623e913b015d83e3d	
devel/usr/local/share/gemini/res/swd/ucs2-dev-sid-954-02.swd	file	0o755	569	3cfeb836894bbcaf9b65719002a12cf0802b3fe6daadaa33c91de5df10873ad8	
devel/usr/local/share/gemini/res/swd/ucs2-dev-sid-955-00.swd	file	0o755	248	5fcea95432db0b5b776990f1c6fa14a22e8321eb61b894e0f707f140073960a0	
devel/usr/local/share/gemini/res/swd/ucs2-dev-sid-956-00.swd	file	0o755	309	2e82bf181e0f10fa38e1e027d471ab6d73e0ff47f6eecbfd8c2ee7263dd15b66	
devel/usr/local/share/gemini/res/swd/ucs2-dev-sid-957-00.swd	file	0o755	270	877898c85baa829368fafe66371b1a83bb57996a966a7dc80800c545767ed186	
devel/usr/local/share/gemini/res/swd/ucs2-dev-sid-958-00.swd	file	0o644	290	eee5daaa2a068a70c3a65fe3b890412c7e89ab94fec68474b3a9e21f873ec3d3	
devel/usr/local/share/gemini/res/swd/ucs2-dev-sid-959-00.swd	file	0o755	327	16b6b149d9c8a33da27d374e83be0f138894c0194030baab2ef38f0662deb97c	
devel/usr/local/share/gemini/res/swd/ucs2-dev-sid-960-00.swd	file	0o755	316	34e9c206eb8a5c5935bad86b05923d2f7afdca1021db0d175ec6da58429da7fc	
devel/usr/local/share/gemini/res/swd/ucs2-dev-sid-961-00.swd	file	0o755	269	8c0e263662d967cf3ef37884de4fdbe5bd52992fd5eaa0db3a548f8ed90b81ca	
devel/usr/local/share/gemini/res/swd/ucs2-dev-sid-963-00.swd	file	0o755	228	561a81eddb516e4a625aa9c8d071d1591eecf8ba2e78c0695139e098cdbb861b	
devel/usr/local/share/gemini/res/swd/ucs2-dev-sid-964-00.swd	file	0o755	312	b796bf1552ab9a7705714ed6f11e98066725b4f7d3420485fd9ff2f7038e7dc0	
devel/usr/local/share/gemini/res/swd/ucs2-dev-sid-965-00.swd	file	0o755	297	31e4a76bec9e202d49199a197f0e9f95a47e73bced253152a116b693cbde50f3	
devel/usr/local/share/gemini/res/swd/ucs2-dev-sid-966-00.swd	file	0o755	323	4a144c66344642b467c22c039185a5facf32540883b2d03b072ae0b5cee20fca	
devel/usr/local/share/gemini/res/swd/ucs2-dev-sid-968-00.swd	file	0o755	201	9c0a35cc2d8536d5162a501b02f142876b8a78566b4642f6be2ccb7abb3c4ef7	
devel/usr/local/share/gemini/res/swd/ucs2-dev-sid-969-00.swd	file	0o755	230	6394c0050894d2e7ab2e8a337c44053fcdb2e6cde4c5922f44b991f0057bd5f2	
devel/usr/local/share/gemini/res/swd/ucs2-dev-sid-971-00.swd	file	0o755	319	b18f79c4dc68942635cc061cebe30f9245c060afafea880bd8dd962e83ca6153	
devel/usr/local/share/gemini/res/swd/ucs2-dev-sid-972-00.swd	file	0o755	329	c782a8e6a4b787fded5f53a8f61143d7b67cc0ce7e2c98b0e35981bd3480e8ba	
devel/usr/local/share/gemini/res/swd/ucs2-dev-sid-973-00.swd	file	0o755	276	8705e13aa6853e09d294d2bc0e446511ddd282cb425456eb0134609a06f0bb66	
devel/usr/local/share/gemini/res/swd/ucs2-dev-sid-974-00.swd	file	0o644	251	4b355a6ce5b81aa38159dd0dcdc1e7d88703f72f213b80a5cc4043782a8da9dd	
devel/usr/local/share/gemini/res/swd/ucs2-dev-sid-975-00.swd	file	0o644	246	2d21a82be441d628feccbe0813d4e15bdb2e916ba95889c200549d9af3d18f4d	
devel/usr/local/share/gemini/res/swd/ucs2-dev-sid-976-00.swd	file	0o644	237	ab79a035d79ee315ae25f9f5db935e53da317f96e9adbf487b957fe05f9ba7a5	
devel/usr/local/share/gemini/res/swd/ucs2-dev-sid-977-00.swd	file	0o644	240	c8347078a22c2273dfdcf364a39070fdf8340735a800df915abecffc928275b1	
devel/usr/local/share/gemini/res/swd/ucs2-dev-sid-978-00.swd	file	0o644	289	4fc136bd1b3356246293e38bd1942db8efa77768805a2324547e32d87285b882	
devel/usr/local/share/gemini/res/swd/ucs2-dev-sid-978-01.swd	file	0o644	162	9bae75c5ada20cc33c8850d4b8c98cb035d1570e0d14d0d084688a1727fe369a	
devel/usr/local/share/gemini/res/swd/ucs2-dev-sid-979-00.swd	file	0o644	310	24d431442271f1049438fa9bbdf289ac0208ed3c10615841dd6b8205ac1e3588	
devel/usr/local/share/gemini/res/swd/ucs2-dev-sid-979-01.swd	file	0o644	310	a7a5aab73f5d8964167307f1efb4dd348a5f9aad2117a77b2f1b9c0d95a08244	
devel/usr/local/share/gemini/res/swd/ucs2-dev-sid-979-02.swd	file	0o644	309	c8ea0215fe06f0cf4ecf7e73920a307fa6d41aeff1a696122756f84880a2276c	
devel/usr/local/share/gemini/res/swd/ucs2-dev-sid-991-00.swd	file	0o755	1012	87eed26ad40351b1c32075aea3f6c84605967417afa52108fc4c72461011f9b0	
devel/usr/local/share/gemini/res/swd/ucs2-dev-sid-992-00.swd	file	0o755	1174	67836bd370a8ec253d2174b974e6ec3aec65052e00253e0d4185d230ad2367d6	
devel/usr/local/share/gemini/res/swd/ucs2-dev-sid-992-01.swd	file	0o755	1174	d1f246cef027f99b55a808f77e54fd0bc651103a5167067d1b2d5219a3c1c50d	
devel/usr/local/share/gemini/res/swd/ucs2-dev-sid-993-00.swd	file	0o755	661	26ac7d804a1eb0763cdae24741cf393c9519d8f3ad62fbd366837d8971972c0f	
devel/usr/local/share/gemini/res/swd/ucs2-dev-sid-997-00.swd	file	0o755	182	33b8d0d5a8d41fc754a1bfe0d6e3622195dce9cc4ceaaaccb73b8a249a4c087a	
devel/usr/local/share/gemini/res/swd/ucs2-dev-sid-998-00.swd	file	0o644	133	93335489140a93dfd521428e712550c675be71c7299f20b0aa537476d95a0d0f	
devel/usr/local/share/gemini/res/swd/ucs2-dev-sid-999-00.swd	file	0o755	610	aee333920a39b39e8135ee86da21a91d3a47f66cc0b5d8bd95e07787a6191461	
devel/usr/local/share/gemini/res/swd/ucs2-dev-sid-999-99.swd	file	0o755	165	d06ff2e1fb93362a662ca29ae0bdfcd097c4b9e4207a06377addd0d8b50676cb	
devel/usr/local/share/genesys/Alarm_For_Walkman.mp3	file	0o644	39040	5f5a1e7afbeff382e73cbe24426afde5bd69e826dd176814ed9c25a9bc2a0644	
devel/usr/local/share/genesys/DevIcon.fil	file	0o644	68505	8fdc359652e40899784467b2da99dd8923611494a9f4d7023a3ec08a2e726115	
devel/usr/local/share/genesys/DevLogo.fil	file	0o644	1027	24e6e1f55118c3b995d1890799a3c4e2388c654ad99d3d52f2d3f46fd4f934e8	
devel/usr/local/share/genesys/GENESYS_VERSION	file	0o644	8	d9261f74dcaf561b12afe79237e53fbacdd39dee28fa2bed83187826b72e2089	
devel/usr/local/share/genesys/capability_00.xml	file	0o644	28438	5a37c9d91aecdf9557cb045ab96259d82fed3787ba0c312fac39a70b084169da	
devel/usr/local/share/genesys/default-capability.xml	file	0o644	4444	f4a52c7e16ba4a02b4c3c3b080dbc62ea4a54c4d2e28941b71c9e631cc83f3ae	
devel/usr/local/share/genesys/prm_01.dcfg	file	0o644	20	3f545f06a57d6d806e65a19284253dcd4b65017c3b83cd569284bf1bbab18a84	
devel/usr/local/share/genesys/prm_01.dhx	file	0o644	512	1c9cebad949dc487fb49dd330b938d123bcb7536cfd01b46cd979f1ae6853cfc	
devel/usr/local/share/genesys/prm_01.vgc	file	0o644	4	a8b559a08ccaeef42f67c47e6bea665907a69ba99dd2e9d5c73123f19a108f2e	
devel/usr/local/share/genesys/prm_01.xld	file	0o644	1202	a4c1325db0e5c128f0794293538e30d0c66e6be46a0c9dc08193253cf1b60860	
devel/usr/local/share/kncnv/dic	dir	0o755			
devel/usr/local/share/kncnv/dic/JsKnCnv.dic	file	0o644	10827264	1b0eb8c72e35cefd32644003a6e2d4efa17a435f8cff825dd8444aa9a5b67fd4	
devel/usr/local/share/kncnv/dic/JsKnCnv.tbl	file	0o644	131072	68e419472d25e0b85e9917ccf692fd58245c5e95e9a46f07d1df81d2e9da246b	
devel/usr/local/share/kncnv/dic/JsKnCnvU.dic	file	0o644	1326755	185bac6038cf4b87780c9f79c14a5647dc32ed478b3cd3146ecd13207bda48fe	
devel/usr/local/share/kncnv/dic/JsKnCnvU_m.dic	file	0o644	11118	cef7f7f5decaa76a7f97eca2555efe8528b522acbe9040a8836788f6d54b23b2	
devel/usr/local/share/mptapp/amixer	dir	0o755			
devel/usr/local/share/mptapp/bt	dir	0o755			
devel/usr/local/share/mptapp/nfc	dir	0o755			
devel/usr/local/share/mptapp/oma	dir	0o755			
devel/usr/local/share/mptapp/oneseg	dir	0o755			
devel/usr/local/share/mptapp/rgb	dir	0o755			
devel/usr/local/share/mptapp/version	file	0o644	9	2a378ed84f03890a4dab32435366cb965dff58e10e1e146e670c9d93c6b4dc5f	
devel/usr/local/share/mptapp/yuv	dir	0o755			
devel/usr/local/share/mptapp/amixer/mptapp_amixer.sh	file	0o755	2492	fc1079368a8aadc22f9b03fd6b126bc5e7775024ced955f74f1ca1982aad33f8	
devel/usr/local/share/mptapp/bt/dbgdrv1.ko	file	0o755	2168	62e0fb69018bb79152e1467150f65bc4217b72703426daa4e8558e73cba51d2a	
devel/usr/local/share/mptapp/bt/dbgdrv2.ko	file	0o755	2136	567a5f78e4e310ddef7afb1c4b773373aa5238281b309f507d79132b644e8c57	
devel/usr/local/share/mptapp/nfc/mptapp_get_nfc_tag	file	0o755	343429	28ef449ae3fef1cfc8d7d10b11cd5ae6059cab083bedb350762209b915fb7511	
devel/usr/local/share/mptapp/oma/Hires01.wav	file	0o755	17280044	8f9d39b69ddd10acf9298430d381e5321cfb5ac0106aa8ee88c367d12d06e331	
devel/usr/local/share/mptapp/oma/Test008.oma	file	0o755	743141	7182af2c5be3f95c3b16692b90f0937e305c14879b42e6ef9778f2d89f7cf02b	
devel/usr/local/share/mptapp/oma/Test009.oma	file	0o755	723834	15f19c6d34ccfcbc27c7468a1aaad6dde4a2e4d23abb422a116adb5e95b60a7c	
devel/usr/local/share/mptapp/oma/Test010.oma	file	0o755	723834	fc37a06f759ced0ebac3a40b496ac0e981c4dabaede4ebd5db506281770f4cfb	
devel/usr/local/share/mptapp/oma/Test011.oma	file	0o755	1444500	1ccf9f25b957908ad5b3d5f0c04ae485f738ba80fa2a8d0f946527a294023fed	
devel/usr/local/share/mptapp/oma/Test012.oma	file	0o755	739125	6e314231d094136031d89dc8ae15bfa9a751475bb641d610f18a4d35e0e039ba	
devel/usr/local/share/mptapp/oma/Test013.oma	file	0o755	739125	d114a4074cbabd882e5210ca5ea2702b173b5a857931e24b76683a8195e6d674	
devel/usr/local/share/mptapp/oma/Test014.oma	file	0o755	724176	19621cbe855d065866d81ecfb9422143fbcad3d7b24a2a6285bdcf467f8839f6	
devel/usr/local/share/mptapp/oma/Test015.oma	file	0o755	401838	505e2ca0bb23c718f3cca7e8cc3eb7b944a80decb8b1e6d36226a51d14bc2032	
devel/usr/local/share/mptapp/oma/Test020.oma	file	0o755	10629	79860e34e2307fda3ca75840dca278aa2a03e9fba42a689caab0d12636b89fc7	
devel/usr/local/share/mptapp/oma/Test021.oma	file	0o755	7557	62df4c36a29da2a143e704daecc66b3b0bffc49d6d1a8fc51b84c7bab4467a39	
devel/usr/local/share/mptapp/oma/Test022.oma	file	0o755	7786	9df1d3f6e896ce047d0980a87a9e6b7682054e13c73266b5526037dd87f0d837	
devel/usr/local/share/mptapp/oma/Test023.oma	file	0o755	10002	ea4f3aa8f2fae619655f945acaab4876e82d47c380a55d37ca8b0930e294f942	
devel/usr/local/share/mptapp/oma/Test024.oma	file	0o755	7557	a03a06afcb3502caebb4adece308d15e7da802236a06935a894030e07a48b85b	
devel/usr/local/share/mptapp/oma/Test025.oma	file	0o755	7557	0bcb72510d9002847402d22001fa3ba66f61cb950b7ee8297c749e18b91f77c0	
devel/usr/local/share/mptapp/oma/Test026.oma	file	0o755	8121	88c69a6bb2eaf5f0782a498f1421011196d7a080e54dc7126728ecb3280405c8	
devel/usr/local/share/mptapp/oma/Test027.oma	file	0o755	32237	f6ad860581dc0b9a2c5f3892449b39523d26ccd120b34e7e3ae6394bbf4faaf9	
devel/usr/local/share/mptapp/oma/silence32.wav	file	0o644	352844	8163c51e17a24bf7317c0b0a22933376c3da9f7085bf3b92c56d4b363b7532f7	
devel/usr/local/share/mptapp/oneseg/CHLIST00.DB	file	0o755	4848	d4ec4ac2aa693c97c0ebfeb55b023194e1afcab48b1d84dade1fc56b4c07b1bb	
devel/usr/local/share/mptapp/rgb/cnballs.bmp	file	0o755	221240	c9662e1dee7293f16c8203ccdac0fe240bfeb22c38ddba6d432265d48173285a	
devel/usr/local/share/mptapp/rgb/cnbubble.bmp	file	0o755	76856	14b30486a2298bd44dfc69506bfe98fb03ff917b275a318ef5e3da4d0c9da9ab	
devel/usr/local/share/mptapp/rgb/cncolorbar.bmp	file	0o755	230456	c191e9eee06aca28c8f7e15f7d19959e6b0f6ce917fd3c49a699dcf8129cc9ab	
devel/usr/local/share/mptapp/rgb/cncolorbar_qqvga.bmp	file	0o644	61494	d2fc73409605d4d9c67f5e621f24c2e0acf74ebd36a8e834bc4a994554905bba	
devel/usr/local/share/mptapp/rgb/cncolorbar_wqvga.bmp	file	0o755	288054	6f6bc7f055849d8cec88a6a34d80c3e36b61ddf662f37e690fd7d0d333d0a5c7	
devel/usr/local/share/mptapp/rgb/cnfont0808_0.bmp	file	0o755	24632	0a545a1f4deccb2f3f5906842ea8f1bef37e1016d30178130377f8dce38e8763	
devel/usr/local/share/mptapp/rgb/cnfont2020_0.bmp	file	0o755	153656	054a266d9dabbc6ab8a10b9db5739cf14302dd0e401afcdab5b69743ecda2304	
devel/usr/local/share/mptapp/rgb/cnfont2020_1.bmp	file	0o755	153656	0bc9a6c0913817dcc89421ca997beaac0de1f8202abece8923ce6923f1d591be	
devel/usr/local/share/mptapp/rgb/cnfont2020_2.bmp	file	0o755	153656	f0c5f3685a9135171d4bb710ddda76e46d90b7d070987adcf08d55b3bd14c1a4	
devel/usr/local/share/mptapp/rgb/cnfont2020_3.bmp	file	0o755	153656	935b9adc06989ab38ec7cc80248e54c4259e5f243916dbd28076a14aea9897b7	
devel/usr/local/share/mptapp/rgb/cnslope_b.bmp	file	0o755	230454	21f78bdcddaceed3ec68f6517423787f705d4057282f6fff8392d91f9f8793bc	
devel/usr/local/share/mptapp/rgb/cnslope_b_qqvga.bmp	file	0o644	61494	1c9ff104fdf5376b736f8a0dc85f1f7aea36e386b706f08f36d720e6ff97e7a9	
devel/usr/local/share/mptapp/rgb/cnslope_b_wqvga.bmp	file	0o755	288054	a36b715e008a62d9bc5ffdc03ac12dbd334bcf960d60133ed8a7c0eb8cd8cb85	
devel/usr/local/share/mptapp/rgb/cnslope_g.bmp	file	0o755	230454	2d6cc7f30d6ace4c4e46ce2635874ee1b0399dacf1a6be59bb2b158e2a95a943	
devel/usr/local/share/mptapp/rgb/cnslope_g_qqvga.bmp	file	0o644	61494	35ed2c92bf7877a0baec470300a5b6e179cc939942ad6a9409acd8fe816f3b8d	
devel/usr/local/share/mptapp/rgb/cnslope_g_wqvga.bmp	file	0o755	288054	6fd3e4b32ca1572f33199b72f26cfd8b63f568c925f888fb186ca7ba2523dee6	
devel/usr/local/share/mptapp/rgb/cnslope_r.bmp	file	0o755	230454	9afef05508910c30c45cdcad64f77a7360df1a8b1aaa0495660e2b2e325acb94	
devel/usr/local/share/mptapp/rgb/cnslope_r_qqvga.bmp	file	0o644	61494	8968336cebf65f1c0a5687f17bdde4898d795a7d769737775765fd2677cde43e	
devel/usr/local/share/mptapp/rgb/cnslope_r_wqvga.bmp	file	0o755	288054	486193e60728a8fabb532e2b804f465f109b2aed24f7c0eda30f1d3259483d90	
devel/usr/local/share/mptapp/rgb/cnslope_w.bmp	file	0o755	230454	7f531beca30ea57d8704de3f835dfc6f222daff19b10f6235049127f0fdc16c9	
devel/usr/local/share/mptapp/rgb/cnslope_w_qqvga.bmp	file	0o644	61494	b8be7d3be373e3319d6219258f5bf006457dd945896c755ded98ba172cdb8b7b	
devel/usr/local/share/mptapp/rgb/cnslope_w_wqvga.bmp	file	0o755	288054	d1ab2370d790a846e3a9978daf645da489d4fcc9f47544d842361f91c089406d	
devel/usr/local/share/mptapp/yuv/cnbg.yuv	file	0o755	115232	6de761cb65966d02f602a83900c9d2c98592d991665a40c861bc8e695d54d315	
devel/usr/local/test/EV0_SDK_FRI_LINUX	file	0o755	1656677	d2d9b217b0fa80dd7f0f02921e8e2f5c5269203d75241a749e1daa029c13d3ba	
devel/usr/local/test/alarm_test	file	0o755	16628	45c5010f3974e94133721c3f5ca8574062876a14e702a00fa3328efd6b0e2c60	
devel/usr/local/test/anc_log.sh	file	0o755	239	407f3fcbd776c31ec9b3a46fa4a54d09db5dc6e7fd73447a205a314d4796e5e4	
devel/usr/local/test/beep_test	file	0o755	7095	df2861eee8d7321898d308186f4177f728f920f9489029fbd75d08bb161bdcec	
devel/usr/local/test/bt_test	file	0o755	4751	55c820f3bb4a1a64448bb115ec30730df1d07bd191bd48ed162c6b85efc7bbef	
devel/usr/local/test/card_ioctl	file	0o755	3863	529b011291ca36dc7af6d1ce1fd11433bf72037b399758c795d5418a9fb0d8d0	
devel/usr/local/test/fb2bmp	file	0o755	5975	4128b95cda7e2ca77b0d494392259dc3faaa7fdf7af8d5b4962ebbb6d79eab27	
devel/usr/local/test/fb_backlight	file	0o755	4691	1430cfa8d8b88bd1d7b824ee8a1cd9e4c8506e276ff2ebed75edb0dbaef63fd1	
devel/usr/local/test/fb_display_image	file	0o755	12711	6fa50a561856a5ccab6ad3da62135a90c19b57cb1c820d789b56713cf98f7f5f	
devel/usr/local/test/fb_ioctl	file	0o755	6707	d74eeb32537e1432f2997e1213457c25bbdd5d18814f44b5658346661c757308	
devel/usr/local/test/font.rgb	file	0o644	26880	aac5802d44cee6edca6104626affd2941ff3bf920b38a4712b30b28a131da0e6	
devel/usr/local/test/getalc_test	file	0o755	3911	fe5df2d87e79f9c0174dde7de77027aed7166491195e204ac13b5c996eb147e6	
devel/usr/local/test/hwdep_alc	file	0o755	3843	ca9ab7acc747606888a84de84ffedfbcc994903d29c4d3deb7f782c4c6b07c2f	
devel/usr/local/test/hwdep_csp	file	0o755	3699	4ceeb147101d5b606b6a2b9b839b499fe0397170bca6a172d96a1a1b43777d00	
devel/usr/local/test/mixer_test	file	0o755	2053	15598b02c641430ffbb027864e17cb6747b8cfd8073f53379d3dcfa135e41577	
devel/usr/local/test/noican_test	file	0o755	6679	05e85c6e381a47a0c3151954afc10f2d1f98f47c4a6268f6276b7d8acad723c2	
devel/usr/local/test/nvp_test	file	0o755	7127	ecff99abe75c146802f98ea05f40b8f50dce4c56fecfa2dc8a2357ab5d047014	
devel/usr/local/test/radio_test	file	0o755	12367	4dc946524bd0fcd28c6a3f04b6965947aefb71ee3b6a97706210104ff5bac75f	
devel/usr/local/test/rmusbhost.sh	file	0o755	243	8ac95547edf86ef572962a4af6adb7fcd7e5771a25320df3e81d91d9f72da0f6	
devel/usr/local/test/simple_player	file	0o755	22587	e58e692f4ef26b8c20e0dace42b152ac588f1dd1e6fc41582c45e9d3c411e1c5	
devel/usr/local/test/sin_maker	file	0o755	16455	6065fe13968b73604c1d0bd445554a49da9d893db289ca74a3181179bb0befef	
devel/usr/local/test/smapho_charge_test	file	0o755	3819	8ee7da9a92e065a4dba02c980372233eb50041362a808718825a78dae5042ab6	
devel/usr/local/test/test_audio.sh	file	0o755	2445	8c45aa813c557d30b42e1f59be659e5c491536244ea4ecd2fb1618a62788012a	
devel/usr/local/test/test_hwdep	file	0o755	5255	146cca2635508b79ff3c02e2479a997c38f581d7a98d3df411ea130c020efca0	
devel/usr/local/test/test_mmc	file	0o755	20491	55ab9004ef192379fb9404cea4a14e8962c4142179273a4e7a18445b0b0db82a	
devel/usr/local/test/test_nfc	file	0o755	5947	b6515e48e1401ff85b75072ae634822aaad7908a49f14b4cf14682fb8f353115	
devel/usr/local/test/test_power	file	0o755	18267	732c1205731d981e2d122ceaa9ebf32f43f5512f1b70c66ce695e198b74085bf	
devel/usr/local/test/test_uart	file	0o755	6491	4d774b3407f9a7e58651e13befacb8f1e4510ad940e6964079cb46eca2e377de	
devel/usr/local/test/usb_ioctl	file	0o755	4451	88fe7cf128defc8ad94973939e9f48531fc3cb3fe272e75b4c0b0c001ee84bdb	
devel/usr/local/test/usbaudioconn_recv	file	0o755	8911	1e3bedd043f74ac3c3a7b1da25f8af87ed02b42a53af76d7ab043d15f0a35e09	
devel/usr/local/test/usbaudiohaltest	file	0o755	11247	31e86037cf48bd7e508ae0a8d35f2268a93ae4de7222368ca63c81c85836ba47	
devel/usr/local/test/usbhost.sh	file	0o755	509	b8f0ba366c0bcf56a86ef86851a322858059303b72ca2277ca9970f2cd50a3c5	
devel/usr/local/test/usbmsctest.sh	file	0o755	3396	0bd661e7a062d5a5a03a569f335f0c5e88c0b77f7c3731aa340f920312068eec	
devel/usr/local/test/usbonoff.sh	file	0o755	1162	9b5306041d05a002e465021ab0970fc400528522cd263495f2d4906655fe4d88	
devel/usr/local/test/usbplaymem.sh	file	0o755	3813	9124880deb638cd3c4512d424afce9ee790e30a12e762a137a91e46a2f3f7185	
devel/usr/local/test/video	dir	0o755			
devel/usr/local/test/wakeat	file	0o755	6771	c670c08118810ba33fa9c05c4b3712f4c27912a2f93605a26a30b4b2616c63ca	
devel/usr/local/test/video/data	dir	0o755			
devel/usr/local/test/video/fbrect	file	0o755	22285	730a89898d4bc6017f0fc38ee2e466057c6bbc94b83876e9dcd55f0ca8eaff1d	
devel/usr/local/test/video/v4l2_tp	file	0o755	72463	4cbab1b07ff93f0c3709ea1da01f7c8d272213bd25c3ee842fa52056970c9f38	
devel/usr/local/test/video/data/yuv420Pl2_720_480	file	0o644	518400	46cdbf535aab1fa6c517e8927568bb0ad6aea32f577088c347c5a5e03955ce1d	
devel/usr/sbin/brctl	link	0o777			../../bin/busybox
devel/usr/sbin/chpasswd	link	0o777			../../bin/busybox
devel/usr/sbin/chroot	link	0o777			../../bin/busybox
devel/usr/sbin/crond	link	0o777			../../bin/busybox
devel/usr/sbin/dhcprelay	link	0o777			../../bin/busybox
devel/usr/sbin/dnsd	link	0o777			../../bin/busybox
devel/usr/sbin/fakeidentd	link	0o777			../../bin/busybox
devel/usr/sbin/fbset	link	0o777			../../bin/busybox
devel/usr/sbin/ftpd	link	0o777			../../bin/busybox
devel/usr/sbin/httpd	link	0o777			../../bin/busybox
devel/usr/sbin/inetd	link	0o777			../../bin/busybox
devel/usr/sbin/ldconfig	file	0o755	679368	b5bc12c1f71cb7d155f45bf957cbf705fa7224ccb9a48c09a2983632368ed691	
devel/usr/sbin/loadfont	link	0o777			../../bin/busybox
devel/usr/sbin/lpd	link	0o777			../../bin/busybox
devel/usr/sbin/mount.fuse	file	0o755	6540	3a8562d4763b1a7d84fa630d7bddb1538fe9931cf5735f6286e0353394ca12c0	
devel/usr/sbin/nbd-client	link	0o777			../../bin/busybox
devel/usr/sbin/ntpd	link	0o777			../../bin/busybox
devel/usr/sbin/popmaildir	link	0o777			../../bin/busybox
devel/usr/sbin/rdate	link	0o777			../../bin/busybox
devel/usr/sbin/rdev	link	0o777			../../bin/busybox
devel/usr/sbin/readprofile	link	0o777			../../bin/busybox
devel/usr/sbin/sendmail	link	0o777			../../bin/busybox
devel/usr/sbin/setfont	link	0o777			../../bin/busybox
devel/usr/sbin/setlogcons	link	0o777			../../bin/busybox
devel/usr/sbin/svlogd	link	0o777			../../bin/busybox
devel/usr/sbin/telnetd	link	0o777			../../bin/busybox
devel/usr/sbin/ubiattach	link	0o777			../../bin/busybox
devel/usr/sbin/ubidetach	link	0o777			../../bin/busybox
devel/usr/sbin/ubimkvol	link	0o777			../../bin/busybox
devel/usr/sbin/ubirmvol	link	0o777			../../bin/busybox
devel/usr/sbin/ubirsvol	link	0o777			../../bin/busybox
devel/usr/sbin/ubiupdatevol	link	0o777			../../bin/busybox
devel/usr/sbin/udevmonitor	file	0o755	6576	2c34727d4aefb7811d4f722372bdbc33e07054df5a60c08519d18821a39a0c56	
devel/usr/sbin/udhcpd	link	0o777			../../bin/busybox
devel/usr/share/alsa	dir	0o755			
devel/usr/share/alsa/alsa.conf	file	0o644	8967	51781716c2a3f289d925fea4a508592a65ab9182b6e6434c643e5d0a5d4e590e	
devel/usr/share/alsa/cards	dir	0o755			
devel/usr/share/alsa/pcm	dir	0o755			
devel/usr/share/alsa/smixer.conf	file	0o644	155	fc0df1fa159cd4bbe486d0fcfaddb0c5d81cb3337dfac1536614ce4926d6c2e2	
devel/usr/share/alsa/sndo-mixer.alisp	file	0o644	3206	60661003b1b69f00ed708cb6f625c35c6cb71d60dee149411671788ce799098f	
devel/usr/share/alsa/speaker-test	dir	0o755			
devel/usr/share/alsa/cards/AACI.conf	file	0o644	669	c6e894381791831b01df3403c5493027bcc22b11b9c018c32df93a8f17794ffe	
devel/usr/share/alsa/cards/ATIIXP-MODEM.conf	file	0o644	302	8ec8c18a874dc42f6cf925dff57b9cd8b86f0cda3e8ae9de0c6b382811ee4286	
devel/usr/share/alsa/cards/ATIIXP-SPDMA.conf	file	0o644	2207	6d170d6f797f0b19b05aae4e80961c9b3f6e613c9bb9e5e86598f3d9d516b6f3	
devel/usr/share/alsa/cards/ATIIXP.conf	file	0o644	2453	d21d8e4ed32566a4cbd4beea6f8f8e3bb61e9f81ef2ed5b26650ada8c1b59714	
devel/usr/share/alsa/cards/AU8810.conf	file	0o644	437	ca5b2b36906ef6f4322df049e44148d2c5657768dcbc21c55e696eebe5eeb0fe	
devel/usr/share/alsa/cards/AU8820.conf	file	0o644	159	f396368a200d99288919481bc398996b52e278ebb65f64974bc741dccdf1723a	
devel/usr/share/alsa/cards/AU8830.conf	file	0o644	520	5824b33f63d8884f927688111f38b9b8943747a2ee203646f8bc23ec5a40eae4	
devel/usr/share/alsa/cards/Audigy.conf	file	0o644	5778	bbefb1427faf2630976a069c3f90933bbafbb59fe8ecc6db818ac41b282e6ba9	
devel/usr/share/alsa/cards/Audigy2.conf	file	0o644	7656	ccbe471e3bbf11f247554cb54f0c4875399e89bf5e2a981afd953a213d69fc70	
devel/usr/share/alsa/cards/Aureon51.conf	file	0o644	2339	a8f80b260de7ac2e1870b9ec1deff08f8bdcfb2c146d0fc4b7420bc7d4bce65a	
devel/usr/share/alsa/cards/Aureon71.conf	file	0o644	2469	44c1f867882d7a9f8db32e3887ab5f92b9b3c35b107f6c988d08a99ff9eb3ef3	
devel/usr/share/alsa/cards/CA0106.conf	file	0o644	3818	f266de221bf23883494c1d5dea759507ace87a99d96c10e6015d7cec58e01532	
devel/usr/share/alsa/cards/CMI8338-SWIEC.conf	file	0o644	1784	7120140996a1a2037f0edb4a9d39c1f1074fd7d6072b6132014c0cb314c52301	
devel/usr/share/alsa/cards/CMI8338.conf	file	0o644	1911	db64d0d74de40d5c975dbceecf64feff164a4cc709ccbfa67958b457a2615218	
devel/usr/share/alsa/cards/CMI8738-MC6.conf	file	0o644	2101	7bd329fd1a9dd3c072fd77ab3167aded92f68f0fdeaf0c77541fd7078c599970	
devel/usr/share/alsa/cards/CMI8738-MC8.conf	file	0o644	2952	3364ccdfe9b0a559af2c7e1db82a6c136bfce15aeff13babe430d834b599d265	
devel/usr/share/alsa/cards/CMI8788.conf	file	0o644	1722	65aa93b4cca23c8d472747acd85ccc1fb070426629f54ae186d28f1e41562b62	
devel/usr/share/alsa/cards/CS46xx.conf	file	0o644	2915	578989b4387590a1c766393d1a97a7bcf82d142d53cd01593407836d86b1df51	
devel/usr/share/alsa/cards/EMU10K1.conf	file	0o644	5229	1af4bc6e5ad492a17d5800bdcc74445fc70dfa7d9a9e417dcf252eb2f894c43c	
devel/usr/share/alsa/cards/EMU10K1X.conf	file	0o644	2724	d9757ba2968693db062f4292e8f1ba90bfd5fdcc59e3020e2323b97c89709051	
devel/usr/share/alsa/cards/ENS1370.conf	file	0o644	1367	7e4f5a1d3007a5938c67b7faf2269cbc6c7bf7487797e5c8111574525c75f8bb	
devel/usr/share/alsa/cards/ENS1371.conf	file	0o644	1806	72f5b63f7016d076fc59087ab28b60eba988e9bc41814759fc430b364f42997d	
devel/usr/share/alsa/cards/ES1968.conf	file	0o644	152	fa3218152521ad798b5770aad93363fd57557c84dd32d630bf273041c21fa5dc	
devel/usr/share/alsa/cards/FM801.conf	file	0o644	1197	e71d419171438a274807b09beb5f1c61f9a745a39c8aef500496437f91577da3	
devel/usr/share/alsa/cards/GUS.conf	file	0o644	794	8600e6ec5e856554f663eed45dd5a841d8f0b74152d938f73b21f956ee470c93	
devel/usr/share/alsa/cards/HDA-Intel.conf	file	0o644	2714	c7b8124d3ee17d9a23700ff5bf3e7d9f9d393a44aae56513ebbe1af20c2c51d2	
devel/usr/share/alsa/cards/ICE1712.conf	file	0o644	1871	e63fe520612f1f8e7e20bb9448b9c84b51d99903cd137ea67d2f23f2ba5afa25	
devel/usr/share/alsa/cards/ICE1724.conf	file	0o644	2861	3fe7b241f4a624da109b02e109ed80051325fd87e4c35589743c12049de03be7	
devel/usr/share/alsa/cards/ICH-MODEM.conf	file	0o644	192	3b455ac43aeaf36887eec1300c2580fe645499c8f6ef277f193635b0bd5b26c3	
devel/usr/share/alsa/cards/ICH.conf	file	0o644	3024	f9c75faa00c955c5598525617a2d910dd1ffd652dad4f02a47474ee0056f989c	
devel/usr/share/alsa/cards/ICH4.conf	file	0o644	2856	7f9960dfd64c36137ed73c81851ef1bc55bdcfe00e13593b985cb1dab2c0b2f3	
devel/usr/share/alsa/cards/Maestro3.conf	file	0o644	558	9291749b971d36f4f436127d105641031b44dde0da9ea0411937fb4e34897f24	
devel/usr/share/alsa/cards/NFORCE.conf	file	0o644	4773	e9ab25f002c5e29c4d475f7676c7e6feee93eea9a9f5955c868fb229293d9a26	
devel/usr/share/alsa/cards/PC-Speaker.conf	file	0o644	657	d6c8185b9a3bcfa829632ea2238ea1804f9eb7568d2047bdaf8e519e883146ee	
devel/usr/share/alsa/cards/PMac.conf	file	0o644	486	c79d68b2205708c68f073c4b3e86006c0b1fcbe2d93026f69f3b0671fcf97a29	
devel/usr/share/alsa/cards/PMacToonie.conf	file	0o644	705	778ac126c680298a4ca4f9e004098466bf51298433b91ca8ba850647e6b3e680	
devel/usr/share/alsa/cards/PS3.conf	file	0o644	1152	cddd47a62dcb70aa209d2788f743c469a3d799a0e1093fea5d200837a5ea6f9a	
devel/usr/share/alsa/cards/RME9636.conf	file	0o644	780	4c372e8777d554e4cf9b10ece78d967ef06daadaa0362d46468f927d9062ef5f	
devel/usr/share/alsa/cards/RME9652.conf	file	0o644	780	8a065a1bc0f7e9843e54fc098ccebb049dc85981d93f7e1a24db26f958f33339	
devel/usr/share/alsa/cards/SI7018	dir	0o755			
devel/usr/share/alsa/cards/SI7018.conf	file	0o644	2189	26f64f56720925ff6dcb4689acd45b48da21798c0b5e976388e6798b96c11a7d	
devel/usr/share/alsa/cards/TRID4DWAVENX.conf	file	0o644	1733	ef288816706d5013d91a213b54c46a38820e57e8f71863641c13854a347d7266	
devel/usr/share/alsa/cards/USB-Audio.conf	file	0o644	5894	30a780d834b10b24e8a562f2f61a359765b9d338c201cc49c4254f328bb06014	
devel/usr/share/alsa/cards/VIA686A.conf	file	0o644	1199	13d828536619f7b9aa16d00b6d8231e5e26266aa417dec1c5f293c9d6263e5ce	
devel/usr/share/alsa/cards/VIA8233.conf	file	0o644	2726	939fa6357a9e66704ddfa96ec938ca394b653346077f418f54e787d71381cb5f	
devel/usr/share/alsa/cards/VIA8233A.conf	file	0o644	2782	6e764bac3030eb6c4f5915240c098713d1595ca78bbd0a57ca95874fa9a37efd	
devel/usr/share/alsa/cards/VIA8237.conf	file	0o644	2556	0f0e315ee372cba39bfcbb4e4e244114dd77410129fb81cb606adbec9c9a28e1	
devel/usr/share/alsa/cards/VX222.conf	file	0o644	830	39f4fedef3fdab641b954608f8f5f2c1d3ed4c1bb919929286b87a668f586529	
devel/usr/share/alsa/cards/VXPocket.conf	file	0o644	839	c5d14491b5de612c7bbc69b4b5989fd1002d93f6fd6a3a672249951f9367a515	
devel/usr/share/alsa/cards/VXPocket440.conf	file	0o644	1480	600ac09279191aded92809840171fdf6184663c6bc8e0c188df255862536e8e7	
devel/usr/share/alsa/cards/YMF744.conf	file	0o644	1357	d024c523af4e2dbcf967e88b2101ce340bc8dd1c1fa5f5ef3746fffe4ec11d7f	
devel/usr/share/alsa/cards/aliases.alisp	file	0o644	687	1977a320f0525b61e33062c258737514af201c0159b5f7de475fa90da3622088	
devel/usr/share/alsa/cards/aliases.conf	file	0o644	1322	48477c92655f2e862785d9c4a8fd49ed1001cce6e9c58c0782a4a9912ffc549d	
devel/usr/share/alsa/cards/SI7018/sndoc-mixer.alisp	file	0o644	251	667a4cc6bd2489079916b8126adac36e85044e1fd4a72559bfbc88b1cb1df354	
devel/usr/share/alsa/cards/SI7018/sndop-mixer.alisp	file	0o644	251	10736ba82049485c87c0aca251dddbff202ca162461fb02c2d98fed078cb9d9c	
devel/usr/share/alsa/pcm/center_lfe.conf	file	0o644	805	e0f1d7c2b3bdf6acf3736b008824bcd274c33998072b3a1a0c74426753e12cc1	
devel/usr/share/alsa/pcm/default.conf	file	0o644	762	ec4e9a2f87b3f68002b98d52ba978f001d8d4ef4abd2af27a9b3ad16f4fc4f6d	
devel/usr/share/alsa/pcm/dmix.conf	file	0o644	1520	314e6fdddd19b1df00bef852962cd45acefab1667f8260922c5297dc6ec97b97	
devel/usr/share/alsa/pcm/dpl.conf	file	0o644	645	ccec7c194270433c2dcdf3622b2ef25e3197020da800662c6111ff8b8638f30b	
devel/usr/share/alsa/pcm/dsnoop.conf	file	0o644	1532	bb90aced45e5007573b75bca2617d082c998bed17d350a1aaa6a7d14b16b09f7	
devel/usr/share/alsa/pcm/front.conf	file	0o644	752	f89b6abc45ddf345cba76120a2c4d95078a7fa37a960ce163445a71b23d594bd	
devel/usr/share/alsa/pcm/hdmi.conf	file	0o644	1188	dcda96095dc321c6b336bb9e1e9ff519c06a041707e155e29e432eff25f427f8	
devel/usr/share/alsa/pcm/iec958.conf	file	0o644	1213	7bc676caeacf1e4e64b7d5c47ada8e7a1ee2ae61b973aa7b36821244e3b03da3	
devel/usr/share/alsa/pcm/modem.conf	file	0o644	1314	c9ceedecf7a20b212c7ab641a3bf3f03a2b8a8720cb40c0547458e0f5f4024c5	
devel/usr/share/alsa/pcm/rear.conf	file	0o644	744	d4303cffe70f686507966660719f605049e2a8fbb38ed3773614da3fce026802	
devel/usr/share/alsa/pcm/side.conf	file	0o644	744	caf5ac243333775f9a56df77d1e4c0b47f8ec09e75a1b2f81207809b322a3d61	
devel/usr/share/alsa/pcm/surround40.conf	file	0o644	877	b9225ddc8b8c4fd904719b0620474553f78d225b4273e08a3449f7cff155be35	
devel/usr/share/alsa/pcm/surround41.conf	file	0o644	992	0d1ba5e6358e1ab03db4583e0396665dc00b7267a4d267fe9fd739131b2f8bdf	
devel/usr/share/alsa/pcm/surround50.conf	file	0o644	992	87e96a8046301ace9f2cd352a0941756104d73de499c35f5fce1e381e6e134f1	
devel/usr/share/alsa/pcm/surround51.conf	file	0o644	930	567c4823c5747bb48baf81f9b95530267779505f1b232cbec0fa67884db51767	
devel/usr/share/alsa/pcm/surround71.conf	file	0o644	978	e44b72c02867d8ddb13f32343e4d785b1f5f3e23b4b38fea3e10c55dedfdcf39	
devel/usr/share/alsa/speaker-test/sample_map.csv	file	0o644	118	3702097eec15f2151e676b6b618d34474488785a469fc2f64035cf77e94de64b	
devel/var/sa	dir	0o755			
etc/AppList.conf	file	0o644	652	806e989f24c38e25c8ac19b2984ceb0505a86e1ef9c04af9c71be0b3f2a2fedc	
etc/exfatfuse.conf	file	0o644	30	8af3811f328fd042d3ff1fdf714e19d3f9efae90cb2b9f6bbdf9c82146aaea5b	
etc/firmversion	file	0o644	42	a76c4c884174f81c2fa32a3fd9a30168683f2b78270377e7c1f3c58d9e526e7a	
etc/fstab	file	0o644	644	a32dcdad8ebd210e454a47463408a73a4fee9b92b47e69ed4a44d847bbe07cd0	
etc/icx_models	file	0o755	589	30688e500760c6c07a88b76c7f64f0103852f8c6e9a330a64839d7f6302ad206	
etc/inittab	file	0o644	375	0e42be97dd6377a2d3ad44d03021827e19d3e2c0291e5792ed1cac9cbd647b25	
etc/ld.so.cache	link	0o777			../devel/etc/ld.so.cache
etc/ld.so.conf	link	0o777			../devel/etc/ld.so.conf
etc/mdadm.conf	file	0o644	108	029960f1a08486671d91dadb64bfc47acb87eba2acf009d96a78cc34203645a4	
etc/motd	link	0o777			../devel/etc/motd
etc/mtab	link	0o777			../proc/mounts
etc/passwd	file	0o644	510	76199046033ca67cd58cd017afb524652e6d48ea3986cd5a90df193753e8fc8b	
etc/profile	file	0o644	712	61944555ae8bce3b04d0d658f103fc6f7a2e3f097b52674370f138de7cdc1730	
etc/rc.d	dir	0o755			
etc/sysconfig	dir	0o755			
etc/udev	dir	0o755			
etc/rc.d/gemini	file	0o755	3429	9433ec6440c187cc8ece3fc906fe34bb9d437e979172313f1a37ec363062ca50	
etc/rc.d/icx_console	file	0o755	705	2abef7a32a553c0643057b79d2ee42149114b45fc93ba95f2de0f5a41cab582d	
etc/rc.d/icx_driver	file	0o755	2771	5d68718ae9765d514a6fcf6bdb8783022a201e31316ff64fcac58b7029828a66	
etc/rc.d/icx_firmversion	link	0o777			wm_firmversion
etc/rc.d/icx_helper	file	0o755	436	e0234ef1fead5e8b88380cc808f71cc7c23ca5801bd7116c150c4e462e376152	
etc/rc.d/icx_init	file	0o755	709	895f09cc76c60f16703c09d9f2d5f2e6c14f86d263c534750bc7db1e290900c9	
etc/rc.d/icx_iptables	file	0o755	933	f4d0c811f5a42c7f1d847fbd396a44d076bb4312b060bc63dc90199e611f6368	
etc/rc.d/icx_netstart	file	0o755	1434	88fdcf147588a65e3014bbd95179f69e3e27be5316ca42ff33c386e0ec1c148a	
etc/rc.d/icx_sysinfo	file	0o755	1130	055395c6c0884b19c91625e6f2c0d030b11a97d8482a9096194916cba6bc6b8f	
etc/rc.d/icx_telnetd	file	0o755	387	a6b4796edad46f18ac5fc046741450f6ff4696016761b6cffc40b16e183e4de3	
etc/rc.d/icx_udev	file	0o755	9062	f378031f6c9cc8ff7e021449507052c66c23dced9e5d912db74268a4c3b449c9	
etc/rc.d/init.d	dir	0o755			
etc/rc.d/rcS	file	0o755	114	51e14546ec7123c5125665969264797cf71568b97abc1517a6370c6ba7e0d59e	
etc/rc.d/wm_firmversion	file	0o755	435	dce8f675d65f67f69205480bd55b78319621df751bd8a44af7aea5f07873b1cb	
etc/udev/links.conf	file	0o644	417	baa6587d398668d4dd3094dc4b225fd72891944ebc0e8df869af492921acf824	
etc/udev/rules.d	dir	0o755			
etc/udev/udev.conf	file	0o644	226	87bd9c62f416de1a4100d19d7c5951437f8b81692e7d457b24da1daf8412c8f6	
etc/udev/rules.d/icx.rules	file	0o644	1859	22c613af869f6ac8f62d04aa667d9fdd4eb4b3ab8eb115a8527b34cadda09aa9	
home/omf	dir	0o755			
mnt/emmc	dir	0o755			
mnt/media	dir	0o755			
mnt/sd	dir	0o755			
var/lib	dir	0o755			
var/log	dir	0o755			
var/run	dir	0o755			
var/lib/stateless	dir	0o755			
var/lib/stateless/state	dir	0o755			
var/lib/stateless/writable	dir	0o755			
var/run/netreport	dir	0o755			
var/run/utmp	link	0o777			../../devel/var/run/utmp
